{
    "design_id": 1,
    "inputs": {
        "cruise_altitude": 4,
        "aircraft_type": "PROP",
        "wing_type": "LOW",
        "tail_type": "T_TAIL",
        "n_wings": 1,
        "n_fuselages": 1,
        "depth": 0.1,
        "jet_consumption": 2.7e-05,
        "prop_consumption": 2.1e-08,
        "prop_efficiency": 0.85,
        "Cd0": 0.018449653532045102,
        "oswald_factor": 0.85,
        "aspect_ratio": 6,
        "aspect_h": 4.5,
        "aspect_v": 1.5,
        "sweep_h": 21,
        "sweep_hc4": 0,
        "sweep_vc4": 0,
        "taper_h": 0.3,
        "sweep_v": 10,
        "taper_v": 0.6,
        "tfo": 0.001,
        "n_engines": 6.0,
        "CLmax_clean": 1.6,
        "CLmax_takeoff": 2.4,
        "CLmax_landing": 2.4,
        "CL_hydro": 0.5,
        "r_float": 4.416363005162699,
        "upsweep": 11,
        "xcg_OEW": 0.4,
        "V_h": 0.9,
        "V_v": 0.083867,
        "h_position": 0.9343756336158446,
        "v_position": 0.9207996293880999,
        "xc_OEW": 0.2,
        "xc_wing": 0.4,
        "xc_fuselage": 0.4,
        "mf_wing": 0.08,
        "mf_fuselage": 0.08,
        "ltcd": 4.5,
        "lnd": 1.5,
        "lfd": 8.5,
        "engine_power": 8202000
    },
    "requirements": {
        "design_range": 3704000,
        "design_payload": 90000,
        "design_crew": 425,
        "ferry_range": 12038000,
        "ferry_payload": 0,
        "reserve_range": 185200,
        "ferry_crew": 170,
        "altitude_range_WIG": 943600,
        "altitude_range_WOG": 538000,
        "altitude_payload": 90000,
        "altitude_crew": 425,
        "cruise_speed": 115.749,
        "stall_speed_clean": 77.16,
        "stall_speed_takeoff": 61.9,
        "stall_speed_landing": 61.9,
        "stall_speed_high": 82.3,
        "high_altitude": 3048.0,
        "cargo_width": 3.5,
        "cargo_height": 4,
        "cargo_length": 7.32,
        "cargo_density": 160
    },
    "outputs": {
        "general": {
            "d_fuselage": 8.832726010325398,
            "r_fuselage": 4.416363005162699,
            "l_fuselage": 75.07817108776588,
            "l_tailcone": 39.747267046464295,
            "l_nose": 13.249089015488098,
            "l_cargo_straight": 15.316351424067726,
            "LD_g": 14.734517580338172,
            "Re": 4850602117.146465,
            "Cd_water": 0.0012696487711144299,
            "hull_surface": 227.12738815886908,
            "take_off_power": 46574052.278447144,
            "take_off_thrust": null,
            "V_lof": 64.995,
            "xcg_payload": 0.44404883931977346
        },
        "design": {
            "MTOW": 2580566.9111108473,
            "total_fuel": 418260.1924522131,
            "OEW": 1272656.901747523,
            "EW": 1272231.901747523,
            "ZFW": 2162306.718658634,
            "MTOM": 263054.73100008635,
            "S": 513.2651460671009,
            "b": 55.49406163187738,
            "MAC": 9.249010271979564,
            "h_b": 0.07207978443773316,
            "k": 1.650730348111334,
            "WP": 0.09420272343540041,
            "TW": null,
            "WS": 5027.539614379501,
            "P": 27393761.209891908,
            "T": null,
            "LD": 24.3227153346442,
            "max_fuel": 460086.2116974344,
            "mission_fuel": 414266.115832529,
            "reserve_fuel": 3994.076619684114,
            "Mff": 0.837919260821582,
            "fuel_economy": 0.07535797229957293
        },
        "ferry": {
            "MTOW": 778614.4864173988,
            "total_fuel": 137374.90883778344,
            "OEW": 636291.7130931979,
            "EW": 636121.7130931979,
            "ZFW": 641239.5775796154,
            "MTOM": 79369.46854407735,
            "S": 154.85055971394826,
            "b": 30.481196798742822,
            "MAC": 5.080199466457136,
            "fuel_economy": 0,
            "h_b": 0.13122844310906379,
            "k": 1.400822861508332,
            "WP": 0.08733720904371695,
            "TW": null,
            "WS": 5027.539614379501,
            "P": 8915037.41581278,
            "T": null,
            "LD": 20.640449079834145,
            "max_fuel": 151112.3997215618,
            "mission_fuel": 135978.9139020097,
            "reserve_fuel": 1395.9949357737496,
            "Mff": 0.8235649204654797,
            "fuel_mission": 116627.08222187468,
            "fuel_reserve": 2339.5820760255447
        },
        "altitude": {
            "MTOW": 2421938.199244261,
            "OEW": 1216636.671263277,
            "EW": 1216211.671263277,
            "ZFW": 2106127.8594625215,
            "MTOM": 246884.62785364533,
            "S": 481.7328909293328,
            "b": 53.76241573419108,
            "MAC": 8.960402622365182,
            "h_b": 0.07440141863744666,
            "k": 1.6351444534435688,
            "WP": 0.09420272343540041,
            "TW": null,
            "WS": 5027.539614379501,
            "P": 25709853.292140823,
            "T": null,
            "LD": 24.093064695656718,
            "Mff": 0.8696042946594242,
            "total_fuel": 315810.3397817393,
            "mission_fuel": 311882.9169722583,
            "reserve_fuel": 3927.4228094809805,
            "max_fuel": 347391.37375991326,
            "fuel_economy": 0.1368284207700067
        },
        "max": {
            "MTOM": 263054.73100008635,
            "S": 513.2651460671009,
            "b": 55.49406163187738,
            "MAC": 9.249010271979564,
            "fuel_economy": 0.07535797229957293,
            "OEW": 1272656.901747523,
            "total_fuel": 418260.1924522131,
            "max_fuel": 460086.2116974344,
            "mission_fuel": 414266.115832529,
            "reserve_fuel": 3994.076619684114,
            "Mff": 0.8235649204654797,
            "LD": 24.3227153346442,
            "MTOW": 2580566.9111108473
        },
        "wing_design": {
            "taper_ratio": 0.4,
            "sweep_c_4": 0,
            "dihedral": 5,
            "sweep_x_c": 4.085616779974877,
            "chord_root": 13.212871817113662,
            "chord_tip": 5.285148726845465,
            "y_MAC": 11.891584635402296,
            "X_LEMAC": 30.031268435106355,
            "X_LE": 29.18186953257762,
            "MAC": 9.81527620699872,
            "S": 513.2651460671009,
            "b": 55.49406163187738,
            "aspect_ratio": 6
        },
        "cg_range": {
            "most_aft_cg": 32.01081248848581,
            "most_aft_mission": "DESIGN_OEW_PAYLOAD_FUEL",
            "most_forward_cg": 30.031268435106355,
            "most_forward_mission": "DESIGN_OEW"
        },
        "empennage_design": {
            "vertical_tail": {
                "S": 64.40989477343618,
                "l_v": 37.0874355508584,
                "mac": 10.731668352743815,
                "b": 9.829284926186354,
                "chord_root": 7.709243079361846,
                "chord_tip": 5.396470155553292,
                "sweep": 10,
                "taper": 0.7,
                "MAC": 6.620879350510762,
                "aspect_ratio": 1.5,
                "LE_pos": 67.06892800840404,
                "relative_pos_mac/4": 0.9207996293880999
            },
            "horizontal_tail": {
                "S": 118.96416609217795,
                "l_h": 38.11278141481331,
                "mac": 6.001306854000643,
                "b": 23.137388517609345,
                "chord_root": 7.910218296618579,
                "chord_tip": 2.373065488985574,
                "sweep": 21,
                "sweep_hc4": 30,
                "taper": 0.3,
                "MAC": 5.638565862717859,
                "sweep_c_4": 0,
                "aspect_ratio": 4.5,
                "tail_height": 18.662010936511752,
                "LE_pos": 66.91970322715997,
                "relative_pos_mac/4": 0.9343756336158446
            }
        }
    },
    "kinematic_viscosity": 1.006e-06,
    "rho_water": 1000,
    "viscosity_air": 1.484e-05,
    "rho_air": 1.225
}