{
    "design_id": 2,
    "aircraft_type": "MIXED",
    "cruise_altitude": 7,
    "n_wings": 1,
    "design_range": 3704000,
    "design_payload": 90000,
    "design_crew": 425,
    "ferry_range": 12038000,
    "ferry_payload": 0,
    "ferry_crew": 425,
    "altitude_range_WIG": 943600,
    "altitude_range_WOG": 538000,
    "altitude_payload": 90000,
    "altitude_crew": 425,
    "cruise_speed": 115.749,
    "jet_consumption": 2.7e-05,
    "prop_consumption": 2.18e-08,
    "prop_efficiency": 0.82,
    "Cd0": 0.02,
    "oswald_factor": 0.85,
    "aspect_ratio": 10,
    "Cl_alpha": 5.0,
    "tfo": 0.001,
    "reserve_fuel": 0,
    "k": 1.5320273115197252,
    "n_engines": 8,
    "CLmax_clean": 1.5,
    "CLmax_takeoff": 1.6,
    "CLmax_landing": 1.8,
    "stall_speed_clean": 77.16,
    "stall_speed_takeoff": 61.728,
    "stall_speed_landing": 51.44,
    "high_altitude": 3048.0,
    "L": 70,
    "r": 4,
    "hull_surface": 251.32741228718345,
    "design": {
        "MTOW": 2642008.009150201,
        "fuel_used": 439780.7189899248,
        "fuel_res": 0.0,
        "fuel": 439780.7189899248,
        "OEW": 1294355.019527517,
        "ZFW": 2184066.277536667,
        "EW": 1293930.019527517,
        "MTOM": 269317.83987259946,
        "WS": 3332.132469647425,
        "Fuel": 457941.7316135338,
        "Fuel_used": 457941.7316135338,
        "Fuel_reserve": 0.0,
        "S": 792.936447432355,
        "b": 89.04697902974334,
        "MAC": 8.904697902974334,
        "h_b": 0.07861019066870163,
        "fuel_economy": 0.1707709029632272,
        "TW": 0.13876244648848052,
        "WP": 0.11856114336280847,
        "take_off_thrust": null,
        "take_off_power": 53392355.25717556,
        "aspect_ratio": 10,
        "cruise_altitude": 7,
        "k": 1.4964207754084111,
        "design_payload": 90000,
        "P": 22283928.226513498,
        "T": 366611.4949918417
    },
    "ferry": {
        "take_off_power": 53392355.25717556,
        "take_off_thrust": null,
        "MTOM": 80448.90990986266,
        "MTOW": 789203.8062157527,
        "OEW": 640031.3648169932,
        "ZFW": 644989.8186232089,
        "EW": 639606.3648169932,
        "Fuel": 144213.98759254377,
        "Fuel_used": 144213.98759254377,
        "Fuel_reserve": 0.0,
        "S": 236.83834287793186,
        "aspect_ratio": 10,
        "b": 48.66603978935741,
        "MAC": 4.866603978935741,
        "cruise_altitude": 7,
        "h_b": 0.14383746921463708,
        "k": 1.27472229346652,
        "WP": 0.11490136009341861,
        "TW": 0.13888312365379732,
        "WS": 3332.132469647425,
        "ferry_payload": 0,
        "P": 6868533.197292912,
        "T": 109607.08980670989
    },
    "altitude": {
        "take_off_power": 53392355.25717556,
        "take_off_thrust": null,
        "MTOM": 315602.7878029988,
        "MTOW": 3096063.3483474185,
        "OEW": 1454706.096297425,
        "ZFW": 2344871.4096457725,
        "EW": 1454281.096297425,
        "Fuel": 751191.938701646,
        "Fuel_used": 751191.938701646,
        "Fuel_reserve": 0.0,
        "S": 929.1182516606449,
        "aspect_ratio": 10,
        "b": 96.39078024690146,
        "MAC": 9.639078024690146,
        "cruise_altitude": 7,
        "h_b": 0.07262105340437909,
        "k": 1.5320273115197252,
        "WP": 0.11902180609007135,
        "TW": 0.13889286654144112,
        "WS": 3332.132469647425,
        "fuel_economy": 0.7003168570092059,
        "altitude_payload": 90000,
        "P": 26012572.40210614,
        "T": 430021.11344586534
    },
    "gravitational_acceleration": 9.81,
    "kinematic_viscosity": 1.002e-06,
    "rho_water": 1000.0
}