{
    "design_id": 2,
    "inputs": {
        "cruise_altitude": 8,
        "aircraft_type": "PROP",
        "wing_type": "HIGH",
        "n_wings": 1,
        "n_fuselages": 2,
        "depth": 0.1,
        "jet_consumption": 2.7e-05,
        "prop_consumption": 2.1e-08,
        "prop_efficiency": 0.85,
        "Cd0": 0.027088722573270572,
        "oswald_factor": 0.85,
        "aspect_ratio": 10,
        "tfo": 0.001,
        "n_engines": 8,
        "CLmax_clean": 1.5,
        "CLmax_takeoff": 1.7,
        "CLmax_landing": 1.7,
        "CL_hydro": 0.5,
        "r_float": 3.1024023952751247,
        "upsweep": 11,
        "xcg_OEW": 0.4,
        "xcg_payload": 0.55,
        "V_h": 0.9,
        "V_v": 0.083867,
        "k": 1.2261010000485446,
        "xc_OEW": 0.2,
        "xc_wing": 0.4,
        "xc_fuselage": 0.4,
        "mf_wing": 0.12,
        "mf_fuselage": 0.2
    },
    "requirements": {
        "design_range": 3704000,
        "design_payload": 90000,
        "design_crew": 425,
        "ferry_range": 12038000,
        "reserve_range": 185200,
        "ferry_payload": 0,
        "ferry_crew": 170,
        "altitude_range_WIG": 943600,
        "altitude_range_WOG": 538000,
        "altitude_payload": 90000,
        "altitude_crew": 425,
        "cruise_speed": 115.749,
        "stall_speed_clean": 77.16,
        "stall_speed_takeoff": 61.9,
        "stall_speed_landing": 61.9,
        "stall_speed_high": 82.3,
        "high_altitude": 3048.0,
        "cargo_width": 3.5,
        "cargo_height": 4,
        "cargo_length": 7.32,
        "cargo_density": 160
    },
    "outputs": {
        "general": {
            "d_fuselage": 6.2048047905502495,
            "r_fuselage": 3.1024023952751247,
            "l_fuselage": 52.740840719677124,
            "l_tailcone": 27.921621557476122,
            "l_nose": 9.307207185825375,
            "l_cargo_straight": 8.74654837462985,
            "Re": 3407446264.9855022,
            "Cd_water": 0.0013218773711531056,
            "hull_surface": 224.16418708256532,
            "take_off_power": 47857314.10082371,
            "take_off_thrust": null,
            "V_lof": 64.995,
            "LD_g": 15.698571698066708
        },
        "design": {
            "MTOW": 2610506.5087510017,
            "total_fuel": 437596.5870503539,
            "OEW": 1283230.1651918967,
            "EW": 1282805.1651918967,
            "ZFW": 2172909.921700648,
            "MTOM": 266106.6777523957,
            "S": 733.3285868477615,
            "b": 85.63460672226863,
            "MAC": 8.563460672226862,
            "fuel_economy": 0.07801178564556946,
            "h_b": 0.09342017562999634,
            "k": 1.4243113032379462,
            "WP": 0.08663144265464953,
            "TW": null,
            "WS": 3559.8064228808703,
            "P": 30133476.12318557,
            "T": null,
            "LD": 22.35946572123698,
            "max_fuel": 481356.2457553893,
            "mission_fuel": 428854.9498130943,
            "reserve_fuel": 8741.637237259594,
            "Mff": 0.8323710032580144
        },
        "ferry": {
            "MTOW": 792561.6497470341,
            "total_fuel": 146382.6402344421,
            "OEW": 641217.1978628449,
            "EW": 641047.1978628449,
            "ZFW": 646179.009512592,
            "MTOM": 80791.19773160388,
            "S": 222.641768658086,
            "b": 47.184930715015994,
            "MAC": 4.7184930715016,
            "fuel_economy": 0,
            "h_b": 0.1695456553347042,
            "k": 1.2285118940740782,
            "WP": 0.08663254450896732,
            "TW": null,
            "WS": 3559.8064228808703,
            "P": 9148544.051652508,
            "T": null,
            "LD": 19.28588205104965,
            "max_fuel": 161020.90425788634,
            "mission_fuel": 143367.7961092619,
            "reserve_fuel": 3014.844125180214,
            "Mff": 0.8153044116111803
        },
        "altitude": {
            "MTOW": 2425044.5258786967,
            "total_fuel": 317816.5510300029,
            "OEW": 1217733.680322815,
            "EW": 1217308.680322815,
            "ZFW": 2107227.9748486937,
            "MTOM": 247201.2768479813,
            "S": 681.2293245913787,
            "b": 82.53661760645264,
            "MAC": 8.253661760645263,
            "fuel_economy": 0.13567425620701482,
            "h_b": 0.09692667608630678,
            "k": 1.4098587672018148,
            "WP": 0.08663254450896732,
            "TW": null,
            "WS": 3559.8064228808703,
            "P": 27992304.042595457,
            "T": null,
            "LD": 22.132768941065628,
            "max_fuel": 349598.2061330032,
            "mission_fuel": 309252.14619710646,
            "reserve_fuel": 8564.404832896427,
            "Mff": 0.8689440347843327
        },
        "max": {
            "MTOM": 266106.6777523957,
            "S": 733.3285868477615,
            "b": 85.63460672226863,
            "MAC": 8.563460672226862,
            "fuel_economy": 0.07801178564556946,
            "OEW": 1283230.1651918967,
            "total_fuel": 437596.5870503539,
            "max_fuel": 481356.2457553893,
            "mission_fuel": 428854.9498130943,
            "reserve_fuel": 8741.637237259594,
            "Mff": 0.8153044116111803,
            "MTOW": 1720912.5750032095,
            "LD": 22.35946572123698
        },
        "wing_design": {
            "taper_ratio": 0.4,
            "sweep_c_4": 0,
            "dihedral": 1,
            "sweep_x_c": 2.454031674527076,
            "chord_root": 12.233362744080738,
            "chord_tip": 4.893345097632295,
            "y_MAC": 18.35004411612111,
            "X_LEMAC": 20.369325016222625,
            "X_LE": 19.58289455410315,
            "MAC": 9.087640895602835,
            "S": 733.3103037384867,
            "b": 85.63353920856517,
            "aspect_ratio": 10
        },
        "cg_range": {
            "most_aft_cg": 24.45416780788691,
            "most_aft_mission": "ALTITUDE_OEW_PAYLOAD_FUEL",
            "most_forward_cg": 21.09633628787085,
            "most_forward_mission": "DESIGN_OEW"
        },
        "empennage_design": {
            "S_h": 245.5888877861123,
            "S_v": 228.85336946619864,
            "l_h": 23.0125888398225,
            "l_v": 23.0125888398225
        }
    },
    "kinematic_viscosity": 1.006e-06,
    "rho_water": 1000,
    "viscosity_air": 1.48e-05,
    "rho_air": 1.225
}