{
    "design_id": 3,
    "inputs": {
        "cruise_altitude": 6,
        "aircraft_type": "PROP",
        "wing_type": "HIGH",
        "n_wings": 1,
        "n_fuselages": 1,
        "depth": 0.15,
        "jet_consumption": 2.7e-05,
        "prop_consumption": 2.18e-08,
        "prop_efficiency": 0.82,
        "Cd0": 0.028115017191112573,
        "oswald_factor": 0.85,
        "aspect_ratio": 10,
        "Cl_alpha": 5.0,
        "tfo": 0.001,
        "reserve_fuel": 0,
        "n_engines": 8,
        "CLmax_clean": 1.5,
        "CLmax_takeoff": 1.7,
        "CLmax_landing": 1.7,
        "r_float": 1.5,
        "k": 1.536636193273548,
        "upsweep": 11
    },
    "requirements": {
        "design_range": 3704000,
        "design_payload": 90000,
        "design_crew": 425,
        "ferry_range": 12038000,
        "reserve_range": 185200,
        "ferry_payload": 0,
        "ferry_crew": 425,
        "altitude_range_WIG": 943600,
        "altitude_range_WOG": 538000,
        "altitude_payload": 90000,
        "altitude_crew": 425,
        "cruise_speed": 115.749,
        "stall_speed_clean": 77.16,
        "stall_speed_takeoff": 61.9,
        "stall_speed_landing": 61.9,
        "stall_speed_high": 82.3,
        "high_altitude": 3048.0,
        "cargo_width": 3.5,
        "cargo_height": 4,
        "cargo_length": 7.32,
        "cargo_density": 160
    },
    "outputs": {
        "general": {
            "d_fuselage": 8.832726010325398,
            "r_fuselage": 4.416363005162699,
            "l_fuselage": 75.07817108776588,
            "l_tailcone": 39.747267046464295,
            "l_nose": 13.249089015488098,
            "l_cargo_straight": 15.316351424067726,
            "LD": 23.678614388527304,
            "Re": 4850602117.146465,
            "Cd": 0.0012696487711144299,
            "hull_surface": 358.30253673344384,
            "take_off_power": 76160445.50231826,
            "take_off_thrust": null,
            "V_lof": 64.995,
            "LD_g": 15.40938218960205
        },
        "design": {
            "MTOW": 2665116.0495027415,
            "total_fuel": 472865.98650890385,
            "fuel_mission": 447684.4077053005,
            "fuel_reserve": 25181.578803603363,
            "OEW": 1302515.696944335,
            "EW": 1302090.696944335,
            "ZFW": 2192250.0629938375,
            "MTOM": 271673.3995415639,
            "S": 748.4995019532673,
            "b": 86.51586570989551,
            "MAC": 8.65158657098955,
            "fuel_economy": 0.16694584762349335,
            "h_b": 0.06935144150460408,
            "k": 1.5534698524497057,
            "WP": 0.08124773462698702,
            "TW": null,
            "WS": 3560.4901079751935,
            "P": 32802342.880554654,
            "T": null
        },
        "ferry": {
            "MTOW": 803883.3424986819,
            "total_fuel": 153694.71974853464,
            "fuel_mission": 150869.00399831348,
            "fuel_reserve": 2825.715750221163,
            "OEW": 645215.4894076486,
            "EW": 644790.4894076486,
            "ZFW": 650188.6227501472,
            "MTOM": 81945.29485205727,
            "S": 225.76741134353065,
            "b": 47.514988303011364,
            "MAC": 4.751498830301136,
            "fuel_economy": 0,
            "h_b": 0.1262759439555568,
            "k": 1.3154256734910494,
            "WP": 0.08124773462698702,
            "TW": null,
            "WS": 3560.4901079751935,
            "P": 9894224.696717467,
            "T": null
        },
        "altitude": {
            "MTOW": 2479643.0918261143,
            "total_fuel": 353078.8624458356,
            "fuel_mission": 328699.3380273465,
            "fuel_reserve": 24379.524418489134,
            "OEW": 1237015.3362884528,
            "EW": 1236590.3362884528,
            "ZFW": 2126564.229380279,
            "MTOM": 252766.8799007252,
            "S": 696.4108601148943,
            "b": 83.45123486892774,
            "MAC": 8.345123486892776,
            "fuel_economy": 0.306437909472488,
            "h_b": 0.07189827699283144,
            "k": 1.536636193273548,
            "WP": 0.08124773462698702,
            "TW": null,
            "WS": 3560.4901079751935,
            "P": 30519535.13793704,
            "T": null
        },
        "max": {
            "MTOM": 271673.3995415639,
            "S": 748.4995019532673,
            "b": 86.51586570989551,
            "MAC": 8.65158657098955,
            "fuel_economy": 0.16694584762349335
        },
        "wing_design": {
            "taper_ratio": 0.4,
            "sweep_c_4": 0,
            "dihedral": 1,
            "sweep_x_c": 2.454031674527076,
            "chord_root": 12.359409387127931,
            "chord_tip": 4.943763754851172,
            "y_MAC": 18.539114080691895,
            "X_LEMAC": 21.056440000000002,
            "X_LE": 20.26190653939892,
            "MAC": 9.181275544723606,
            "S": 748.4995019532673,
            "b": 86.51586570989551,
            "aspect_ratio": 10
        }
    },
    "kinematic_viscosity": 1.006e-06,
    "rho_water": 1000
}