{
    "design_id": 5,
    "aircraft_type": "MIXED",
    "cruise_altitude": 5,
    "n_wings": 1,
    "design_range": 3704000,
    "design_payload": 90000,
    "design_crew": 425,
    "ferry_range": 12038000,
    "ferry_payload": 0,
    "ferry_crew": 425,
    "altitude_range_WIG": 943600,
    "altitude_range_WOG": 538000,
    "altitude_payload": 90000,
    "altitude_crew": 425,
    "cruise_speed": 115.749,
    "jet_consumption": 2.7e-05,
    "prop_consumption": 2.18e-08,
    "prop_efficiency": 0.82,
    "Cd0": 0.02,
    "oswald_factor": 0.85,
    "aspect_ratio": 10,
    "Cl_alpha": 5.0,
    "tfo": 0.001,
    "reserve_fuel": 0,
    "k": 1.7007304201580198,
    "n_engines": 8,
    "CLmax_clean": 1.5,
    "CLmax_takeoff": 1.6,
    "CLmax_landing": 1.8,
    "stall_speed_clean": 77.16,
    "stall_speed_takeoff": 61.728,
    "stall_speed_landing": 51.44,
    "high_altitude": 3048.0,
    "L": 70,
    "r": 4,
    "hull_surface": 251.32741228718345,
    "design": {
        "take_off_power": 53392355.25717556,
        "take_off_thrust": null,
        "MTOM": 265917.9784094603,
        "MTOW": 2608655.3681968055,
        "OEW": 1282576.4290599923,
        "ZFW": 2172254.334428189,
        "EW": 1282151.4290599923,
        "Fuel": 436401.0337686166,
        "Fuel_used": 436401.0337686166,
        "Fuel_reserve": 0.0,
        "S": 782.7761097774749,
        "aspect_ratio": 10,
        "b": 88.47463533564152,
        "MAC": 8.847463533564154,
        "cruise_altitude": 5,
        "h_b": 0.05651337223410716,
        "k": 1.6555810507376931,
        "WP": 0.12043522705652993,
        "TW": 0.13958078596589316,
        "WS": 3332.77241396741,
        "fuel_economy": 0.10942514436467884,
        "design_payload": 90000,
        "P": 21660235.397508357,
        "T": 364118.1666070565
    },
    "ferry": {
        "take_off_power": 53392355.25717556,
        "take_off_thrust": null,
        "MTOM": 78853.68716638972,
        "MTOW": 773554.6711022832,
        "OEW": 634504.8233377119,
        "ZFW": 639447.6280088141,
        "EW": 634079.8233377119,
        "Fuel": 134107.04309346905,
        "Fuel_used": 134107.04309346905,
        "Fuel_reserve": 0.0,
        "S": 232.09659597591943,
        "aspect_ratio": 10,
        "b": 48.17640459560255,
        "MAC": 4.817640459560255,
        "cruise_altitude": 5,
        "h_b": 0.103785245951218,
        "k": 1.383898013962388,
        "WP": 0.1169114736292686,
        "TW": 0.13859753138860148,
        "WS": 3332.77241396741,
        "fuel_economy": 0.010346645835648566,
        "ferry_payload": 0,
        "P": 6616584.729359061,
        "T": 107212.76780889799
    },
    "altitude": {
        "take_off_power": 53392355.25717556,
        "take_off_thrust": null,
        "MTOM": 314497.39849217894,
        "MTOW": 3085219.4792082757,
        "OEW": 1450876.549670162,
        "ZFW": 2341031.01914937,
        "EW": 1450451.549670162,
        "Fuel": 744188.4600589056,
        "Fuel_used": 744188.4600589056,
        "Fuel_reserve": 0.0,
        "S": 925.6866336426906,
        "aspect_ratio": 10,
        "b": 96.21261006971439,
        "MAC": 9.621261006971439,
        "cruise_altitude": 5,
        "h_b": 0.05196823988432562,
        "k": 1.7007304201580198,
        "WP": 0.12087790182602104,
        "TW": 0.1399101599458077,
        "WS": 3332.77241396741,
        "fuel_economy": 0.46650284586430535,
        "altitude_payload": 90000,
        "P": 25523436.72914522,
        "T": 431653.55080395134
    },
    "gravitational_acceleration": 9.81,
    "kinematic_viscosity": 1.002e-06,
    "rho_water": 1000.0,
    "MTOW": 3085219.4792082757,
    "fuel_used": 744188.4600589056,
    "fuel_res": 0.0,
    "fuel": 744188.4600589056,
    "OEW": 1450876.549670162,
    "ZFW": 2341031.01914937,
    "EW": 1450451.549670162,
    "MTOM": 314497.39849217894,
    "TW": 0.13716682347628203,
    "WP": 0.12334479778165412,
    "WS": 3400.7881775177657
}