{
    "design_id": 1,
    "inputs": {
        "cruise_altitude": 4,
        "aircraft_type": "PROP",
        "wing_type": "LOW",
        "n_wings": 1,
        "n_fuselages": 1,
        "depth": 0.1,
        "jet_consumption": 2.7e-05,
        "prop_consumption": 2.1e-08,
        "prop_efficiency": 0.85,
        "Cd0": 0.02339910199117188,
        "oswald_factor": 0.85,
        "aspect_ratio": 6,
        "tfo": 0.001,
        "reserve_fuel": 0,
        "n_engines": 8,
        "CLmax_clean": 1.5,
        "CLmax_takeoff": 1.7,
        "CLmax_landing": 1.7,
        "CL_hydro": 0.5,
        "r_float": 3,
        "upsweep": 11,
        "xcg_OEW": 0.4,
        "xcg_payload": 0.55,
        "V_h": 0.9,
        "V_v": 0.0838,
        "k": 1.6052424560627918
    },
    "requirements": {
        "design_range": 3704000,
        "design_payload": 90000,
        "design_crew": 425,
        "ferry_range": 12038000,
        "ferry_payload": 0,
        "reserve_range": 185200,
        "ferry_crew": 170,
        "altitude_range_WIG": 943600,
        "altitude_range_WOG": 538000,
        "altitude_payload": 90000,
        "altitude_crew": 425,
        "cruise_speed": 115.749,
        "stall_speed_clean": 77.16,
        "stall_speed_takeoff": 61.9,
        "stall_speed_landing": 61.9,
        "stall_speed_high": 82.3,
        "high_altitude": 3048.0,
        "cargo_width": 3.5,
        "cargo_height": 4,
        "cargo_length": 7.32,
        "cargo_density": 160
    },
    "outputs": {
        "general": {
            "d_fuselage": 8.832726010325398,
            "r_fuselage": 4.416363005162699,
            "l_fuselage": 75.07817108776588,
            "l_tailcone": 39.747267046464295,
            "l_nose": 13.249089015488098,
            "l_cargo_straight": 15.316351424067726,
            "LD_g": 13.083695662555916,
            "Re": 4850602117.146465,
            "Cd_water": 0.0012696487711144299,
            "hull_surface": 154.28581474848784,
            "take_off_power": 31637380.503370564,
            "take_off_thrust": null,
            "V_lof": 64.995
        },
        "design": {
            "MTOW": 2630224.6486996114,
            "total_fuel": 450331.4854738481,
            "OEW": 1290193.6885770638,
            "EW": 1289768.6885770638,
            "ZFW": 2179893.1632257635,
            "MTOM": 268116.6818246291,
            "S": 738.5836039870164,
            "b": 66.56952473859265,
            "MAC": 11.09492078976544,
            "h_b": 0.06008755531464779,
            "k": 1.6237997711359686,
            "WP": 0.08193335381292005,
            "TW": null,
            "WS": 3561.1738935188127,
            "P": 32102001.520714656,
            "T": null,
            "LD": 21.245302022470963,
            "max_fuel": 495364.63402123295,
            "mission_fuel": 441100.87271921855,
            "reserve_fuel": 9230.612754629576,
            "Mff": 0.8287859230212549,
            "fuel_economy": 0.08023940669366764
        },
        "ferry": {
            "MTOW": 809459.7763246101,
            "total_fuel": 157296.24192677365,
            "OEW": 647184.8246215119,
            "EW": 647014.8246215119,
            "ZFW": 652163.5343978364,
            "MTOM": 82513.7386671366,
            "S": 227.30162950292137,
            "b": 36.92979524743575,
            "MAC": 6.154965874572626,
            "fuel_economy": 0,
            "h_b": 0.10831362516903592,
            "k": 1.3682381527115401,
            "WP": 0.08193335381287853,
            "TW": null,
            "WS": 3561.1738935188127,
            "P": 9879490.325432971,
            "T": null,
            "LD": 17.90161158396818,
            "max_fuel": 173025.86611945104,
            "mission_fuel": 154017.5989474389,
            "reserve_fuel": 3278.642979334749,
            "Mff": 0.8056775067428494,
            "fuel_mission": 116627.08222187468,
            "fuel_reserve": 2339.5820760255447
        },
        "altitude": {
            "MTOW": 2443734.891822404,
            "OEW": 1224334.242072835,
            "EW": 1223909.242072835,
            "ZFW": 2113847.226964657,
            "MTOM": 249106.51292786995,
            "S": 686.2160246829956,
            "b": 64.16616045937278,
            "MAC": 10.694360076562127,
            "h_b": 0.06233815411992161,
            "k": 1.6052375992386174,
            "WP": 0.08193335381292285,
            "TW": null,
            "WS": 3561.1738935188127,
            "P": 29825886.261194017,
            "T": null,
            "LD": 21.002440214530555,
            "Mff": 0.8650067705946063,
            "total_fuel": 329887.6648577468,
            "mission_fuel": 320832.99356695334,
            "reserve_fuel": 9054.671290793456,
            "max_fuel": 362876.4313435215,
            "fuel_economy": 0.14075497390767547
        },
        "max": {
            "MTOM": 268116.6818246291,
            "S": 738.5836039870164,
            "b": 66.56952473859265,
            "MAC": 11.09492078976544,
            "fuel_economy": 0.08023940669366764,
            "OEW": 1290193.6885770638,
            "total_fuel": 450331.4854738481,
            "max_fuel": 495364.63402123295,
            "mission_fuel": 441100.87271921855,
            "reserve_fuel": 9230.612754629576,
            "Mff": 0.8056775067428494
        },
        "wing_design": {
            "taper_ratio": 0.4,
            "sweep_c_4": 0,
            "dihedral": 5,
            "sweep_x_c": 4.085616779974877,
            "chord_root": 15.84988684252206,
            "chord_tip": 6.339954737008824,
            "y_MAC": 14.264898158269853,
            "X_LEMAC": 21.056440000000002,
            "X_LE": 20.037518702980726,
            "MAC": 11.774201654444958,
            "S": 738.5836039870164,
            "b": 66.56952473859265,
            "aspect_ratio": 6
        },
        "cg_range": {
            "most_aft_cg": 34.74976502627204,
            "most_aft_mission": "ALTITUDE_OEW_PAYLOAD",
            "most_forward_cg": 29.08041911620488,
            "most_forward_mission": "DESIGN_OEW_FUEL"
        },
        "empennage_design": {
            "S_h": 224.70876239286073,
            "S_v": 125.53729525681153,
            "l_h": 32.82058895271725,
            "l_v": 32.82058895271725
        }
    },
    "kinematic_viscosity": 1.006e-06,
    "rho_water": 1000,
    "viscosity_air": 1.484e-05,
    "rho_air": 1.225
}