{
    "design_id": 3,
    "inputs": {
        "cruise_altitude": 10,
        "aircraft_type": "PROP",
        "wing_type": "HIGH",
        "tail_type": "CONVENTIONAL",
        "n_wings": 1,
        "n_fuselages": 1,
        "depth": 0.1,
        "jet_consumption": 2.7e-05,
        "prop_consumption": 2.1e-08,
        "prop_efficiency": 0.85,
        "Cd0": 0.018759237274336354,
        "oswald_factor": 0.6560637537879077,
        "aspect_ratio": 8,
        "aspect_h": 4.5,
        "aspect_v": 1.5,
        "sweep_h": 21,
        "sweep_hc4": 30,
        "taper_h": 0.3,
        "sweep_v": 33,
        "taper_v": 0.29,
        "h_position": 0.9382597979583656,
        "v_position": 0.8920929031267959,
        "tfo": 0.001,
        "n_engines": 6.0,
        "CLmax_clean": 1.6,
        "CLmax_takeoff": 2.4,
        "CLmax_landing": 2.4,
        "CL_hydro": 0.5,
        "r_float": 4.416363005162699,
        "upsweep": 11,
        "xcg_OEW": 0.4,
        "V_h": 0.9,
        "V_v": 0.083867,
        "xc_OEW": 0.2,
        "xc_wing": 0.4,
        "xc_fuselage": 0.4,
        "mf_wing": 0.12,
        "mf_fuselage": 0.2,
        "ltcd": 4.5,
        "lnd": 1.5,
        "lfd": 8.5,
        "engine_power": 8202000
    },
    "requirements": {
        "design_range": 3704000,
        "design_payload": 90000,
        "design_crew": 425,
        "ferry_range": 12038000,
        "reserve_range": 185200,
        "ferry_payload": 0,
        "ferry_crew": 170,
        "altitude_range_WIG": 943600,
        "altitude_range_WOG": 538000,
        "altitude_payload": 90000,
        "altitude_crew": 425,
        "cruise_speed": 115.749,
        "stall_speed_clean": 77.16,
        "stall_speed_takeoff": 61.73,
        "stall_speed_landing": 61.73,
        "stall_speed_high": 82.3,
        "high_altitude": 3048.0,
        "cargo_width": 3.5,
        "cargo_height": 4,
        "cargo_length": 7.32,
        "cargo_density": 160
    },
    "outputs": {
        "general": {
            "d_fuselage": 8.832726010325398,
            "r_fuselage": 4.416363005162699,
            "l_fuselage": 75.07817108776588,
            "l_tailcone": 39.747267046464295,
            "l_nose": 13.249089015488098,
            "l_cargo_straight": 15.316351424067726,
            "Re": 4837280592.753655,
            "Cd": 0.0012700434697589557,
            "hull_surface": 227.12738815886908,
            "take_off_power": 46205736.735140644,
            "take_off_thrust": null,
            "V_lof": 64.8165,
            "LD_g": 14.823657366353535,
            "Cd_water": 0.0012700434697589557,
            "xcg_payload": 0.44404883931977346
        },
        "design": {
            "MTOW": 2576820.6212067166,
            "total_fuel": 415840.6629469752,
            "OEW": 1271333.8876385344,
            "EW": 1270908.8876385344,
            "ZFW": 2160979.9582597413,
            "MTOM": 262672.84619844204,
            "S": 515.646197902719,
            "b": 64.22748308334799,
            "MAC": 8.028435385418499,
            "fuel_economy": 0.07492634737660112,
            "h_b": 0.15569658843742953,
            "k": 1.6592025657276113,
            "WP": 0.0953257054430898,
            "TW": null,
            "WS": 4997.0828914598405,
            "P": 27031749.82266561,
            "T": null,
            "LD": 24.595450334556368,
            "max_fuel": 457424.7292416728,
            "mission_fuel": 411893.3399353056,
            "reserve_fuel": 3947.3230116696213,
            "Mff": 0.8386225802740439
        },
        "ferry": {
            "MTOW": 766961.6185948915,
            "total_fuel": 129848.94094989916,
            "OEW": 632176.4660263974,
            "EW": 632006.4660263974,
            "ZFW": 637112.6776449924,
            "MTOM": 78181.61249693083,
            "S": 153.46973796756123,
            "b": 35.039376474767494,
            "MAC": 4.379922059345938,
            "fuel_economy": 0,
            "h_b": 0.28539320633177323,
            "k": 1.4813967298130852,
            "WP": 0.09156454371840754,
            "TW": null,
            "WS": 4997.0828914598405,
            "P": 8376185.665857324,
            "T": null,
            "LD": 21.959717546385793,
            "max_fuel": 142833.8350448891,
            "mission_fuel": 128545.34265620263,
            "reserve_fuel": 1303.5982936965302,
            "Mff": 0.8306969504056952
        },
        "altitude": {
            "MTOW": 2420348.9765430377,
            "total_fuel": 314783.94531830924,
            "OEW": 1216075.4322481852,
            "EW": 1215650.4322481852,
            "ZFW": 2105565.0312247286,
            "MTOM": 246722.62757829129,
            "S": 484.35114680811756,
            "b": 62.247965223490965,
            "MAC": 7.780995652936371,
            "fuel_economy": 0.13640196410741576,
            "h_b": 0.16064782140422845,
            "k": 1.6476543106545254,
            "WP": 0.09532570544675167,
            "TW": null,
            "WS": 4997.0828914598405,
            "P": 25390307.527228624,
            "T": null,
            "LD": 24.42426295933811,
            "max_fuel": 346262.3398501402,
            "mission_fuel": 310910.8634533868,
            "reserve_fuel": 3873.081864922424,
            "Mff": 0.8699427444682327
        },
        "max": {
            "MTOM": 262672.84619844204,
            "S": 515.646197902719,
            "b": 64.22748308334799,
            "MAC": 8.028435385418499,
            "fuel_economy": 0.07492634737660112,
            "OEW": 1271333.8876385344,
            "total_fuel": 415840.6629469752,
            "max_fuel": 457424.7292416728,
            "mission_fuel": 411893.3399353056,
            "reserve_fuel": 3947.3230116696213,
            "Mff": 0.8306969504056952,
            "MTOW": 2576820.6212067166,
            "LD": 24.595450334556368
        },
        "wing_design": {
            "taper_ratio": 0.4,
            "sweep_c_4": 0,
            "dihedral": 1,
            "sweep_x_c": 3.066485501125894,
            "chord_root": 11.469193407740713,
            "chord_tip": 4.587677363096286,
            "y_MAC": 13.763032089288854,
            "X_LEMAC": 29.349670655446335,
            "X_LE": 28.61236536494872,
            "MAC": 8.519972245750244,
            "S": 515.646197902719,
            "b": 64.22748308334799,
            "aspect_ratio": 8
        },
        "cg_range": {
            "most_aft_cg": 31.732971284103826,
            "most_aft_mission": "DESIGN_OEW_PAYLOAD_FUEL",
            "most_forward_cg": 30.031268435106355,
            "most_forward_mission": "DESIGN_OEW"
        },
        "empennage_design": {
            "vertical_tail": {
                "S": 78.8101106640737,
                "l_v": 35.24373232303151,
                "mac": 11.941273556683253,
                "b": 10.872679798288486,
                "chord_root": 11.23791193621549,
                "chord_tip": 3.2589944615024917,
                "sweep": 33,
                "taper": 0.29,
                "MAC": 7.980369401319744,
                "aspect_ratio": 1.5,
                "LE_pos": 63.54025915155041,
                "relative_pos_mac/4": 0.8920929031267959
            },
            "horizontal_tail": {
                "S": 102.14354517521745,
                "l_h": 38.70985835178699,
                "mac": 6.890369749157854,
                "b": 21.439355244234342,
                "chord_root": 7.329694100592937,
                "chord_tip": 2.198908230177881,
                "sweep": 21,
                "sweep_hc4": 30,
                "taper": 0.3,
                "MAC": 5.224756307602145,
                "sweep_c_4": 30,
                "aspect_ratio": 4.5,
                "tail_height": 8.832726010325398,
                "LE_pos": 67.44847698717295,
                "relative_pos_mac/4": 0.9382597979583656
            }
        }
    },
    "kinematic_viscosity": 1.006e-06,
    "rho_water": 1000,
    "viscosity_air": 1.484e-05,
    "rho_air": 1.225
}