{
    "design_id": 2,
    "requirements": {
        "design_range": 3704000,
        "design_payload": 90000,
        "design_crew": 425,
        "ferry_range": 12038000,
        "reserve_range": 185200,
        "ferry_payload": 0,
        "ferry_crew": 425,
        "altitude_range_WIG": 943600,
        "altitude_range_WOG": 538000,
        "altitude_payload": 90000,
        "altitude_crew": 425,
        "cruise_speed": 115.749,
        "stall_speed_clean": 77.16,
        "stall_speed_takeoff": 77.16,
        "stall_speed_landing": 77.16,
        "stall_speed_high": 82.3,
        "high_altitude": 3048.0,
        "cargo_width": 3.5,
        "cargo_height": 4,
        "cargo_length": 7.32,
        "cargo_density": 160
    },
    "inputs": {
        "cruise_altitude": 5,
        "aircraft_type": "PROP",
        "wing_type": "HIGH",
        "n_wings": 1,
        "n_fuselages": 2,
        "depth": 0.2,
        "jet_consumption": 2.7e-05,
        "prop_consumption": 2.18e-08,
        "prop_efficiency": 0.82,
        "Cd0": 0.02422111472806403,
        "oswald_factor": 0.85,
        "aspect_ratio": 10,
        "tfo": 0.001,
        "reserve_fuel": 0,
        "n_engines": 8,
        "CLmax_clean": 1.5,
        "CLmax_takeoff": 1.6,
        "CLmax_landing": 1.8,
        "r_float": 3.1,
        "k": 1.533454704877084,
        "upsweep": 11
    },
    "outputs": {
        "general": {
            "d_fuselage": 6.2048047905502495,
            "r_fuselage": 3.1024023952751247,
            "l_fuselage": 52.740840719677124,
            "l_tailcone": 27.921621557476122,
            "l_nose": 9.307207185825375,
            "L": 89.96966946297863,
            "l_cargo_straight": 8.74654837462985,
            "LD": 16.6018826655351,
            "Re": 4264428576.274252,
            "Cd": 0.0012883326964806083,
            "hull_surface": 303.2192422349961,
            "V_lof": 81.018
        },
        "design": {
            "MTOW": 2648026.484517257,
            "fuel_used": 461828.744925313,
            "fuel_res": 0.0,
            "fuel": 461828.744925313,
            "OEW": 1296480.4631074273,
            "ZFW": 2186197.739591944,
            "EW": 1296055.4631074273,
            "MTOM": 269931.34398748796,
            "WS": 5207.456896824077,
            "Fuel": 461828.744925313,
            "Fuel_used": 461828.744925313,
            "Fuel_reserve": 0.0,
            "S": 508.4928041856355,
            "b": 71.308681391934,
            "MAC": 7.130868139193401,
            "h_b": 0.07011768977354234,
            "fuel_economy": 0.16801991008744488,
            "TW": null,
            "WP": 0.10134666027763051,
            "take_off_thrust": null,
            "take_off_power": 253346838.23629114,
            "k": 1.5483051575736353,
            "design_payload": 90000,
            "P": 26128404.007228408,
            "T": null,
            "Re": 4264428576.274252,
            "Cd": 0.0013221018492204925,
            "hull_surface": 302.4095164946858,
            "stall_speed_clean": 77.16,
            "LD": 16.6018826655351,
            "V_lof": 64.8144
        },
        "ferry": {
            "take_off_power": 253346838.23629114,
            "take_off_thrust": null,
            "MTOM": 80738.9933889456,
            "MTOW": 792049.5251455563,
            "OEW": 641036.3394427411,
            "ZFW": 645997.6389678866,
            "EW": 640611.3394427411,
            "Fuel": 146051.8861776697,
            "Fuel_used": 146051.8861776697,
            "Fuel_reserve": 0.0,
            "S": 152.09278708119282,
            "b": 38.999075255856106,
            "MAC": 3.8999075255856113,
            "h_b": 0.12820816819878825,
            "k": 1.3104870390088847,
            "WP": 0.09195565699758794,
            "TW": null,
            "WS": 5207.456896824077,
            "ferry_payload": 0,
            "P": 8613385.527399715,
            "T": null,
            "Re": 4264428576.274252,
            "Cd": 0.0013221018492204925,
            "hull_surface": 302.4095164946858,
            "stall_speed_clean": 77.16,
            "LD": 16.6018826655351,
            "V_lof": 64.8144,
            "fuel_used": 146051.8861776697,
            "fuel_res": 0.0,
            "fuel": 146051.8861776697
        },
        "altitude": {
            "take_off_power": 253346838.23629114,
            "take_off_thrust": null,
            "MTOM": 253212.38003845362,
            "MTOW": 2484013.44817723,
            "OEW": 1238558.7414337564,
            "ZFW": 2128112.0048819333,
            "EW": 1238133.7414337564,
            "Fuel": 355901.4432952967,
            "Fuel_used": 355901.4432952967,
            "Fuel_reserve": 0.0,
            "S": 476.9917816540027,
            "b": 69.06459162653485,
            "MAC": 6.906459162653484,
            "h_b": 0.07239599746042635,
            "k": 1.533454704877084,
            "WP": 0.10081913047563694,
            "TW": null,
            "WS": 5207.456896824077,
            "fuel_economy": 0.29493131569530023,
            "altitude_payload": 90000,
            "P": 24638314.538702503,
            "T": null,
            "Re": 4264428576.274252,
            "Cd": 0.0013221018492204925,
            "hull_surface": 302.4095164946858,
            "stall_speed_clean": 77.16,
            "LD": 16.6018826655351,
            "V_lof": 64.8144,
            "fuel_used": 355901.4432952967,
            "fuel_res": 0.0,
            "fuel": 355901.4432952967
        },
        "max": {
            "MTOM": 269931.34398748796,
            "S": 508.4928041856355,
            "b": 71.308681391934,
            "MAC": 7.130868139193401,
            "fuel_economy": 0.16801991008744488,
            "LD": 16.6018826655351
        },
        "wing_design": {
            "taper_ratio": 0.4,
            "sweep_c_4": 0,
            "dihedral": 1,
            "sweep_x_c": 2.454031674527076,
            "chord_root": 10.186954484562001,
            "chord_tip": 4.0747817938248,
            "y_MAC": 15.280431726843,
            "X_LEMAC": 21.056440000000002,
            "X_LE": 20.401564354563874,
            "MAC": 7.567451902817487,
            "S": 508.4928041856355,
            "b": 71.308681391934,
            "aspect_ratio": 10
        }
    },
    "gravitational_acceleration": 9.81,
    "kinematic_viscosity": 1.002e-06,
    "rho_water": 1000.0
}