{
    "design_id": 1,
    "inputs": {
        "cruise_altitude": 4,
        "aircraft_type": "PROP",
        "wing_type": "LOW",
        "n_wings": 1,
        "n_fuselages": 1,
        "depth": 0.1,
        "jet_consumption": 2.7e-05,
        "prop_consumption": 2.1e-08,
        "prop_efficiency": 0.85,
        "Cd0": 0.023399101991171706,
        "oswald_factor": 0.85,
        "aspect_ratio": 6,
        "tfo": 0.001,
        "reserve_fuel": 0,
        "n_engines": 8,
        "CLmax_clean": 1.5,
        "CLmax_takeoff": 1.7,
        "CLmax_landing": 1.7,
        "CL_hydro": 0.5,
        "r_float": 3,
        "upsweep": 11,
        "xcg_OEW": 0.4,
        "xcg_payload": 0.55,
        "V_h": 0.9,
        "V_v": 0.0838,
        "k": 1.6052432211504768
    },
    "requirements": {
        "design_range": 3704000,
        "design_payload": 90000,
        "design_crew": 425,
        "ferry_range": 12038000,
        "ferry_payload": 0,
        "reserve_range": 185200,
        "ferry_crew": 170,
        "altitude_range_WIG": 943600,
        "altitude_range_WOG": 538000,
        "altitude_payload": 90000,
        "altitude_crew": 425,
        "cruise_speed": 115.749,
        "stall_speed_clean": 77.16,
        "stall_speed_takeoff": 61.9,
        "stall_speed_landing": 61.9,
        "stall_speed_high": 82.3,
        "high_altitude": 3048.0,
        "cargo_width": 3.5,
        "cargo_height": 4,
        "cargo_length": 7.32,
        "cargo_density": 160
    },
    "outputs": {
        "general": {
            "d_fuselage": 8.832726010325398,
            "r_fuselage": 4.416363005162699,
            "l_fuselage": 75.07817108776588,
            "l_tailcone": 39.747267046464295,
            "l_nose": 13.249089015488098,
            "l_cargo_straight": 15.316351424067726,
            "LD_g": 13.083695662555966,
            "Re": 4850602117.146465,
            "Cd_water": 0.0012696487711144299,
            "hull_surface": 154.28581474848784,
            "take_off_power": 31637380.503370564,
            "take_off_thrust": null,
            "V_lof": 64.995
        },
        "design": {
            "MTOW": 2630224.6486996072,
            "total_fuel": 450331.48547384626,
            "OEW": 1290193.6885770613,
            "EW": 1289768.6885770613,
            "ZFW": 2179893.163225761,
            "MTOM": 268116.6818246287,
            "S": 738.5836039870237,
            "b": 66.56952473859297,
            "MAC": 11.094920789765496,
            "h_b": 0.06008755531464749,
            "k": 1.6237997711359713,
            "WP": 0.08193335381292044,
            "TW": null,
            "WS": 3561.1738935188127,
            "P": 32102001.52071445,
            "T": null,
            "LD": 21.24530202247108,
            "max_fuel": 495364.6340212309,
            "mission_fuel": 445721.0545815718,
            "reserve_fuel": 4610.430892274482,
            "Mff": 0.8287859230212553,
            "fuel_economy": 0.08107985085141033
        },
        "ferry": {
            "MTOW": 809459.7674932454,
            "total_fuel": 157296.2362230655,
            "OEW": 647184.8215026867,
            "EW": 647014.8215026867,
            "ZFW": 652163.5312701799,
            "MTOM": 82513.73776689556,
            "S": 227.30169303622185,
            "b": 36.92980040857696,
            "MAC": 6.154966734762827,
            "fuel_economy": 0,
            "h_b": 0.1083136100316155,
            "k": 1.3682382032635783,
            "WP": 0.08193335381299317,
            "TW": null,
            "WS": 3561.1738935188127,
            "P": 9879490.217631973,
            "T": null,
            "LD": 17.901612245395874,
            "max_fuel": 173025.85984537206,
            "mission_fuel": 155658.96999257474,
            "reserve_fuel": 1637.2662304907572,
            "Mff": 0.8056775116690675,
            "fuel_mission": 116627.08222187468,
            "fuel_reserve": 2339.5820760255447
        },
        "altitude": {
            "MTOW": 2443734.8921197597,
            "OEW": 1224334.2421778461,
            "EW": 1223909.2421778461,
            "ZFW": 2113847.227069966,
            "MTOM": 249106.5129581814,
            "S": 686.2160114387866,
            "b": 64.16615984015812,
            "MAC": 10.694359973359685,
            "h_b": 0.062338154721495696,
            "k": 1.6052375944152706,
            "WP": 0.08193335381291549,
            "TW": null,
            "WS": 3561.1738935188127,
            "P": 29825886.264825936,
            "T": null,
            "LD": 21.002440151421826,
            "Mff": 0.8650067705324449,
            "total_fuel": 329887.6650497937,
            "mission_fuel": 325365.1672487571,
            "reserve_fuel": 4522.497801036632,
            "max_fuel": 362876.4315547731,
            "fuel_economy": 0.1427433167561931
        },
        "max": {
            "MTOM": 268116.6818246287,
            "S": 738.5836039870237,
            "b": 66.56952473859297,
            "MAC": 11.094920789765496,
            "fuel_economy": 0.08107985085141033,
            "OEW": 1290193.6885770613,
            "total_fuel": 450331.48547384626,
            "max_fuel": 495364.6340212309,
            "mission_fuel": 445721.0545815718,
            "reserve_fuel": 4610.430892274482,
            "Mff": 0.8056775116690675
        },
        "wing_design": {
            "taper_ratio": 0.4,
            "sweep_c_4": 0,
            "dihedral": 5,
            "sweep_x_c": 4.085616779974877,
            "chord_root": 15.849886842522139,
            "chord_tip": 6.339954737008856,
            "y_MAC": 14.264898158269924,
            "X_LEMAC": 21.056440000000002,
            "X_LE": 20.037518702980723,
            "MAC": 11.774201654445017,
            "S": 738.5836039870237,
            "b": 66.56952473859297,
            "aspect_ratio": 6
        },
        "cg_range": {
            "most_aft_cg": 34.7497650260369,
            "most_aft_mission": "ALTITUDE_OEW_PAYLOAD",
            "most_forward_cg": 29.08041911620489,
            "most_forward_mission": "DESIGN_OEW_FUEL"
        },
        "empennage_design": {
            "S_h": 224.70876239125417,
            "S_v": 125.53729525591399,
            "l_h": 32.82058895295239,
            "l_v": 32.82058895295239
        }
    },
    "kinematic_viscosity": 1.006e-06,
    "rho_water": 1000,
    "viscosity_air": 1.484e-05,
    "rho_air": 1.225
}