{
    "design_id": 3,
    "inputs": {
        "cruise_altitude": 10,
        "aircraft_type": "PROP",
        "wing_type": "HIGH",
        "tail_type": "CONVENTIONAL",
        "n_wings": 1,
        "n_fuselages": 1,
        "depth": 0.1,
        "jet_consumption": 2.7e-05,
        "prop_consumption": 2.1e-08,
        "prop_efficiency": 0.85,
        "Cd0": 0.02618682359426418,
        "oswald_factor": 0.85,
        "aspect_ratio": 10,
        "aspect_h": 4.5,
        "aspect_v": 1.5,
        "sweep_h": 21,
        "sweep_hc4": 30,
        "taper_h": 0.3,
        "sweep_v": 33,
        "taper_v": 0.29,
        "h_position": 0.9271710771752549,
        "v_position": 0.8767118912912802,
        "tfo": 0.001,
        "n_engines": 6.0,
        "CLmax_clean": 1.5,
        "CLmax_takeoff": 1.7,
        "CLmax_landing": 1.7,
        "CL_hydro": 0.5,
        "r_float": 4.416363005162699,
        "upsweep": 11,
        "xcg_OEW": 0.45,
        "xcg_payload": 0.55,
        "V_h": 0.9,
        "V_v": 0.083867,
        "k": 1.1744700387202258,
        "xc_OEW": 0.2,
        "xc_wing": 0.4,
        "xc_fuselage": 0.4,
        "mf_wing": 0.12,
        "mf_fuselage": 0.2,
        "engine_power": 8202000
    },
    "requirements": {
        "design_range": 3704000,
        "design_payload": 90000,
        "design_crew": 425,
        "ferry_range": 12038000,
        "reserve_range": 185200,
        "ferry_payload": 0,
        "ferry_crew": 170,
        "altitude_range_WIG": 943600,
        "altitude_range_WOG": 538000,
        "altitude_payload": 90000,
        "altitude_crew": 425,
        "cruise_speed": 115.749,
        "stall_speed_clean": 77.16,
        "stall_speed_takeoff": 61.73,
        "stall_speed_landing": 61.73,
        "stall_speed_high": 82.3,
        "high_altitude": 3048.0,
        "cargo_width": 3.5,
        "cargo_height": 4,
        "cargo_length": 7.32,
        "cargo_density": 160
    },
    "outputs": {
        "general": {
            "d_fuselage": 8.832726010325398,
            "r_fuselage": 4.416363005162699,
            "l_fuselage": 75.07817108776588,
            "l_tailcone": 39.747267046464295,
            "l_nose": 13.249089015488098,
            "l_cargo_straight": 15.316351424067726,
            "Re": 4837280592.753655,
            "Cd": 0.0012700434697589557,
            "hull_surface": 227.12738815886908,
            "take_off_power": 46205736.735140644,
            "take_off_thrust": null,
            "V_lof": 64.8165,
            "LD_g": 15.96662010552038,
            "Cd_water": 0.0012700434697589557
        },
        "design": {
            "MTOW": 2538891.8788284976,
            "total_fuel": 391344.50444640685,
            "OEW": 1257939.232503262,
            "EW": 1257514.232503262,
            "ZFW": 2147547.3743820908,
            "MTOM": 258806.51160331268,
            "S": 717.2820723654639,
            "b": 84.69250689201873,
            "MAC": 8.469250689201873,
            "fuel_economy": 0.07055680274794296,
            "h_b": 0.11807420003223901,
            "k": 1.7402963270012588,
            "WP": 0.08862165809967046,
            "TW": null,
            "WS": 3539.6003814507203,
            "P": 28648661.436384685,
            "T": null,
            "LD": 27.786645840397885,
            "max_fuel": 430478.95489104756,
            "mission_fuel": 387872.59964687086,
            "reserve_fuel": 3471.904799535987,
            "Mff": 0.8458601141270411
        },
        "ferry": {
            "MTOW": 749967.2405895073,
            "total_fuel": 118873.17557684191,
            "OEW": 626174.8477720758,
            "EW": 626004.8477720758,
            "ZFW": 631094.0650126653,
            "MTOM": 76449.2599989304,
            "S": 211.87907087810513,
            "b": 46.030323796178656,
            "MAC": 4.603032379617866,
            "fuel_economy": 0,
            "h_b": 0.21724809159022643,
            "k": 1.5209672606321343,
            "WP": 0.08862167968389142,
            "TW": null,
            "WS": 3539.6003814507203,
            "P": 8462570.820871355,
            "T": null,
            "LD": 24.28470644344729,
            "max_fuel": 130760.49313452611,
            "mission_fuel": 117705.63222191157,
            "reserve_fuel": 1167.5433549303416,
            "Mff": 0.8414955092126393
        },
        "altitude": {
            "MTOW": 2405620.342767995,
            "total_fuel": 305271.5037020678,
            "OEW": 1210873.9687231588,
            "EW": 1210448.9687231588,
            "ZFW": 2100348.839065927,
            "MTOM": 245221.2377949026,
            "S": 679.6304903135317,
            "b": 82.43970465215968,
            "MAC": 8.243970465215966,
            "fuel_economy": 0.13242791904279563,
            "h_b": 0.12130077421059793,
            "k": 1.7284105826878216,
            "WP": 0.08862167968389142,
            "TW": null,
            "WS": 3539.6003814507203,
            "P": 27144829.023199607,
            "T": null,
            "LD": 27.596875160137568,
            "max_fuel": 335798.6540722746,
            "mission_fuel": 301852.5350742536,
            "reserve_fuel": 3418.9686278142035,
            "Mff": 0.8731007140757667
        },
        "max": {
            "MTOM": 258806.51160331268,
            "S": 717.2820723654639,
            "b": 84.69250689201873,
            "MAC": 8.469250689201873,
            "fuel_economy": 0.07055680274794296,
            "OEW": 1257939.232503262,
            "total_fuel": 391344.50444640685,
            "max_fuel": 430478.95489104756,
            "mission_fuel": 387872.59964687086,
            "reserve_fuel": 3471.904799535987,
            "Mff": 0.8414955092126393,
            "MTOW": 1733790.843393344,
            "LD": 27.786645840397885
        },
        "wing_design": {
            "taper_ratio": 0.4,
            "sweep_c_4": 0,
            "dihedral": 1,
            "sweep_x_c": 2.454031674527076,
            "chord_root": 12.098926518619999,
            "chord_tip": 4.839570607448,
            "y_MAC": 18.148389777929996,
            "X_LEMAC": 29.31224651628551,
            "X_LE": 28.53445838294565,
            "MAC": 8.98777398526057,
            "S": 717.2817122245344,
            "b": 84.69248563033997,
            "aspect_ratio": 10
        },
        "cg_range": {
            "most_aft_cg": 36.951064267522966,
            "most_aft_mission": "ALTITUDE_OEW_PAYLOAD",
            "most_forward_cg": 33.724418539578686,
            "most_forward_mission": "DESIGN_OEW_FUEL"
        },
        "empennage_design": {
            "vertical_tail": {
                "S": 176.46777962990737,
                "l_v": 28.87090011665795,
                "mac": 11.941273556683253,
                "b": 16.269654865572935,
                "chord_root": 16.816180739610264,
                "chord_tip": 4.8766924144869765,
                "abs_pos": 0.8850201690521673,
                "sweep": 33,
                "taper": 0.29,
                "relative_pos_fus": 0.8767118912912802,
                "MAC": 11.94166095829378
            },
            "horizontal_tail": {
                "S": 177.65531030382047,
                "l_h": 32.65925072540077,
                "mac": 6.890369749157854,
                "b": 28.274527341181003,
                "chord_root": 9.666505073908036,
                "chord_tip": 2.899951522172411,
                "abs_pos": 1.0541825989753077,
                "sweep": 21,
                "sweep_hc4": 30,
                "taper": 0.3,
                "relative_pos_fus": 0.9271710771752549,
                "MAC": 6.890483103965215,
                "sweep_c_4": 30
            }
        }
    },
    "kinematic_viscosity": 1.006e-06,
    "rho_water": 1000,
    "viscosity_air": 1.484e-05,
    "rho_air": 1.225
}