{
    "design_id": 1,
    "inputs": {
        "cruise_altitude": 4,
        "aircraft_type": "PROP",
        "wing_type": "LOW",
        "n_wings": 1,
        "n_fuselages": 1,
        "depth": 0.05,
        "jet_consumption": 2.7e-05,
        "prop_consumption": 2.1e-08,
        "prop_efficiency": 0.85,
        "Cd0": 0.02367017989484892,
        "oswald_factor": 0.85,
        "aspect_ratio": 10,
        "tfo": 0.001,
        "reserve_fuel": 0,
        "n_engines": 8,
        "CLmax_clean": 1.5,
        "CLmax_takeoff": 1.7,
        "CLmax_landing": 1.7,
        "CL_hydro": 0.5,
        "r_float": 4.4,
        "upsweep": 11,
        "k": 1.4538956222501158
    },
    "requirements": {
        "design_range": 3704000,
        "design_payload": 90000,
        "design_crew": 425,
        "ferry_range": 12038000,
        "ferry_payload": 0,
        "reserve_range": 185200,
        "ferry_crew": 425,
        "altitude_range_WIG": 943600,
        "altitude_range_WOG": 538000,
        "altitude_payload": 90000,
        "altitude_crew": 425,
        "cruise_speed": 115.749,
        "stall_speed_clean": 77.16,
        "stall_speed_takeoff": 61.9,
        "stall_speed_landing": 61.9,
        "stall_speed_high": 82.3,
        "high_altitude": 3048.0,
        "cargo_width": 3.5,
        "cargo_height": 4,
        "cargo_length": 7.32,
        "cargo_density": 160
    },
    "outputs": {
        "general": {
            "d_fuselage": 8.832726010325398,
            "r_fuselage": 4.416363005162699,
            "l_fuselage": 75.07817108776588,
            "l_tailcone": 39.747267046464295,
            "l_nose": 13.249089015488098,
            "l_cargo_straight": 15.316351424067726,
            "LD_g": 16.79397971342959,
            "Re": 4850602117.146465,
            "Cd": 0.0012696487711144299,
            "hull_surface": 141.26968279200256,
            "take_off_power": 28968332.023050427,
            "take_off_thrust": null,
            "V_lof": 64.995
        },
        "design": {
            "MTOW": 2574437.0663553355,
            "total_fuel": 414301.25157256186,
            "fuel_mission": 388403.4960457788,
            "fuel_reserve": 25897.75552678306,
            "OEW": 1270492.1277164181,
            "EW": 1270067.1277164181,
            "ZFW": 2160135.8147827736,
            "MTOM": 262429.87424621155,
            "S": 722.9181004164675,
            "b": 85.0245905851047,
            "MAC": 8.50245905851047,
            "fuel_economy": 0.14483942203762165,
            "h_b": 0.047045213302100305,
            "k": 1.756933311803039,
            "WP": 0.09582402833789999,
            "TW": null,
            "WS": 3561.1738935188127,
            "P": 26866299.726799347,
            "T": null,
            "LD": 29.5059023962689
        },
        "ferry": {
            "MTOW": 755462.1543915439,
            "total_fuel": 122422.04830505945,
            "fuel_mission": 119324.54552283633,
            "fuel_reserve": 3097.5027822231204,
            "OEW": 628115.3939320929,
            "EW": 627690.3939320929,
            "ZFW": 633040.1060864845,
            "MTOM": 77009.39392370477,
            "S": 212.1385186365123,
            "b": 46.05849743929043,
            "MAC": 4.605849743929043,
            "fuel_economy": 0,
            "h_b": 0.08684608101409275,
            "k": 1.4539003541077424,
            "WP": 0.09582402833789999,
            "TW": null,
            "WS": 3561.1738935188127,
            "P": 7883848.837241443,
            "T": null,
            "LD": 24.416773052233523
        },
        "altitude": {
            "MTOW": 2446849.2742763283,
            "total_fuel": 331899.0789315906,
            "fuel_mission": 306570.3839182246,
            "fuel_reserve": 25328.695013366,
            "OEW": 1225434.0960704612,
            "EW": 1225009.0960704612,
            "ZFW": 2114950.1953447377,
            "MTOM": 249423.98310665935,
            "S": 687.0906469154784,
            "b": 82.89093116351621,
            "MAC": 8.289093116351621,
            "fuel_economy": 0.2858076566806562,
            "h_b": 0.04825618368442902,
            "k": 1.7423071902218128,
            "WP": 0.09582402833789999,
            "TW": null,
            "WS": 3561.1738935188127,
            "P": 25534819.572060913,
            "T": null,
            "LD": 29.260271607147633
        },
        "max": {
            "MTOM": 262429.87424621155,
            "S": 722.9181004164675,
            "b": 85.0245905851047,
            "MAC": 8.50245905851047,
            "fuel_economy": 0.14483942203762165
        },
        "wing_design": {
            "taper_ratio": 0.4,
            "sweep_c_4": 0,
            "dihedral": 5,
            "sweep_x_c": 2.454031674527076,
            "chord_root": 12.146370083586387,
            "chord_tip": 4.858548033434555,
            "y_MAC": 18.219555125379582,
            "X_LEMAC": 21.056440000000002,
            "X_LE": 20.27560192319802,
            "MAC": 9.02301777637846,
            "S": 722.9181004164675,
            "b": 85.0245905851047,
            "aspect_ratio": 10
        }
    },
    "kinematic_viscosity": 1.006e-06,
    "rho_water": 1000,
    "viscosity_air": 1.484e-05,
    "rho_air": 1.225
}