{
    "design_id": 2,
    "inputs": {
        "cruise_altitude": 8,
        "aircraft_type": "PROP",
        "wing_type": "HIGH",
        "n_wings": 1,
        "n_fuselages": 2,
        "depth": 0.1,
        "jet_consumption": 2.7e-05,
        "prop_consumption": 2.1e-08,
        "prop_efficiency": 0.82,
        "Cd0": 0.02422111472806403,
        "oswald_factor": 0.85,
        "aspect_ratio": 10,
        "tfo": 0.001,
        "reserve_fuel": 0,
        "n_engines": 8,
        "CLmax_clean": 1.5,
        "CLmax_takeoff": 1.7,
        "CLmax_landing": 1.7,
        "r_float": 3.1,
        "upsweep": 11,
        "k": 1.2288295574988273
    },
    "requirements": {
        "design_range": 3704000,
        "design_payload": 90000,
        "design_crew": 425,
        "ferry_range": 12038000,
        "reserve_range": 185200,
        "ferry_payload": 0,
        "ferry_crew": 425,
        "altitude_range_WIG": 943600,
        "altitude_range_WOG": 538000,
        "altitude_payload": 90000,
        "altitude_crew": 425,
        "cruise_speed": 115.749,
        "stall_speed_clean": 77.16,
        "stall_speed_takeoff": 61.9,
        "stall_speed_landing": 61.9,
        "stall_speed_high": 82.3,
        "high_altitude": 3048.0,
        "cargo_width": 3.5,
        "cargo_height": 4,
        "cargo_length": 7.32,
        "cargo_density": 160
    },
    "outputs": {
        "general": {
            "d_fuselage": 6.2048047905502495,
            "r_fuselage": 3.1024023952751247,
            "l_fuselage": 52.740840719677124,
            "l_tailcone": 27.921621557476122,
            "l_nose": 9.307207185825375,
            "l_cargo_straight": 8.74654837462985,
            "Re": 3407446264.9855022,
            "Cd": 0.0013218773711531056,
            "hull_surface": 210.4204947871738,
            "take_off_power": 93133344.13863601,
            "take_off_thrust": null,
            "V_lof": 64.995,
            "LD_g": 16.6018826655351
        },
        "design": {
            "MTOW": 2654911.9605718,
            "total_fuel": 466275.70789344975,
            "fuel_mission": 441014.6368311667,
            "fuel_reserve": 25261.071062283067,
            "OEW": 1298912.0907177785,
            "EW": 1298487.0907177785,
            "ZFW": 2188636.25267835,
            "MTOM": 270633.2273773496,
            "S": 745.7271326347595,
            "b": 86.35549389788466,
            "MAC": 8.635549389788467,
            "fuel_economy": 0.16445862552490795,
            "h_b": 0.09264031318563237,
            "k": 1.4276448617308972,
            "WP": 0.09087451023075915,
            "TW": null,
            "WS": 3559.8064228808703,
            "P": 29215144.641001508,
            "T": null,
            "LD": 23.70159248251044
        },
        "ferry": {
            "MTOW": 794465.0281845874,
            "total_fuel": 147611.93118819688,
            "fuel_mission": 144734.3235100883,
            "fuel_reserve": 2877.6076781085867,
            "OEW": 641889.381968206,
            "EW": 641464.381968206,
            "ZFW": 646853.0969963905,
            "MTOM": 80985.22203716486,
            "S": 223.17824557773312,
            "b": 47.24174484264241,
            "MAC": 4.724174484264242,
            "fuel_economy": 0,
            "h_b": 0.16934175540398033,
            "k": 1.2288295574988273,
            "WP": 0.09087451023075915,
            "TW": null,
            "WS": 3559.8064228808703,
            "P": 8742440.824904466,
            "T": null,
            "LD": 20.400884129536948
        },
        "altitude": {
            "MTOW": 2469079.840770049,
            "total_fuel": 346256.62010596663,
            "fuel_mission": 321797.7751631086,
            "fuel_reserve": 24458.844942858035,
            "OEW": 1233284.8908233126,
            "EW": 1232859.8908233126,
            "ZFW": 2122823.2206640826,
            "MTOM": 251690.09589908755,
            "S": 693.5916943861516,
            "b": 83.28215261303899,
            "MAC": 8.328215261303898,
            "fuel_economy": 0.30000376053594824,
            "h_b": 0.0960589964235325,
            "k": 1.4133557636431922,
            "WP": 0.09087451023075915,
            "TW": null,
            "WS": 3559.8064228808703,
            "P": 27170213.456999917,
            "T": null,
            "LD": 23.464366552662035
        },
        "max": {
            "MTOM": 270633.2273773496,
            "S": 745.7271326347595,
            "b": 86.35549389788466,
            "MAC": 8.635549389788467,
            "fuel_economy": 0.16445862552490795
        },
        "wing_design": {
            "taper_ratio": 0.4,
            "sweep_c_4": 0,
            "dihedral": 1,
            "sweep_x_c": 2.454031674527076,
            "chord_root": 12.33649912826924,
            "chord_tip": 4.934599651307696,
            "y_MAC": 18.504748692403854,
            "X_LEMAC": 21.056440000000002,
            "X_LE": 20.26337934175412,
            "MAC": 9.16425649528572,
            "S": 745.7271326347595,
            "b": 86.35549389788466,
            "aspect_ratio": 10
        }
    },
    "kinematic_viscosity": 1.006e-06,
    "rho_water": 1000
}