{
    "design_id": 3,
    "requirements": {
        "design_range": 3704000,
        "design_payload": 90000,
        "design_crew": 425,
        "ferry_range": 12038000,
        "reserve_range": 185200,
        "ferry_payload": 0,
        "ferry_crew": 425,
        "altitude_range_WIG": 943600,
        "altitude_range_WOG": 538000,
        "altitude_payload": 90000,
        "altitude_crew": 425,
        "cruise_speed": 115.749,
        "stall_speed_clean": 77.16,
        "stall_speed_takeoff": 77.16,
        "stall_speed_landing": 77.16,
        "stall_speed_high": 82.3,
        "high_altitude": 3048.0,
        "cargo_width": 3.5,
        "cargo_height": 4,
        "cargo_length": 7.32,
        "cargo_density": 160
    },
    "inputs": {
        "cruise_altitude": 6,
        "aircraft_type": "PROP",
        "wing_type": "HIGH",
        "n_wings": 1,
        "n_fuselages": 1,
        "depth": 0.2,
        "jet_consumption": 2.7e-05,
        "prop_consumption": 2.10e-08,
        "prop_efficiency": 0.85,
        "Cd0": 0.028115017191112573,
        "oswald_factor": 0.85,
        "aspect_ratio": 10,
        "Cl_alpha": 5.0,
        "tfo": 0.001,
        "reserve_fuel": 0,
        "n_engines": 8,
        "CLmax_clean": 1.5,
        "CLmax_takeoff": 1.6,
        "CLmax_landing": 1.8,
        "r_float": 1.5,
        "k": 1.455350793847103,
        "upsweep": 11
    },
    "outputs": {
        "general": {
            "d_fuselage": 8.832726010325398,
            "r_fuselage": 4.416363005162699,
            "l_fuselage": 75.07817108776588,
            "l_tailcone": 39.747267046464295,
            "l_nose": 13.249089015488098,
            "L": 128.07452714971828,
            "l_cargo_straight": 15.316351424067726,
            "LD": 15.40938218960205,
            "Re": 6070542180.8269615,
            "Cd": 0.0012380603518356813,
            "hull_surface": 417.71777415595324,
            "V_lof": 81.018
        },
        "design": {
            "take_off_power": 167697070.90542787,
            "take_off_thrust": null,
            "MTOM": 274875.5644428411,
            "MTOW": 2696529.2871842715,
            "OEW": 1313609.3810225087,
            "ZFW": 2203375.1603096933,
            "EW": 1313184.3810225087,
            "Fuel": 493154.1268745783,
            "Fuel_used": 493154.1268745783,
            "Fuel_reserve": 0.0,
            "S": 517.8509418353448,
            "b": 71.9618608594403,
            "MAC": 7.196186085944032,
            "h_b": 0.08337749925227081,
            "k": 1.4709958106154364,
            "WP": 0.09377519447997307,
            "TW": null,
            "WS": 5206.956921961618,
            "fuel_economy": 0.1794165325723047,
            "design_payload": 90000,
            "P": 28755251.344854858,
            "T": null,
            "Cd": 0.0012698173027415375,
            "hull_surface": 416.7264709699246,
            "stall_speed_clean": 77.16,
            "LD": 15.40938218960205,
            "V_lof": 64.8144,
            "fuel_used": 493154.1268745783,
            "fuel_res": 0.0,
            "fuel": 493154.1268745783
        },
        "ferry": {
            "take_off_power": 167697070.90542787,
            "take_off_thrust": null,
            "MTOM": 83324.4716506181,
            "MTOW": 817413.0668925636,
            "OEW": 649993.5542990214,
            "ZFW": 654980.217365914,
            "EW": 649568.5542990214,
            "Fuel": 162432.84952664957,
            "Fuel_used": 162432.84952664957,
            "Fuel_reserve": 0.0,
            "S": 156.97714877573165,
            "aspect_ratio": 10,
            "b": 39.62034184301439,
            "MAC": 3.962034184301438,
            "cruise_altitude": 7,
            "h_b": 0.15143736073185554,
            "k": 1.259640036240869,
            "WP": 0.08820876238753256,
            "TW": null,
            "WS": 5206.956921961618,
            "ferry_payload": 0,
            "P": 9266801.219830932,
            "T": null,
            "Cd": 0.0012698173027415375,
            "hull_surface": 416.7264709699246,
            "stall_speed_clean": 77.16,
            "LD": 15.40938218960205,
            "V_lof": 64.8144,
            "fuel_used": 162432.84952664957,
            "fuel_res": 0.0,
            "fuel": 162432.84952664957
        },
        "altitude": {
            "take_off_power": 167697070.90542787,
            "take_off_thrust": null,
            "MTOM": 255137.07063591536,
            "MTOW": 2502894.66293833,
            "OEW": 1245226.702046264,
            "ZFW": 2134798.8467092025,
            "EW": 1244801.702046264,
            "Fuel": 368095.81622912746,
            "Fuel_used": 368095.81622912746,
            "Fuel_reserve": 0.0,
            "S": 480.6611587317868,
            "aspect_ratio": 10,
            "b": 69.32973090469822,
            "MAC": 6.932973090469823,
            "cruise_altitude": 7,
            "h_b": 0.08654295814659511,
            "k": 1.455350793847103,
            "WP": 0.09377519447997307,
            "TW": null,
            "WS": 5206.956921961618,
            "fuel_economy": 0.30503664828444005,
            "altitude_payload": 90000,
            "P": 26690370.271349914,
            "T": null,
            "Cd": 0.0012698173027415375,
            "hull_surface": 416.7264709699246,
            "stall_speed_clean": 77.16,
            "LD": 15.40938218960205,
            "V_lof": 64.8144,
            "fuel_used": 368095.81622912746,
            "fuel_res": 0.0,
            "fuel": 368095.81622912746
        },
        "max": {
            "MTOM": 274875.5644428411,
            "S": 517.8509418353448,
            "b": 71.9618608594403,
            "MAC": 7.196186085944032,
            "fuel_economy": 0.1794165325723047,
            "LD": 15.40938218960205
        },
        "wing_design": {
            "taper_ratio": 0.4,
            "sweep_c_4": 0,
            "dihedral": 1,
            "sweep_x_c": 2.454031674527076,
            "chord_root": 10.280265837062904,
            "chord_tip": 4.112106334825162,
            "y_MAC": 15.420398755594352,
            "MAC": 7.636768907532444,
            "S": 517.8509418353448,
            "b": 71.9618608594403,
            "X_LEMAC": 21.056440000000002,
            "X_LE": 20.395565767617388,
            "aspect_ratio": 10
        }
    },
    "gravitational_acceleration": 9.81,
    "kinematic_viscosity": 1.002e-06,
    "rho_water": 1000.0
}