{
    "design_id": 3,
    "inputs": {
        "cruise_altitude": 10,
        "aircraft_type": "PROP",
        "wing_type": "HIGH",
        "n_wings": 1,
        "n_fuselages": 1,
        "depth": 0.1,
        "jet_consumption": 2.7e-05,
        "prop_consumption": 2.1e-08,
        "prop_efficiency": 0.85,
        "Cd0": 0.02344053599452553,
        "oswald_factor": 0.85,
        "aspect_ratio": 10,
        "tfo": 0.001,
        "n_engines": 8,
        "CLmax_clean": 1.5,
        "CLmax_takeoff": 1.7,
        "CLmax_landing": 1.7,
        "CL_hydro": 0.5,
        "r_float": 4.416363005162699,
        "upsweep": 11,
        "xcg_OEW": 0.45,
        "xcg_payload": 0.55,
        "V_h": 0.9,
        "V_v": 0.083867,
        "k": 1.1744700387202258,
        "xc_OEW": 0.2,
        "xc_wing": 0.4,
        "xc_fuselage": 0.4,
        "mf_wing": 0.12,
        "mf_fuselage": 0.2
    },
    "requirements": {
        "design_range": 3704000,
        "design_payload": 90000,
        "design_crew": 425,
        "ferry_range": 12038000,
        "reserve_range": 185200,
        "ferry_payload": 0,
        "ferry_crew": 170,
        "altitude_range_WIG": 943600,
        "altitude_range_WOG": 538000,
        "altitude_payload": 90000,
        "altitude_crew": 425,
        "cruise_speed": 115.749,
        "stall_speed_clean": 77.16,
        "stall_speed_takeoff": 61.73,
        "stall_speed_landing": 61.73,
        "stall_speed_high": 82.3,
        "high_altitude": 3048.0,
        "cargo_width": 3.5,
        "cargo_height": 4,
        "cargo_length": 7.32,
        "cargo_density": 160
    },
    "outputs": {
        "general": {
            "d_fuselage": 8.832726010325398,
            "r_fuselage": 4.416363005162699,
            "l_fuselage": 75.07817108776588,
            "l_tailcone": 39.747267046464295,
            "l_nose": 13.249089015488098,
            "l_cargo_straight": 15.316351424067726,
            "Re": 4837280592.753655,
            "Cd": 0.0012700434697589557,
            "hull_surface": 227.12738815886908,
            "take_off_power": 46205736.735140644,
            "take_off_thrust": null,
            "V_lof": 64.8165,
            "LD_g": 16.876043435299767,
            "Cd_water": 0.0012700434697589557
        },
        "design": {
            "MTOW": 2605660.3087856914,
            "total_fuel": 434466.6841051969,
            "OEW": 1281518.7143717087,
            "EW": 1281093.7143717087,
            "ZFW": 2171193.6246804944,
            "MTOM": 265612.6716397239,
            "S": 736.1453350611716,
            "b": 85.79891229270751,
            "MAC": 8.579891229270752,
            "fuel_economy": 0.07824925091417723,
            "h_b": 0.11655159410278387,
            "k": 1.3423411414657622,
            "WP": 0.09623828153181459,
            "TW": null,
            "WS": 3539.6003814507203,
            "P": 27075091.817015752,
            "T": null,
            "LD": 22.65340740836607,
            "max_fuel": 477913.35251571663,
            "mission_fuel": 430160.3699494032,
            "reserve_fuel": 4306.314155793691,
            "Mff": 0.8332604282145779
        },
        "ferry": {
            "MTOW": 786787.3926710443,
            "total_fuel": 142653.35453480072,
            "OEW": 639178.0007435725,
            "EW": 639008.0007435725,
            "ZFW": 644134.0381362436,
            "MTOM": 80202.588447609,
            "S": 222.2814181873374,
            "b": 47.14673034128002,
            "MAC": 4.714673034128002,
            "fuel_economy": 0,
            "h_b": 0.21210378593835066,
            "k": 1.1744694372634712,
            "WP": 0.09623828153181459,
            "TW": null,
            "WS": 3539.6003814507203,
            "P": 8175409.828062517,
            "T": null,
            "LD": 19.820397236690415,
            "max_fuel": 156918.6899882808,
            "mission_fuel": 141192.9737649699,
            "reserve_fuel": 1460.3807698308083,
            "Mff": 0.8186888149662509
        },
        "altitude": {
            "MTOW": 2419039.7484215098,
            "total_fuel": 313938.3844700601,
            "OEW": 1215613.0742030279,
            "EW": 1215188.0742030279,
            "ZFW": 2105101.3639514497,
            "MTOM": 246589.16905418038,
            "S": 683.4217108522535,
            "b": 82.66932386636856,
            "MAC": 8.266932386636856,
            "fuel_economy": 0.13588098799423437,
            "h_b": 0.12096385372843467,
            "k": 1.3296813333584536,
            "WP": 0.09623828153181459,
            "TW": null,
            "WS": 3539.6003814507203,
            "P": 25135940.811888043,
            "T": null,
            "LD": 22.439759936864572,
            "max_fuel": 345332.22291706613,
            "mission_fuel": 309723.36491370114,
            "reserve_fuel": 4215.0195563589805,
            "Mff": 0.8702218991337726
        },
        "max": {
            "MTOM": 265612.6716397239,
            "S": 736.1453350611716,
            "b": 85.79891229270751,
            "MAC": 8.579891229270752,
            "fuel_economy": 0.07824925091417723,
            "OEW": 1281518.7143717087,
            "total_fuel": 434466.6841051969,
            "max_fuel": 477913.35251571663,
            "mission_fuel": 430160.3699494032,
            "reserve_fuel": 4306.314155793691,
            "Mff": 0.8186888149662509,
            "MTOW": 1733790.843393344
        },
        "wing_design": {
            "taper_ratio": 0.4,
            "sweep_c_4": 0,
            "dihedral": 1,
            "sweep_x_c": 2.454031674527076,
            "chord_root": 12.256987470386788,
            "chord_tip": 4.9027949881547155,
            "y_MAC": 18.38548120558018,
            "X_LEMAC": 21.056440000000002,
            "X_LE": 20.268490805475135,
            "MAC": 9.105190692287326,
            "S": 736.1453350611716,
            "b": 85.79891229270751,
            "aspect_ratio": 10
        },
        "cg_range": {
            "most_aft_cg": 36.943914386380435,
            "most_aft_mission": "ALTITUDE_OEW_PAYLOAD",
            "most_forward_cg": 31.49295374709665,
            "most_forward_mission": "DESIGN_OEW_FUEL"
        },
        "empennage_design": {
            "S_h": 185.6057148332636,
            "S_v": 172.81954336697208,
            "l_h": 30.626439592608854,
            "l_v": 30.626439592608854
        }
    },
    "kinematic_viscosity": 1.006e-06,
    "rho_water": 1000,
    "viscosity_air": 1.484e-05,
    "rho_air": 1.225
}