{
    "design_id": 1,
    "aircraft_type": "PROP",
    "cruise_altitude": 4,
    "n_wings": 1,
    "n_fuselages": 1,
    "depth": 0.05,
    "design_range": 5185600,
    "design_payload": 130000,
    "design_crew": 425,
    "ferry_range": 12038000,
    "ferry_payload": 0,
    "ferry_crew": 425,
    "altitude_range_WIG": 943600,
    "altitude_range_WOG": 538000,
    "altitude_payload": 100000,
    "altitude_crew": 425,
    "cruise_speed": 115.749,
    "jet_consumption": 2.7e-05,
    "prop_consumption": 2.1e-08,
    "prop_efficiency": 0.82,
    "Cd0": 0.02,
    "oswald_factor": 0.85,
    "aspect_ratio": 10,
    "Cl_alpha": 5.0,
    "tfo": 0.001,
    "reserve_fuel": 0,
    "k": 1.7826838220626207,
    "n_engines": 8,
    "CLmax_clean": 1.5,
    "CLmax_takeoff": 1.6,
    "CLmax_landing": 1.8,
    "stall_speed_clean": 77.16,
    "stall_speed_takeoff": 61.728,
    "stall_speed_landing": 51.44,
    "high_altitude": 3048.0,
    "L": 74,
    "r": 4.4,
    "design": {
        "take_off_power": 62004359.65465936,
        "take_off_thrust": null,
        "MTOM": 354344.31282444106,
        "MTOW": 3476117.708807767,
        "OEW": 1588923.4937597322,
        "ZFW": 2871868.8614685396,
        "EW": 1588498.4937597322,
        "Fuel": 604248.8473392271,
        "Fuel_used": 604248.8473392271,
        "Fuel_reserve": 0.0,
        "S": 1042.7554747698223,
        "b": 102.11539917024378,
        "MAC": 10.211539917024377,
        "cruise_altitude": 4,
        "h_b": 0.039171369181364296,
        "k": 1.8680673608522869,
        "WP": 0.10140385347140748,
        "TW": null,
        "WS": 3333.092421384543,
        "fuel_economy": 0.11142704282093308,
        "design_payload": 90000,
        "P": 34279937.00247216,
        "T": null,
        "Re": 4786692215.568862,
        "Cd": 0.001271553998858633,
        "stall_speed_clean": 77.16,
        "hull_surface": 293.7086598417261
    },
    "ferry": {
        "take_off_power": 62004359.65465936,
        "take_off_thrust": null,
        "MTOM": 76145.87344111488,
        "MTOW": 746991.0184573369,
        "OEW": 625123.7855283341,
        "ZFW": 630040.0265467914,
        "EW": 624698.7855283341,
        "Fuel": 116950.99191054556,
        "Fuel_used": 116950.99191054556,
        "Fuel_reserve": 0.0,
        "S": 224.10599428487194,
        "b": 47.33983463055949,
        "MAC": 4.7339834630559485,
        "cruise_altitude": 4,
        "h_b": 0.08449543669123556,
        "k": 1.4653642289575537,
        "WP": 0.10140385347140748,
        "TW": null,
        "WS": 3333.092421384543,
        "ferry_payload": 0,
        "P": 7366495.383412264,
        "T": null,
        "Re": 4786692215.568862,
        "Cd": 0.001271553998858633,
        "stall_speed_clean": 77.16,
        "hull_surface": 293.7086598417261
    },
    "altitude": {
        "take_off_power": 62004359.65465936,
        "take_off_thrust": null,
        "MTOM": 268202.25415893254,
        "MTOW": 2631064.1132991286,
        "OEW": 1290490.1481510901,
        "ZFW": 2278290.4622643893,
        "EW": 1290065.1481510901,
        "Fuel": 352773.6510347395,
        "Fuel_used": 352773.6510347395,
        "Fuel_reserve": 0.0,
        "S": 789.3589718416051,
        "b": 88.8458762037724,
        "MAC": 8.88458762037724,
        "cruise_altitude": 4,
        "h_b": 0.04502178571378825,
        "k": 1.7826838220626207,
        "WP": 0.10140385347140748,
        "TW": null,
        "WS": 3333.092421384543,
        "fuel_economy": 0.2959935931418334,
        "altitude_payload": 90000,
        "P": 25946391.810849685,
        "T": null,
        "Re": 4786692215.568862,
        "Cd": 0.001271553998858633,
        "stall_speed_clean": 77.16,
        "hull_surface": 293.7086598417261
    },
    "gravitational_acceleration": 9.81,
    "kinematic_viscosity": 1.002e-06,
    "rho_water": 1000.0
}