{
    "design_id": 3,
    "inputs": {
        "cruise_altitude": 10,
        "aircraft_type": "PROP",
        "wing_type": "HIGH",
        "n_wings": 1,
        "n_fuselages": 1,
        "depth": 0.15,
        "jet_consumption": 2.7e-05,
        "prop_consumption": 2.1e-08,
        "prop_efficiency": 0.82,
        "Cd0": 0.02320987776055315,
        "oswald_factor": 0.85,
        "aspect_ratio": 10,
        "Cl_alpha": 5.0,
        "tfo": 0.001,
        "reserve_fuel": 0,
        "n_engines": 8,
        "CLmax_clean": 1.5,
        "CLmax_takeoff": 1.7,
        "CLmax_landing": 1.7,
        "r_float": 1.5,
        "upsweep": 11,
        "k": 1.1756000548278482
    },
    "requirements": {
        "design_range": 3704000,
        "design_payload": 90000,
        "design_crew": 425,
        "ferry_range": 12038000,
        "reserve_range": 185200,
        "ferry_payload": 0,
        "ferry_crew": 425,
        "altitude_range_WIG": 943600,
        "altitude_range_WOG": 538000,
        "altitude_payload": 90000,
        "altitude_crew": 425,
        "cruise_speed": 115.749,
        "stall_speed_clean": 77.16,
        "stall_speed_takeoff": 61.9,
        "stall_speed_landing": 61.9,
        "stall_speed_high": 82.3,
        "high_altitude": 3048.0,
        "cargo_width": 3.5,
        "cargo_height": 4,
        "cargo_length": 7.32,
        "cargo_density": 160
    },
    "outputs": {
        "general": {
            "d_fuselage": 8.832726010325398,
            "r_fuselage": 4.416363005162699,
            "l_fuselage": 75.07817108776588,
            "l_tailcone": 39.747267046464295,
            "l_nose": 13.249089015488098,
            "l_cargo_straight": 15.316351424067726,
            "Re": 4850602117.146465,
            "Cd": 0.0012696487711144299,
            "hull_surface": 358.30253673344384,
            "take_off_power": 76160445.50231826,
            "take_off_thrust": null,
            "V_lof": 64.995,
            "LD_g": 16.959692627203378
        },
        "design": {
            "MTOW": 2669083.6140316157,
            "total_fuel": 475428.4255318326,
            "fuel_mission": 450277.68191987224,
            "fuel_reserve": 25150.74361196038,
            "OEW": 1303916.8548857511,
            "EW": 1303491.8548857511,
            "ZFW": 2193655.188499783,
            "MTOM": 272077.8403701953,
            "S": 749.9273656321147,
            "b": 86.59834672972197,
            "MAC": 8.659834672972197,
            "fuel_economy": 0.16791290467176298,
            "h_b": 0.11547564564033226,
            "k": 1.3455497466700634,
            "WP": 0.0937541616198263,
            "TW": null,
            "WS": 3559.122838225619,
            "P": 28468961.46172973,
            "T": null,
            "LD": 22.82011011813565
        },
        "ferry": {
            "MTOW": 799327.4674142055,
            "total_fuel": 150752.32221093058,
            "fuel_mission": 147901.56107358137,
            "fuel_reserve": 2850.761137349211,
            "OEW": 643606.5677358607,
            "EW": 643181.5677358607,
            "ZFW": 648575.1452032749,
            "MTOM": 81480.88352846132,
            "S": 224.58057644493357,
            "b": 47.38993315514737,
            "MAC": 4.738993315514737,
            "fuel_economy": 0,
            "h_b": 0.21101527970637846,
            "k": 1.1756000548278482,
            "WP": 0.09322434116142243,
            "TW": null,
            "WS": 3559.122838225619,
            "P": 8574235.628333716,
            "T": null,
            "LD": 19.937815406203594
        },
        "altitude": {
            "MTOW": 2470898.5671704346,
            "total_fuel": 347431.23880881665,
            "fuel_mission": 323128.6392471089,
            "fuel_reserve": 24302.599561707757,
            "OEW": 1233927.1797944473,
            "EW": 1233502.1797944473,
            "ZFW": 2123467.328361618,
            "MTOM": 251875.49104693523,
            "S": 694.2692872171096,
            "b": 83.32282323692048,
            "MAC": 8.332282323692048,
            "fuel_economy": 0.3012444907733152,
            "h_b": 0.12001513644786081,
            "k": 1.33233797796671,
            "WP": 0.09375416166308645,
            "TW": null,
            "WS": 3559.122838225619,
            "P": 26355081.452808663,
            "T": null,
            "LD": 22.59604258901156
        },
        "max": {
            "MTOM": 272077.8403701953,
            "S": 749.9273656321147,
            "b": 86.59834672972197,
            "MAC": 8.659834672972197,
            "fuel_economy": 0.16791290467176298
        },
        "wing_design": {
            "taper_ratio": 0.4,
            "sweep_c_4": 0,
            "dihedral": 1,
            "sweep_x_c": 2.454031674527076,
            "chord_root": 12.371192389687689,
            "chord_tip": 4.948476955875076,
            "y_MAC": 18.556788584531535,
            "X_LEMAC": 21.056440000000002,
            "X_LE": 20.261149060662937,
            "MAC": 9.190028632339425,
            "S": 749.9273655990662,
            "b": 86.59834672781382,
            "aspect_ratio": 10
        }
    },
    "kinematic_viscosity": 1.006e-06,
    "rho_water": 1000,
    "viscosity_air": 1.484e-05,
    "rho_air": 1.225
}