{
    "design_id": 5,
    "aircraft_type": "MIXED",
    "cruise_altitude": 5,
    "design_range": 3704000,
    "design_payload": 90000,
    "design_crew": 425,
    "ferry_range": 12038000,
    "ferry_payload": 0,
    "ferry_crew": 425,
    "altitude_range_WIG": 943600,
    "altitude_range_WOG": 538000,
    "altitude_payload": 90000,
    "altitude_crew": 425,
    "cruise_speed": 115.749,
    "jet_consumption": 2.7e-05,
    "prop_consumption": 2.18e-08,
    "prop_efficiency": 0.82,
    "Cd0": 0.02,
    "oswald_factor": 0.85,
    "aspect_ratio": 10,
    "Cl_alpha": 5.0,
    "tfo": 0.001,
    "reserve_fuel": 0,
    "k": 1.7007304201580196,
    "n_engines": 8,
    "CLmax_clean": 1.5,
    "CLmax_takeoff": 1.6,
    "CLmax_landing": 1.8,
    "stall_speed_clean": 77.16,
    "stall_speed_takeoff": 61.728,
    "stall_speed_landing": 51.44,
    "high_altitude": 3048.0,
    "L": 70,
    "r": 4,
    "hull_surface": 251.32741228718345,
    "design": {
        "take_off_power": 53392355.25717556,
        "take_off_thrust": null,
        "MTOM": 265917.97840946016,
        "MTOW": 2608655.368196804,
        "OEW": 1282576.4290599907,
        "ZFW": 2172254.3344281875,
        "EW": 1282151.4290599907,
        "Fuel": 436401.0337686164,
        "Fuel_used": 436401.0337686164,
        "Fuel_reserve": 0.0,
        "S": 782.7761097774744,
        "aspect_ratio": 10,
        "b": 88.47463533564151,
        "MAC": 8.84746353356415,
        "cruise_altitude": 5,
        "h_b": 0.05651337223410717,
        "k": 1.6555810507376931,
        "WP": 0.12043522705652993,
        "TW": 0.13958078596589316,
        "WS": 3332.77241396741,
        "fuel_economy": 0.10942514436467878,
        "design_payload": 90000,
        "P": 21660235.39750834,
        "T": 364118.16660705634
    },
    "ferry": {
        "take_off_power": 53392355.25717556,
        "take_off_thrust": null,
        "MTOM": 78853.68716638954,
        "MTOW": 773554.6711022814,
        "OEW": 634504.8233377103,
        "ZFW": 639447.6280088127,
        "EW": 634079.8233377103,
        "Fuel": 134107.04309346876,
        "Fuel_used": 134107.04309346876,
        "Fuel_reserve": 0.0,
        "S": 232.09659597591897,
        "aspect_ratio": 10,
        "b": 48.176404595602506,
        "MAC": 4.817640459560249,
        "cruise_altitude": 5,
        "h_b": 0.1037852459512181,
        "k": 1.3838980139623878,
        "WP": 0.1169114736292686,
        "TW": 0.13859753138860148,
        "WS": 3332.77241396741,
        "fuel_economy": 0.010346645835648543,
        "ferry_payload": 0,
        "P": 6616584.729359047,
        "T": 107212.76780889774
    },
    "altitude": {
        "take_off_power": 53392355.25717556,
        "take_off_thrust": null,
        "MTOM": 314497.39849217876,
        "MTOW": 3085219.479208274,
        "OEW": 1450876.5496701603,
        "ZFW": 2341031.0191493686,
        "EW": 1450451.5496701603,
        "Fuel": 744188.4600589052,
        "Fuel_used": 744188.4600589052,
        "Fuel_reserve": 0.0,
        "S": 925.68663364269,
        "aspect_ratio": 10,
        "b": 96.21261006971436,
        "MAC": 9.621261006971435,
        "cruise_altitude": 5,
        "h_b": 0.05196823988432563,
        "k": 1.7007304201580196,
        "WP": 0.12087790182602104,
        "TW": 0.1399101599458077,
        "WS": 3332.77241396741,
        "fuel_economy": 0.46650284586430496,
        "altitude_payload": 90000,
        "P": 25523436.729145207,
        "T": 431653.5508039511
    },
    "gravitational_acceleration": 9.81,
    "kinematic_viscosity": 1.002e-06,
    "rho_water": 1000.0,
    "MTOW": 3085219.479208274,
    "fuel_used": 744188.4600589052,
    "fuel_res": 0.0,
    "fuel": 744188.4600589052,
    "OEW": 1450876.5496701603,
    "ZFW": 2341031.0191493686,
    "EW": 1450451.5496701603,
    "MTOM": 314497.39849217876,
    "TW": 0.13716682347628203,
    "WP": 0.12334479778165412,
    "WS": 3400.7881775177657
}