{
    "design_id": 2,
    "inputs": {
        "cruise_altitude": 8,
        "aircraft_type": "PROP",
        "wing_type": "HIGH",
        "n_wings": 1,
        "n_fuselages": 2,
        "depth": 0.1,
        "jet_consumption": 2.7e-05,
        "prop_consumption": 2.1e-08,
        "prop_efficiency": 0.82,
        "Cd0": 0.02422111472806403,
        "oswald_factor": 0.85,
        "aspect_ratio": 10,
        "tfo": 0.001,
        "reserve_fuel": 0,
        "n_engines": 8,
        "CLmax_clean": 1.5,
        "CLmax_takeoff": 1.7,
        "CLmax_landing": 1.7,
        "r_float": 3.1,
        "upsweep": 11,
        "k": 1.2273094818855428
    },
    "requirements": {
        "design_range": 3704000,
        "design_payload": 90000,
        "design_crew": 425,
        "ferry_range": 12038000,
        "reserve_range": 185200,
        "ferry_payload": 0,
        "ferry_crew": 425,
        "altitude_range_WIG": 943600,
        "altitude_range_WOG": 538000,
        "altitude_payload": 90000,
        "altitude_crew": 425,
        "cruise_speed": 115.749,
        "stall_speed_clean": 77.16,
        "stall_speed_takeoff": 61.9,
        "stall_speed_landing": 61.9,
        "stall_speed_high": 82.3,
        "high_altitude": 3048.0,
        "cargo_width": 3.5,
        "cargo_height": 4,
        "cargo_length": 7.32,
        "cargo_density": 160
    },
    "outputs": {
        "general": {
            "d_fuselage": 6.2048047905502495,
            "r_fuselage": 3.1024023952751247,
            "l_fuselage": 52.740840719677124,
            "l_tailcone": 27.921621557476122,
            "l_nose": 9.307207185825375,
            "l_cargo_straight": 8.74654837462985,
            "Re": 3407446264.9855022,
            "Cd": 0.0013218773711531056,
            "hull_surface": 210.4204947871738,
            "take_off_power": 93133344.13863601,
            "take_off_thrust": null,
            "V_lof": 64.995,
            "LD_g": 16.6018826655351
        },
        "design": {
            "MTOW": 2603249.4529638942,
            "total_fuel": 432909.64048524527,
            "OEW": 1280667.3130256853,
            "EW": 1280242.3130256853,
            "ZFW": 2170339.812478649,
            "MTOM": 265366.91671395453,
            "S": 731.2886565629583,
            "b": 85.51541712246735,
            "MAC": 8.551541712246735,
            "fuel_economy": 0.15438403984030627,
            "h_b": 0.09355038271687469,
            "k": 1.423759080105479,
            "WP": 0.09087451023075915,
            "TW": null,
            "WS": 3559.8064228808703,
            "P": 28646640.805583652,
            "T": null,
            "LD": 23.637081191901352,
            "max_fuel": 476200.60453376983,
            "mission_fuel": 424348.44369837525,
            "reserve_fuel": 8561.196786870016,
            "fuel_mission": 424348.44369837525,
            "fuel_reserve": 8561.196786870016
        },
        "ferry": {
            "MTOW": 788430.4972191943,
            "total_fuel": 143714.54841892933,
            "OEW": 639758.2683030458,
            "EW": 639333.2683030458,
            "ZFW": 644715.948800265,
            "MTOM": 80370.08126597291,
            "S": 221.48056036150754,
            "b": 47.061721213902445,
            "MAC": 4.706172121390245,
            "fuel_economy": 0,
            "h_b": 0.1699895327593061,
            "k": 1.2278227058564473,
            "WP": 0.09087451023075915,
            "TW": null,
            "WS": 3559.8064228808703,
            "P": 8676035.724617604,
            "T": null,
            "LD": 20.384168496708554,
            "max_fuel": 158086.00326082227,
            "mission_fuel": 140764.61290849908,
            "reserve_fuel": 2949.935510430252,
            "fuel_mission": 140764.61290849908,
            "fuel_reserve": 2949.935510430252
        },
        "altitude": {
            "MTOW": 2421875.6595376004,
            "total_fuel": 315769.9487096682,
            "OEW": 1216614.5851683947,
            "EW": 1216189.5851683947,
            "ZFW": 2106105.710827932,
            "MTOM": 246878.25275612643,
            "S": 680.3390846304951,
            "b": 82.48266997560731,
            "MAC": 8.24826699756073,
            "fuel_economy": 0.2697045520425453,
            "h_b": 0.09699007079142623,
            "k": 1.4096052495478657,
            "WP": 0.09087451023075915,
            "TW": null,
            "WS": 3559.8064228808703,
            "P": 26650769.87361683,
            "T": null,
            "LD": 23.40210095771599,
            "max_fuel": 347346.943580635,
            "mission_fuel": 307378.54730164324,
            "reserve_fuel": 8391.401408024947,
            "fuel_mission": 307378.54730164324,
            "fuel_reserve": 8391.401408024947
        },
        "max": {
            "MTOM": 265366.91671395453,
            "S": 731.2886565629583,
            "b": 85.51541712246735,
            "MAC": 8.551541712246735,
            "fuel_economy": 0.15438403984030627,
            "OEW": 1280667.3130256853,
            "total_fuel": 432909.64048524527,
            "max_fuel": 476200.60453376983,
            "mission_fuel": 424348.44369837525,
            "reserve_fuel": 8561.196786870016
        },
        "wing_design": {
            "taper_ratio": 0.4,
            "sweep_c_4": 0,
            "dihedral": 1,
            "sweep_x_c": 2.454031674527076,
            "chord_root": 12.21648816035248,
            "chord_tip": 4.886595264140992,
            "y_MAC": 18.32473224052872,
            "X_LEMAC": 21.056440000000002,
            "X_LE": 20.27109433254877,
            "MAC": 9.075105490547557,
            "S": 731.2886565629583,
            "b": 85.51541712246735,
            "aspect_ratio": 10
        },
        "cg_range": {},
        "empennage_design": {
            "S_h": 434.39275509825796,
            "S_v": 324.22106312140426
        }
    },
    "kinematic_viscosity": 1.006e-06,
    "rho_water": 1000
}