{
    "design_id": 4,
    "aircraft_type": "PROP",
    "cruise_altitude": 5,
    "n_wings": 2,
    "design_range": 3704000,
    "design_payload": 90000,
    "design_crew": 425,
    "ferry_range": 12038000,
    "ferry_payload": 0,
    "ferry_crew": 425,
    "altitude_range_WIG": 943600,
    "altitude_range_WOG": 538000,
    "altitude_payload": 90000,
    "altitude_crew": 425,
    "cruise_speed": 115.749,
    "jet_consumption": 2.7e-05,
    "prop_consumption": 2.18e-08,
    "prop_efficiency": 0.82,
    "Cd0": 0.02,
    "oswald_factor": 0.85,
    "aspect_ratio": 10,
    "Cl_alpha": 5.0,
    "tfo": 0.001,
    "reserve_fuel": 0,
    "k": 1.4762546120610625,
    "n_engines": 8,
    "CLmax_clean": 1.5,
    "CLmax_takeoff": 1.6,
    "CLmax_landing": 1.8,
    "stall_speed_clean": 77.16,
    "stall_speed_takeoff": 61.728,
    "stall_speed_landing": 51.44,
    "high_altitude": 3048.0,
    "L": 70,
    "r": 4,
    "hull_surface": 251.32741228718345,
    "design": {
        "take_off_power": 53392355.25717556,
        "take_off_thrust": null,
        "MTOM": 267081.420454713,
        "MTOW": 2620068.7346607344,
        "OEW": 1286607.0954657565,
        "ZFW": 2176296.414200417,
        "EW": 1286182.0954657565,
        "Fuel": 443772.3204603171,
        "Fuel_used": 443772.3204603171,
        "Fuel_reserve": 0.0,
        "S": 786.136086866856,
        "aspect_ratio": 10,
        "b": 62.69513884133506,
        "MAC": 12.539027768267012,
        "cruise_altitude": 5,
        "h_b": 0.07975099971711823,
        "k": 1.4901186000821505,
        "WP": 0.10139945256551712,
        "TW": null,
        "WS": 3332.77241396741,
        "fuel_economy": 0.16548699243477136,
        "design_payload": 90000,
        "P": 25839081.655473754,
        "T": null
    },
    "ferry": {
        "take_off_power": 53392355.25717556,
        "take_off_thrust": null,
        "MTOM": 79170.91537639213,
        "MTOW": 776666.6798424069,
        "OEW": 635603.8390508143,
        "ZFW": 640549.7557306567,
        "EW": 635178.8390508143,
        "Fuel": 136116.92411175015,
        "Fuel_used": 136116.92411175015,
        "Fuel_reserve": 0.0,
        "S": 233.03290057810642,
        "aspect_ratio": 10,
        "b": 34.134506044331914,
        "MAC": 6.826901208866383,
        "cruise_altitude": 5,
        "h_b": 0.14647934244328276,
        "k": 1.2693261920639414,
        "WP": 0.10035988147343483,
        "TW": null,
        "WS": 3332.77241396741,
        "ferry_payload": 0,
        "P": 7738816.23253999,
        "T": null
    },
    "altitude": {
        "take_off_power": 53392355.25717556,
        "take_off_thrust": null,
        "MTOM": 250461.4791437873,
        "MTOW": 2457027.1104005533,
        "OEW": 1229028.4310354297,
        "ZFW": 2118554.7081458303,
        "EW": 1228603.4310354297,
        "Fuel": 338472.40225472295,
        "Fuel_used": 338472.40225472295,
        "Fuel_reserve": 0.0,
        "S": 737.2154081133027,
        "aspect_ratio": 10,
        "b": 60.713071414371,
        "MAC": 12.142614282874202,
        "cruise_altitude": 5,
        "h_b": 0.0823545882874982,
        "k": 1.4762546120610625,
        "WP": 0.10139945256551712,
        "TW": null,
        "WS": 3332.77241396741,
        "fuel_economy": 0.31554908501957246,
        "altitude_payload": 90000,
        "P": 24231167.410031106,
        "T": null
    },
    "gravitational_acceleration": 9.81,
    "kinematic_viscosity": 1.002e-06,
    "rho_water": 1000.0
}