{
    "design_id": 2,
    "inputs": {
        "cruise_altitude": 8,
        "aircraft_type": "PROP",
        "wing_type": "HIGH",
        "tail_type": "H_TAIL",
        "n_wings": 1,
        "n_fuselages": 2,
        "depth": 0.1,
        "jet_consumption": 2.7e-05,
        "prop_consumption": 2.1e-08,
        "prop_efficiency": 0.85,
        "Cd0": 0.020850398752764756,
        "oswald_factor": 0.85,
        "aspect_ratio": 10,
        "aspect_h": 4.5,
        "aspect_v": 1.5,
        "sweep_h": 10,
        "sweep_hc4": 0,
        "taper_h": 0.3,
        "sweep_v": 10,
        "taper_v": 0.6,
        "h_position": 0.8050784372093152,
        "v_position": 0.8024368318534875,
        "tfo": 0.001,
        "n_engines": 6.0,
        "CLmax_clean": 1.6,
        "CLmax_takeoff": 2.4,
        "CLmax_landing": 2.4,
        "CL_hydro": 0.5,
        "r_float": 3.1024023952751247,
        "upsweep": 11,
        "xcg_OEW": 0.4,
        "V_h": 0.9,
        "V_v": 0.083867,
        "xc_OEW": 0.2,
        "xc_wing": 0.4,
        "xc_fuselage": 0.4,
        "mf_wing": 0.12,
        "mf_fuselage": 0.2,
        "ltcd": 4.5,
        "lnd": 1.5,
        "lfd": 8.5,
        "engine_power": 8202000
    },
    "requirements": {
        "design_range": 3704000,
        "design_payload": 90000,
        "design_crew": 425,
        "ferry_range": 12038000,
        "reserve_range": 185200,
        "ferry_payload": 0,
        "ferry_crew": 170,
        "altitude_range_WIG": 943600,
        "altitude_range_WOG": 538000,
        "altitude_payload": 90000,
        "altitude_crew": 425,
        "cruise_speed": 115.749,
        "stall_speed_clean": 77.16,
        "stall_speed_takeoff": 61.9,
        "stall_speed_landing": 61.9,
        "stall_speed_high": 82.3,
        "high_altitude": 3048.0,
        "cargo_width": 3.5,
        "cargo_height": 4,
        "cargo_length": 7.32,
        "cargo_density": 160
    },
    "outputs": {
        "general": {
            "d_fuselage": 6.2048047905502495,
            "r_fuselage": 3.1024023952751247,
            "l_fuselage": 52.740840719677124,
            "l_tailcone": 27.921621557476122,
            "l_nose": 9.307207185825375,
            "l_cargo_straight": 8.74654837462985,
            "Re": 3407446264.9855022,
            "Cd_water": 0.0013218773711531056,
            "hull_surface": 224.16418708256532,
            "take_off_power": 47857314.10082371,
            "take_off_thrust": null,
            "V_lof": 64.995,
            "LD_g": 17.893579245988516,
            "xcg_payload": 0.36692342744070505,
            "fuselage_separation": 12.409609581100499
        },
        "design": {
            "MTOW": 2505131.6841752473,
            "total_fuel": 369540.5893313366,
            "OEW": 1246016.7131597353,
            "EW": 1245591.7131597353,
            "ZFW": 2135591.0948439105,
            "MTOM": 255365.1054205145,
            "S": 498.4584065994028,
            "b": 70.60158685181253,
            "MAC": 7.0601586851812534,
            "fuel_economy": 0.06666808165368011,
            "h_b": 0.11331190071961703,
            "k": 1.7602869675182273,
            "WP": 0.1140410796514965,
            "TW": null,
            "WS": 5025.609067596522,
            "P": 21966923.601835385,
            "T": null,
            "LD": 31.497797336607718,
            "max_fuel": 406494.6482644703,
            "mission_fuel": 366495.0952619046,
            "reserve_fuel": 3045.494069432025,
            "Mff": 0.8524865612192364
        },
        "ferry": {
            "MTOW": 732209.3000300587,
            "total_fuel": 107404.26573927954,
            "OEW": 619903.5749907491,
            "EW": 619733.5749907491,
            "ZFW": 624805.0342907791,
            "MTOM": 74639.0723781915,
            "S": 145.68484786477126,
            "b": 38.1686845286514,
            "MAC": 3.81686845286514,
            "fuel_economy": 0,
            "h_b": 0.20959590561720262,
            "k": 1.5323819747461673,
            "WP": 0.10654031112241973,
            "TW": null,
            "WS": 5025.609067596522,
            "P": 6872603.358448207,
            "T": null,
            "LD": 27.419798300244803,
            "max_fuel": 118144.6923132075,
            "mission_fuel": 106380.62835231524,
            "reserve_fuel": 1023.6373869642994,
            "Mff": 0.8533148025641434
        },
        "altitude": {
            "MTOW": 2389845.6187778576,
            "total_fuel": 295083.44802355865,
            "OEW": 1205303.075135521,
            "EW": 1204878.075135521,
            "ZFW": 2094762.170754299,
            "MTOM": 243613.212923329,
            "S": 475.53252189765607,
            "b": 68.95886613755015,
            "MAC": 6.895886613755016,
            "fuel_economy": 0.12813962839885484,
            "h_b": 0.11601118823564535,
            "k": 1.7496010519563252,
            "WP": 0.11372333824872616,
            "TW": null,
            "WS": 5025.609067596522,
            "P": 21014557.394991234,
            "T": null,
            "LD": 31.306625072045374,
            "max_fuel": 324591.79282591457,
            "mission_fuel": 292077.924015158,
            "reserve_fuel": 3005.52400840068,
            "Mff": 0.8765261464150721
        },
        "max": {
            "MTOM": 255365.1054205145,
            "S": 498.4584065994028,
            "b": 70.60158685181253,
            "MAC": 7.0601586851812534,
            "fuel_economy": 0.06666808165368011,
            "OEW": 1246016.7131597353,
            "total_fuel": 369540.5893313366,
            "max_fuel": 406494.6482644703,
            "mission_fuel": 366495.0952619046,
            "reserve_fuel": 3045.494069432025,
            "Mff": 0.8524865612192364,
            "MTOW": 2505131.6841752473,
            "LD": 31.497797336607718
        },
        "wing_design": {
            "taper_ratio": 0.4,
            "sweep_c_4": 0,
            "dihedral": 1,
            "sweep_x_c": 2.454031674527076,
            "chord_root": 10.085940978830363,
            "chord_tip": 4.034376391532145,
            "y_MAC": 15.128911468245544,
            "X_LEMAC": 20.496943223986076,
            "X_LE": 19.84856130391841,
            "MAC": 7.492413298559699,
            "S": 498.4584065994028,
            "b": 70.60158685181253,
            "aspect_ratio": 10
        },
        "cg_range": {
            "most_aft_cg": 21.87040835261393,
            "most_aft_mission": "DESIGN_OEW_FUEL",
            "most_forward_cg": 20.358761037664614,
            "most_forward_mission": "ALTITUDE_OEW_PAYLOAD"
        },
        "empennage_design": {
            "vertical_tail": {
                "S": 72.13875292212327,
                "l_v": 20.456713813900464,
                "mac": 14.401771856330363,
                "b": 7.355546525690151,
                "chord_root": 12.944804872082456,
                "chord_tip": 6.669985863091278,
                "sweep": 10,
                "taper": 0.5152635307370427,
                "MAC": 10.141950331127651,
                "aspect_ratio": 1.5,
                "LE_pos": 39.49603584759467,
                "relative_pos_mac/4": 0.8024368318534875
            },
            "horizontal_tail": {
                "S": 163.19396951881274,
                "l_h": 20.596292650129733,
                "mac": 7.64605310200267,
                "b": 27.099314803785305,
                "chord_root": 6.669412124170521,
                "chord_tip": 5.374316439463831,
                "sweep": 10,
                "taper": 0.8058156160401075,
                "MAC": 6.045075156307909,
                "sweep_c_4": 0,
                "aspect_ratio": 4.5,
                "tail_height": 13.5603513162404,
                "LE_pos": 39.797478765854194,
                "relative_pos_mac/4": 0.8050784372093152
            }
        }
    },
    "kinematic_viscosity": 1.006e-06,
    "rho_water": 1000,
    "viscosity_air": 1.48e-05,
    "rho_air": 1.225
}