{
    "design_id": 3,
    "inputs": {
        "cruise_altitude": 10,
        "aircraft_type": "PROP",
        "wing_type": "HIGH",
        "tail_type": "CONVENTIONAL",
        "n_wings": 1,
        "n_fuselages": 1,
        "depth": 0.1,
        "jet_consumption": 2.7e-05,
        "prop_consumption": 2.1e-08,
        "prop_efficiency": 0.85,
        "Cd0": 0.018402711299361187,
        "oswald_factor": 0.6560637537879077,
        "aspect_ratio": 8,
        "aspect_h": 4.5,
        "aspect_v": 1.5,
        "sweep_h": 21,
        "sweep_hc4": 30,
        "taper_h": 0.3,
        "sweep_v": 33,
        "taper_v": 0.29,
        "h_position": 0.9367482714051187,
        "v_position": 0.8891952741189892,
        "tfo": 0.001,
        "n_engines": 6.0,
        "CLmax_clean": 1.6,
        "CLmax_takeoff": 2.4,
        "CLmax_landing": 2.4,
        "CL_hydro": 0.5,
        "r_float": 4.416363005162699,
        "upsweep": 11,
        "xcg_OEW": 0.4,
        "V_h": 0.9,
        "V_v": 0.083867,
        "xc_OEW": 0.2,
        "xc_wing": 0.4,
        "xc_fuselage": 0.4,
        "mf_wing": 0.12,
        "mf_fuselage": 0.2,
        "engine_power": 8202000
    },
    "requirements": {
        "design_range": 3704000,
        "design_payload": 90000,
        "design_crew": 425,
        "ferry_range": 12038000,
        "reserve_range": 185200,
        "ferry_payload": 0,
        "ferry_crew": 170,
        "altitude_range_WIG": 943600,
        "altitude_range_WOG": 538000,
        "altitude_payload": 90000,
        "altitude_crew": 425,
        "cruise_speed": 115.749,
        "stall_speed_clean": 77.16,
        "stall_speed_takeoff": 61.73,
        "stall_speed_landing": 61.73,
        "stall_speed_high": 82.3,
        "high_altitude": 3048.0,
        "cargo_width": 3.5,
        "cargo_height": 4,
        "cargo_length": 7.32,
        "cargo_density": 160
    },
    "outputs": {
        "general": {
            "d_fuselage": 8.832726010325398,
            "r_fuselage": 4.416363005162699,
            "l_fuselage": 75.07817108776588,
            "l_tailcone": 39.747267046464295,
            "l_nose": 13.249089015488098,
            "l_cargo_straight": 15.316351424067726,
            "Re": 4837280592.753655,
            "Cd": 0.0012700434697589557,
            "hull_surface": 227.12738815886908,
            "take_off_power": 46205736.735140644,
            "take_off_thrust": null,
            "V_lof": 64.8165,
            "LD_g": 14.96656202861249,
            "Cd_water": 0.0012700434697589557,
            "xcg_payload": 0.44404883931977346
        },
        "design": {
            "MTOW": 2660727.321062625,
            "total_fuel": 470031.54010377446,
            "OEW": 1300965.8036377877,
            "EW": 1300540.8036377877,
            "ZFW": 2190695.7809588504,
            "MTOM": 271226.0266118884,
            "S": 532.423333135427,
            "b": 65.26397677956359,
            "MAC": 8.157997097445449,
            "fuel_economy": 0.06710844165758807,
            "h_b": 0.15322388388583985,
            "k": 1.6666732579694647,
            "WP": 0.09462125079283183,
            "TW": null,
            "WS": 4997.0828914598405,
            "P": 28119764.83895933,
            "T": null,
            "LD": 24.94436869682966,
            "max_fuel": 517034.69411415193,
            "mission_fuel": 466085.96135347633,
            "reserve_fuel": 3945.5787502981257,
            "Mff": 0.8233447161672861
        },
        "ferry": {
            "MTOW": 765117.9132924874,
            "total_fuel": 128658.18970205486,
            "OEW": 631525.35567714,
            "EW": 631355.35567714,
            "ZFW": 636459.7235904325,
            "MTOM": 77993.67107976426,
            "S": 153.10054099360326,
            "b": 34.997204573348796,
            "MAC": 4.3746505716686,
            "fuel_economy": 0,
            "h_b": 0.2857371073464318,
            "k": 1.482431922170139,
            "WP": 0.09180079975608517,
            "TW": null,
            "WS": 4997.0828914598405,
            "P": 8334545.18180023,
            "T": null,
            "LD": 22.186909316354626,
            "max_fuel": 141524.00867226036,
            "mission_fuel": 127369.27595091627,
            "reserve_fuel": 1288.9137511385925,
            "Mff": 0.8318452783984529
        },
        "altitude": {
            "MTOW": 2418795.4705124875,
            "total_fuel": 313780.618353854,
            "OEW": 1215526.8066881208,
            "EW": 1215101.8066881208,
            "ZFW": 2105014.8521586335,
            "MTOM": 246564.26814602318,
            "S": 484.0402346592294,
            "b": 62.22798307252,
            "MAC": 7.778497884064999,
            "fuel_economy": 0.13597982136790826,
            "h_b": 0.1606994073445395,
            "k": 1.6489814069170334,
            "WP": 0.09462125079283183,
            "TW": null,
            "WS": 4997.0828914598405,
            "P": 25562920.06547568,
            "T": null,
            "LD": 24.679582510652473,
            "max_fuel": 345158.68018923944,
            "mission_fuel": 309948.64297144796,
            "reserve_fuel": 3831.9753824060317,
            "Mff": 0.8702740177170205
        },
        "max": {
            "MTOM": 271226.0266118884,
            "S": 532.423333135427,
            "b": 65.26397677956359,
            "MAC": 8.157997097445449,
            "fuel_economy": 0.06710844165758807,
            "OEW": 1300965.8036377877,
            "total_fuel": 470031.54010377446,
            "max_fuel": 517034.69411415193,
            "mission_fuel": 466085.96135347633,
            "reserve_fuel": 3945.5787502981257,
            "Mff": 0.8233447161672861,
            "MTOW": 2660727.321062625,
            "LD": 24.94436869682966
        },
        "wing_design": {
            "taper_ratio": 0.4,
            "sweep_c_4": 0,
            "dihedral": 1,
            "sweep_x_c": 3.066485501125894,
            "chord_root": 11.654281567779215,
            "chord_tip": 4.661712627111686,
            "y_MAC": 13.985137881335056,
            "X_LEMAC": 29.338671130506903,
            "X_LE": 28.589467315435382,
            "MAC": 8.65746630749313,
            "S": 532.423333135427,
            "b": 65.26397677956359,
            "aspect_ratio": 8
        },
        "cg_range": {
            "most_aft_cg": 31.760592074704547,
            "most_aft_mission": "DESIGN_OEW_PAYLOAD_FUEL",
            "most_forward_cg": 30.031268435106355,
            "most_forward_mission": "DESIGN_OEW"
        },
        "empennage_design": {
            "vertical_tail": {
                "S": 83.26673013849133,
                "l_v": 34.998562846033806,
                "mac": 11.941273556683253,
                "b": 11.175871116281584,
                "chord_root": 11.551287975484842,
                "chord_tip": 3.349873512890604,
                "sweep": 33,
                "taper": 0.29,
                "MAC": 8.202906877061356,
                "aspect_ratio": 1.5,
                "LE_pos": 63.226883112281044,
                "relative_pos_mac/4": 0.8891952741189892
            },
            "horizontal_tail": {
                "S": 107.5609874006116,
                "l_h": 38.56875491201791,
                "mac": 6.890369749157854,
                "b": 22.000555522594247,
                "chord_root": 7.521557443621964,
                "chord_tip": 2.256467233086589,
                "sweep": 21,
                "sweep_hc4": 30,
                "taper": 0.3,
                "MAC": 5.3615204341715526,
                "sweep_c_4": 30,
                "aspect_ratio": 4.5,
                "tail_height": 8.832726010325398,
                "LE_pos": 67.25661364414393,
                "relative_pos_mac/4": 0.9367482714051187
            }
        }
    },
    "kinematic_viscosity": 1.006e-06,
    "rho_water": 1000,
    "viscosity_air": 1.484e-05,
    "rho_air": 1.225
}