{
    "design_id": 1,
    "inputs": {
        "cruise_altitude": 4,
        "aircraft_type": "PROP",
        "wing_type": "LOW",
        "n_wings": 1,
        "n_fuselages": 1,
        "depth": 0.1,
        "jet_consumption": 2.7e-05,
        "prop_consumption": 2.1e-08,
        "prop_efficiency": 0.85,
        "Cd0": 0.02392332955096443,
        "oswald_factor": 0.85,
        "aspect_ratio": 10,
        "tfo": 0.001,
        "reserve_fuel": 0,
        "n_engines": 8,
        "CLmax_clean": 1.5,
        "CLmax_takeoff": 1.7,
        "CLmax_landing": 1.7,
        "CL_hydro": 0.5,
        "r_float": 3,
        "upsweep": 11,
        "xcg_OEW": 0.4,
        "xcg_payload": 0.55,
        "V_h": 0.9,
        "V_v": 0.0838
    },
    "requirements": {
        "design_range": 3704000,
        "design_payload": 90000,
        "design_crew": 425,
        "ferry_range": 12038000,
        "ferry_payload": 0,
        "reserve_range": 185200,
        "ferry_crew": 170,
        "altitude_range_WIG": 943600,
        "altitude_range_WOG": 538000,
        "altitude_payload": 90000,
        "altitude_crew": 425,
        "cruise_speed": 115.749,
        "stall_speed_clean": 77.16,
        "stall_speed_takeoff": 61.9,
        "stall_speed_landing": 61.9,
        "stall_speed_high": 82.3,
        "high_altitude": 3048.0,
        "cargo_width": 3.5,
        "cargo_height": 4,
        "cargo_length": 7.32,
        "cargo_density": 160
    },
    "outputs": {
        "general": {
            "d_fuselage": 8.832726010325398,
            "r_fuselage": 4.416363005162699,
            "l_fuselage": 75.07817108776588,
            "l_tailcone": 39.747267046464295,
            "l_nose": 13.249089015488098,
            "l_cargo_straight": 15.316351424067726,
            "LD_g": 16.704888919806766,
            "Re": 4850602117.146465,
            "Cd_water": 0.0012696487711144299,
            "hull_surface": 154.28581474848784,
            "take_off_power": 31637380.503370564,
            "take_off_thrust": null,
            "V_lof": 64.995
        },
        "design": {
            "MTOW": 2524434.5301688835,
            "total_fuel": 382007.2714653508,
            "OEW": 1252833.5741733636,
            "EW": 1252408.5741733636,
            "ZFW": 2142427.2587035326,
            "MTOM": 257332.77575625724,
            "S": 708.8770741477266,
            "b": 84.19483797405435,
            "MAC": 8.419483797405437,
            "h_b": 0.047508850854165764,
            "k": 1.7512670211533372,
            "WP": 0.09507857087882329,
            "TW": null,
            "WS": 3561.1738935188127,
            "P": 26551035.7048409,
            "T": null,
            "LD": 29.254721057287384,
            "max_fuel": 420207.99861188594,
            "mission_fuel": 375422.85953708156,
            "reserve_fuel": 6584.411928269255,
            "fuel_mission": 375422.85953708156,
            "fuel_reserve": 6584.411928269255,
            "Mff": 0.8486761027469408,
            "fuel_economy": 0.06829210589132229
        },
        "ferry": {
            "MTOW": 750110.7744009688,
            "total_fuel": 118965.87643574965,
            "OEW": 626225.5371908181,
            "EW": 626055.5371908181,
            "ZFW": 631144.8979652191,
            "MTOM": 76463.89137624555,
            "S": 210.6358175224577,
            "b": 45.89507789757609,
            "MAC": 4.589507789757609,
            "fuel_economy": 0,
            "h_b": 0.08715531562941865,
            "k": 1.4524289562529538,
            "WP": 0.09507857087882329,
            "TW": null,
            "WS": 3561.1738935188127,
            "P": 7889377.88470735,
            "T": null,
            "LD": 24.262664378116472,
            "max_fuel": 130862.46407932464,
            "mission_fuel": 116626.3140397762,
            "reserve_fuel": 2339.562395973451,
            "fuel_mission": 116626.3140397762,
            "fuel_reserve": 2339.562395973451,
            "Mff": 0.8414022561790895
        },
        "altitude": {
            "MTOW": 2399120.024958165,
            "total_fuel": 301073.2939700968,
            "OEW": 1208578.3609631099,
            "EW": 1208153.3609631099,
            "ZFW": 2098046.730988068,
            "MTOM": 244558.6162036865,
            "S": 673.6879738797543,
            "b": 82.07849742044223,
            "MAC": 8.207849742044225,
            "fuel_economy": 0.12923341531412694,
            "h_b": 0.04873383560508226,
            "k": 1.7366896488051342,
            "WP": 0.09507857087882329,
            "TW": null,
            "WS": 3561.1738935188127,
            "P": 25233025.72580545,
            "T": null,
            "LD": 29.01120767146799,
            "max_fuel": 331180.6233671065,
            "mission_fuel": 294571.0716504329,
            "reserve_fuel": 6502.22231966391,
            "fuel_mission": 294571.0716504329,
            "fuel_reserve": 6502.22231966391,
            "Mff": 0.8745067813039713
        },
        "max": {
            "MTOM": 257332.77575625724,
            "S": 708.8770741477266,
            "b": 84.19483797405435,
            "MAC": 8.419483797405437,
            "fuel_economy": 0.06829210589132229,
            "OEW": 1252833.5741733636,
            "total_fuel": 382007.2714653508,
            "max_fuel": 420207.99861188594,
            "mission_fuel": 375422.85953708156,
            "reserve_fuel": 6584.411928269255,
            "Mff": 0.8414022561790895
        },
        "wing_design": {
            "taper_ratio": 0.4,
            "sweep_c_4": 0,
            "dihedral": 5,
            "sweep_x_c": 2.454031674527076,
            "chord_root": 12.02783399629348,
            "chord_tip": 4.811133598517393,
            "y_MAC": 18.041750994440218,
            "X_LEMAC": 21.056440000000002,
            "X_LE": 20.283222100238277,
            "MAC": 8.934962397246585,
            "S": 708.8770741477266,
            "b": 84.19483797405435,
            "aspect_ratio": 10
        },
        "cg_range": {
            "most_aft_cg": 34.785311208673285,
            "most_aft_mission": "ALTITUDE_OEW_PAYLOAD",
            "most_forward_cg": 28.834449713297087,
            "most_forward_mission": "DESIGN_OEW_FUEL"
        },
        "empennage_design": {
            "S_h": 163.84121179151012,
            "S_v": 152.5543727569838,
            "l_h": 32.785042770316004,
            "l_v": 32.785042770316004
        }
    },
    "kinematic_viscosity": 1.006e-06,
    "rho_water": 1000,
    "viscosity_air": 1.484e-05,
    "rho_air": 1.225
}