{
    "design_id": 3,
    "inputs": {
        "cruise_altitude": 10,
        "aircraft_type": "PROP",
        "wing_type": "HIGH",
        "tail_type": "CONVENTIONAL",
        "n_wings": 1,
        "n_fuselages": 1,
        "depth": 0.1,
        "jet_consumption": 2.7e-05,
        "prop_consumption": 2.1e-08,
        "prop_efficiency": 0.85,
        "Cd0": 0.017563392619470024,
        "oswald_factor": 0.85,
        "aspect_ratio": 8,
        "aspect_h": 4.5,
        "aspect_v": 1.5,
        "sweep_hc4": 10,
        "sweep_vc4": 10,
        "h_position": 0.9376103975594868,
        "v_position": 0.8970738482497326,
        "tfo": 0.001,
        "n_engines": 6.0,
        "CLmax_clean": 1.6,
        "CLmax_takeoff": 2.4,
        "CLmax_landing": 2.4,
        "CL_hydro": 0.5,
        "r_float": 4.416363005162699,
        "upsweep": 11,
        "xcg_OEW": 0.4,
        "V_h": 0.9,
        "V_v": 0.083867,
        "xc_OEW": 0.2,
        "xc_wing": 0.4,
        "xc_fuselage": 0.4,
        "mf_wing": 0.08,
        "mf_fuselage": 0.08,
        "ltcd": 4.5,
        "lnd": 1.5,
        "lfd": 8.5,
        "engine_power": 8202000
    },
    "requirements": {
        "design_range": 3704000,
        "design_payload": 90000,
        "design_crew": 425,
        "ferry_range": 12038000,
        "reserve_range": 185200,
        "ferry_payload": 0,
        "ferry_crew": 170,
        "altitude_range_WIG": 943600,
        "altitude_range_WOG": 538000,
        "altitude_payload": 90000,
        "altitude_crew": 425,
        "cruise_speed": 115.26251563764234,
        "stall_speed_clean": 77.16,
        "stall_speed_takeoff": 61.73,
        "stall_speed_landing": 61.73,
        "stall_speed_high": 82.3,
        "high_altitude": 3048.0,
        "cargo_width": 3.5,
        "cargo_height": 4,
        "cargo_length": 7.32,
        "cargo_density": 160
    },
    "outputs": {
        "general": {
            "d_fuselage": 8.832726010325398,
            "r_fuselage": 4.416363005162699,
            "l_fuselage": 75.07817108776588,
            "l_tailcone": 39.747267046464295,
            "l_nose": 13.249089015488098,
            "l_cargo_straight": 15.316351424067726,
            "Re": 4837280592.753655,
            "Cd": 0.0012700434697589557,
            "hull_surface": 227.12738815886908,
            "take_off_power": 46205736.735140644,
            "take_off_thrust": null,
            "V_lof": 64.8165,
            "LD_g": 17.437940525815858,
            "Cd_water": 0.0012700434697589557,
            "xcg_payload": 0.44404883931977346,
            "l_bottom": 35.33090404130159
        },
        "design": {
            "MTOW": 2528161.707915953,
            "total_fuel": 384414.4574442987,
            "OEW": 1254149.8387637385,
            "EW": 1253724.8387637385,
            "ZFW": 2143747.2504716543,
            "MTOM": 257712.7123257852,
            "S": 505.9147153095365,
            "b": 63.61853285384922,
            "MAC": 7.952316606731152,
            "fuel_economy": 0.06932076997636169,
            "h_b": 0.15718690059975116,
            "k": 1.655010796768116,
            "WP": 0.10630744304191801,
            "TW": null,
            "WS": 4997.0828914598405,
            "P": 23781605.836564757,
            "T": null,
            "LD": 28.860435415910946,
            "max_fuel": 422855.9031887286,
            "mission_fuel": 381077.744640832,
            "reserve_fuel": 3336.712803466711,
            "Mff": 0.8479470453805804,
            "max_fuel_L": 52566.55766747826,
            "total_fuel_L": 47787.779697707505,
            "mission_fuel_L": 47372.98235260586,
            "reserve_fuel_L": 414.79734510165224
        },
        "ferry": {
            "MTOW": 741542.5674062881,
            "total_fuel": 113432.12700334194,
            "OEW": 623199.6478355399,
            "EW": 623029.6478355399,
            "ZFW": 628110.4404029462,
            "MTOM": 75590.4757804575,
            "S": 148.38706945320294,
            "b": 34.45426759670888,
            "MAC": 4.30678344958861,
            "fuel_economy": 0,
            "h_b": 0.29023980765027824,
            "k": 1.4771691321813214,
            "WP": 0.09971093614633081,
            "TW": null,
            "WS": 4997.0828914598405,
            "P": 7436923.130658779,
            "T": null,
            "LD": 25.664405141088913,
            "max_fuel": 124775.33970367615,
            "mission_fuel": 112332.62758207679,
            "reserve_fuel": 1099.4994212651509,
            "Mff": 0.8470322109759709,
            "max_fuel_L": 15511.217983600127,
            "total_fuel_L": 14101.107257818298,
            "mission_fuel_L": 13964.424999636607,
            "reserve_fuel_L": 136.68225818169003
        },
        "altitude": {
            "MTOW": 2523062.508075536,
            "total_fuel": 381121.15532868064,
            "OEW": 1252349.0402387802,
            "EW": 1251924.0402387802,
            "ZFW": 2141941.3527468555,
            "MTOM": 257192.91621565097,
            "S": 504.90613455207546,
            "b": 63.55508694366332,
            "MAC": 7.944385867957915,
            "fuel_economy": 0.1368581137721633,
            "h_b": 0.15734381748016849,
            "k": 1.6546412316059458,
            "WP": 0.1062946229786805,
            "TW": null,
            "WS": 4997.0828914598405,
            "P": 23736501.78505818,
            "T": null,
            "LD": 28.853535388307186,
            "max_fuel": 419233.2708615487,
            "mission_fuel": 311950.59837992315,
            "reserve_fuel": 69170.5569487575,
            "Mff": 0.8489450205419681,
            "max_fuel_L": 52116.216760094074,
            "total_fuel_L": 47378.37887281279,
            "mission_fuel_L": 38779.567686025104,
            "reserve_fuel_L": 8598.811186787685
        },
        "max": {
            "MTOM": 257712.7123257852,
            "S": 505.9147153095365,
            "b": 63.61853285384922,
            "MAC": 7.952316606731152,
            "fuel_economy": 0.06932076997636169,
            "OEW": 1254149.8387637385,
            "total_fuel": 384414.4574442987,
            "max_fuel": 422855.9031887286,
            "mission_fuel": 381077.744640832,
            "reserve_fuel": 69170.5569487575,
            "Mff": 0.8470322109759709,
            "MTOW": 2528161.707915953,
            "LD": 28.860435415910946,
            "total_fuel_L": 47787.779697707505,
            "mission_fuel_L": 47372.98235260586,
            "reserve_fuel_L": 8598.811186787685,
            "max_fuel_L": 52566.55766747826
        },
        "wing_design": {
            "taper_ratio": 0.4,
            "sweep_c_4": 0,
            "dihedral": 1,
            "sweep_x_c": 3.066485501125894,
            "chord_root": 11.360452295330218,
            "chord_tip": 4.544180918132088,
            "y_MAC": 13.63254275439626,
            "X_LEMAC": 30.031268435106355,
            "X_LE": 29.30095364469227,
            "MAC": 8.439193133673875,
            "S": 505.9147153095365,
            "b": 63.61853285384922,
            "aspect_ratio": 8
        },
        "cg_range": {
            "most_aft_cg": 31.868885105060734,
            "most_aft_mission": "DESIGN_OEW_PAYLOAD_FUEL",
            "most_forward_cg": 30.031268435106355,
            "most_forward_mission": "DESIGN_OEW"
        },
        "empennage_design": {
            "vertical_tail": {
                "S": 76.07582762878023,
                "l_v": 35.48177875219181,
                "b": 10.682403355199163,
                "chord_root": 10.433867981126445,
                "chord_tip": 3.8093364924724384,
                "sweep": 25.938031088089183,
                "taper": 0.36509341496011344,
                "aspect_ratio": 1.5,
                "LE_pos": 64.34430310663944,
                "relative_pos_mac/4": 0.8970738482497326,
                "MAC": 7.635115160635182,
                "sweep_c_4": 10
            },
            "horizontal_tail": {
                "S": 99.74151765413492,