{
    "design_id": 3,
    "inputs": {
        "cruise_altitude": 10,
        "aircraft_type": "PROP",
        "wing_type": "HIGH",
        "tail_type": "CONVENTIONAL",
        "n_wings": 1,
        "n_fuselages": 1,
        "depth": 0.1,
        "jet_consumption": 2.7e-05,
        "prop_consumption": 2.1e-08,
        "prop_efficiency": 0.85,
        "Cd0": 0.025728487502059066,
        "oswald_factor": 0.85,
        "aspect_ratio": 10,
        "aspect_h": 4.5,
        "aspect_v": 1.5,
        "sweep_h": 21,
        "sweep_hc4": 30,
        "taper_h": 0.3,
        "sweep_v": 33,
        "taper_v": 0.29,
        "h_position": 0.925354913557317,
        "v_position": 0.8486681899693334,
        "tfo": 0.001,
        "n_engines": 6.0,
        "CLmax_clean": 1.5,
        "CLmax_takeoff": 1.7,
        "CLmax_landing": 1.7,
        "CL_hydro": 0.5,
        "r_float": 4.416363005162699,
        "upsweep": 11,
        "xcg_OEW": 0.4,
        "V_h": 0.9,
        "V_v": 0.083867,
        "xc_OEW": 0.2,
        "xc_wing": 0.4,
        "xc_fuselage": 0.4,
        "mf_wing": 0.12,
        "mf_fuselage": 0.2,
        "engine_power": 8202000
    },
    "requirements": {
        "design_range": 3704000,
        "design_payload": 90000,
        "design_crew": 425,
        "ferry_range": 12038000,
        "reserve_range": 185200,
        "ferry_payload": 0,
        "ferry_crew": 170,
        "altitude_range_WIG": 943600,
        "altitude_range_WOG": 538000,
        "altitude_payload": 90000,
        "altitude_crew": 425,
        "cruise_speed": 115.749,
        "stall_speed_clean": 77.16,
        "stall_speed_takeoff": 61.73,
        "stall_speed_landing": 61.73,
        "stall_speed_high": 82.3,
        "high_altitude": 3048.0,
        "cargo_width": 3.5,
        "cargo_height": 4,
        "cargo_length": 7.32,
        "cargo_density": 160
    },
    "outputs": {
        "general": {
            "d_fuselage": 8.832726010325398,
            "r_fuselage": 4.416363005162699,
            "l_fuselage": 75.07817108776588,
            "l_tailcone": 39.747267046464295,
            "l_nose": 13.249089015488098,
            "l_cargo_straight": 15.316351424067726,
            "Re": 4837280592.753655,
            "Cd": 0.0012700434697589557,
            "hull_surface": 227.12738815886908,
            "take_off_power": 46205736.735140644,
            "take_off_thrust": null,
            "V_lof": 64.8165,
            "LD_g": 16.108209728369545,
            "Cd_water": 0.0012700434697589557,
            "xcg_payload": 0.44404883931977346
        },
        "design": {
            "MTOW": 2528964.4545384604,
            "total_fuel": 384932.90881568025,
            "OEW": 1254433.3312682414,
            "EW": 1254008.3312682414,
            "ZFW": 2144031.5457227803,
            "MTOM": 257794.54174703977,
            "S": 714.44717463032,
            "b": 84.52497705591644,
            "MAC": 8.452497705591643,
            "fuel_economy": 0.06941323822638512,
            "h_b": 0.1183082249568033,
            "k": 1.7864808562420993,
            "WP": 0.08980790171436817,
            "TW": null,
            "WS": 3539.6003814507203,
            "P": 28159709.850273196,
            "T": null,
            "LD": 28.777008308064843,
            "max_fuel": 423426.1996972483,
            "mission_fuel": 381586.0712532143,
            "reserve_fuel": 3346.837562465924,
            "Mff": 0.8477903047925871
        },
        "ferry": {
            "MTOW": 748606.5284484726,
            "total_fuel": 117994.3639371611,
            "OEW": 625694.3079828629,
            "EW": 625524.3079828629,
            "ZFW": 630612.1645113116,
            "MTOM": 76310.55335866183,
            "S": 211.4946456587434,
            "b": 45.988547015397586,
            "MAC": 4.598854701539758,
            "fuel_economy": 0,
            "h_b": 0.21744544346338807,
            "k": 1.5207138371950286,
            "WP": 0.08980790171436864,
            "TW": null,
            "WS": 3539.6003814507203,
            "P": 8335642.12233121,
            "T": null,
            "LD": 24.49597742637114,
            "max_fuel": 129793.80033087723,
            "mission_fuel": 116837.78338152035,
            "reserve_fuel": 1156.5805556407577,
            "Mff": 0.8423813319104887
        },
        "altitude": {
            "MTOW": 2404396.9218786773,
            "total_fuel": 304481.36118379544,
            "OEW": 1210441.913773003,
            "EW": 1210016.913773003,
            "ZFW": 2099915.5606948817,
            "MTOM": 245096.52618539013,
            "S": 679.2848521767943,
            "b": 82.41873889940287,
            "MAC": 8.241873889940287,
            "fuel_economy": 0.13209467607304687,
            "h_b": 0.12133163081038663,
            "k": 1.7282994629618256,
            "WP": 0.08980790171436864,
            "TW": null,
            "WS": 3539.6003814507203,
            "P": 26772665.61160498,
            "T": null,
            "LD": 27.839810222817537,
            "max_fuel": 334929.49730217503,
            "mission_fuel": 301092.9502681084,
            "reserve_fuel": 3388.41091568704,
            "Mff": 0.8733647683486931
        },
        "max": {
            "MTOM": 257794.54174703977,
            "S": 714.44717463032,
            "b": 84.52497705591644,
            "MAC": 8.452497705591643,
            "fuel_economy": 0.06941323822638512,
            "OEW": 1254433.3312682414,
            "total_fuel": 384932.90881568025,
            "max_fuel": 423426.1996972483,
            "mission_fuel": 381586.0712532143,
            "reserve_fuel": 3388.41091568704,
            "Mff": 0.8423813319104887,
            "MTOW": 1733790.843393344,
            "LD": 28.777008308064843
        },
        "wing_design": {
            "taper_ratio": 0.4,
            "sweep_c_4": 0,
            "dihedral": 1,
            "sweep_x_c": 2.454031674527076,
            "chord_root": 12.074996722273724,
            "chord_tip": 4.82999868890949,
            "y_MAC": 18.112495083410586,
            "X_LEMAC": 29.313668629896945,
            "X_LE": 28.53741884060792,
            "MAC": 8.969997565117623,
            "S": 714.4471746303136,
            "b": 84.52497705591605,
            "aspect_ratio": 10
        },
        "cg_range": {
            "most_aft_cg": 31.751655697783747,
            "most_aft_mission": "DESIGN_OEW_PAYLOAD_FUEL",
            "most_forward_cg": 30.031268435106355,
            "most_forward_mission": "DESIGN_OEW"
        },
        "empennage_design": {
            "vertical_tail": {
                "S": 158.44345470710027,
                "l_v": 31.964799865480046,
                "mac": 11.941273556683253,
                "b": 15.416393289633293,
                "chord_root": 15.934256630111928,
                "chord_tip": 4.620934422732459,
                "abs_pos": 0.8850201690521673,
                "sweep": 33,
                "taper": 0.29,
                "relative_pos_fus": 0.8486681899693334,
                "MAC": 11.315380896866564,
                "aspect_ratio": 1.5,
                "LE_pos": 58.84391445765395
            },
            "horizontal_tail": {
                "S": 152.8997610353204,
                "l_h": 37.72229881917738,
                "mac": 6.890369749157854,
                "b": 26.230686698196482,
                "chord_root": 8.967756136135549,
                "chord_tip": 2.6903268408406644,
                "abs_pos": 1.0541825989753077,
                "sweep": 21,
                "sweep_hc4": 30,
                "taper": 0.3,
                "relative_pos_fus": 0.925354913557317,
                "MAC": 6.392400527809442,
                "sweep_c_4": 30,
                "aspect_ratio": 4.5,
                "tail_height": 8.832726010325398,
                "LE_pos": 65.81041495163034
            }
        }
    },
    "kinematic_viscosity": 1.006e-06,
    "rho_water": 1000,
    "viscosity_air": 1.484e-05,
    "rho_air": 1.225
}