{
    "design_id": 1,
    "aircraft_type": "PROP",
    "cruise_altitude": 4,
    "n_wings": 1,
    "n_fuselages": 1,
    "depth": 0.05,
    "design_range": 3704000,
    "design_payload": 90000,
    "design_crew": 425,
    "ferry_range": 12038000,
    "ferry_payload": 0,
    "ferry_crew": 425,
    "altitude_range_WIG": 943600,
    "altitude_range_WOG": 538000,
    "altitude_payload": 90000,
    "altitude_crew": 425,
    "cruise_speed": 115.749,
    "jet_consumption": 2.7e-05,
    "prop_consumption": 2.1e-08,
    "prop_efficiency": 0.82,
    "Cd0": 0.02434723936958912,
    "oswald_factor": 0.85,
    "aspect_ratio": 10,
    "Cl_alpha": 5.0,
    "tfo": 0.001,
    "reserve_fuel": 0,
    "k": 1.762080378378045,
    "n_engines": 8,
    "CLmax_clean": 1.5,
    "CLmax_takeoff": 1.6,
    "CLmax_landing": 1.8,
    "stall_speed_clean": 77.16,
    "stall_speed_takeoff": 61.728,
    "stall_speed_landing": 51.44,
    "high_altitude": 3048.0,
    "L": 74.9,
    "r_fuselage": 4.4,
    "r_float": 4.4,
    "design": {
        "take_off_power": 62672750.83934436,
        "take_off_thrust": null,
        "MTOM": 263515.00059543893,
        "MTOW": 2585082.155841256,
        "OEW": 1274251.474681477,
        "ZFW": 2163905.8068373185,
        "EW": 1273826.474681477,
        "Fuel": 421176.3490039377,
        "Fuel_used": 421176.3490039377,
        "Fuel_reserve": 0.0,
        "S": 775.5669466300068,
        "b": 88.06627882623444,
        "MAC": 8.806627882623443,
        "cruise_altitude": 4,
        "h_b": 0.045420336288904524,
        "k": 1.7774754443031313,
        "WP": 0.08758321111682209,
        "TW": null,
        "WS": 3333.092421384543,
        "fuel_economy": 0.15706073603018214,
        "design_payload": 90000,
        "P": 29515727.07688426,
        "T": null,
        "Re": 4844908742.514971,
        "Cd": 0.0012698173027415375,
        "stall_speed_clean": 77.16,
        "hull_surface": 297.2807921911525,
        "LD": 16.558825930206265
    },
    "ferry": {
        "take_off_power": 62672750.83934436,
        "take_off_thrust": null,
        "MTOM": 77653.00926965075,
        "MTOW": 761776.0209352738,
        "OEW": 630345.1558387781,
        "ZFW": 635276.1818597134,
        "EW": 629920.1558387781,
        "Fuel": 126499.83907556049,
        "Fuel_used": 126499.83907556049,
        "Fuel_reserve": 0.0,
        "S": 228.54083858410138,
        "b": 47.805945088880044,
        "MAC": 4.7805945088880035,
        "cruise_altitude": 4,
        "h_b": 0.0836716017759562,
        "k": 1.4695027102985496,
        "WP": 0.08758321111682209,
        "TW": null,
        "WS": 3333.092421384543,
        "ferry_payload": 0,
        "P": 8697740.254341505,
        "T": null,
        "Re": 4844908742.514971,
        "Cd": 0.0012698173027415375,
        "stall_speed_clean": 77.16,
        "hull_surface": 297.2807921911525,
        "LD": 16.558825930206265
    },
    "altitude": {
        "take_off_power": 62672750.83934436,
        "take_off_thrust": null,
        "MTOM": 250022.61840115755,
        "MTOW": 2452721.8865153557,
        "OEW": 1227508.0276261293,
        "ZFW": 2117029.9995126445,
        "EW": 1227083.0276261293,
        "Fuel": 335691.8870027111,
        "Fuel_used": 335691.8870027111,
        "Fuel_reserve": 0.0,
        "S": 735.8512818397461,
        "b": 85.78177439524937,
        "MAC": 8.578177439524937,
        "cruise_altitude": 4,
        "h_b": 0.0466299517374115,
        "k": 1.762080378378045,
        "WP": 0.08758321111682209,
        "TW": null,
        "WS": 3333.092421384543,
        "fuel_economy": 0.31295688241217945,
        "altitude_payload": 90000,
        "P": 28004475.46098549,
        "T": null,
        "Re": 4844908742.514971,
        "Cd": 0.0012698173027415375,
        "stall_speed_clean": 77.16,
        "hull_surface": 297.2807921911525,
        "LD": 16.558825930206265
    },
    "max": {
        "MTOM": 263515.00059543893,
        "S": 775.5669466300068,
        "b": 88.06627882623444,
        "MAC": 8.806627882623443,
        "fuel_economy": 0.15706073603018214
    },
    "gravitational_acceleration": 9.81,
    "kinematic_viscosity": 1.002e-06,
    "rho_water": 1000.0,
    "V_lof": 64.8144,
    "LD": 16.558825930206265
}