{
    "design_id": 3,
    "aircraft_type": "PROP",
    "cruise_altitude": 7,
    "n_wings": 1,
    "design_range": 3704000,
    "design_payload": 90000,
    "design_crew": 425,
    "ferry_range": 12038000,
    "ferry_payload": 0,
    "ferry_crew": 425,
    "altitude_range_WIG": 943600,
    "altitude_range_WOG": 538000,
    "altitude_payload": 90000,
    "altitude_crew": 425,
    "cruise_speed": 115.749,
    "jet_consumption": 2.7e-05,
    "prop_consumption": 2.18e-08,
    "prop_efficiency": 0.82,
    "Cd0": 0.02,
    "oswald_factor": 0.85,
    "aspect_ratio": 10,
    "Cl_alpha": 5.0,
    "tfo": 0.001,
    "reserve_fuel": 0,
    "k": 1.4806078646318908,
    "n_engines": 8,
    "CLmax_clean": 1.5,
    "CLmax_takeoff": 1.6,
    "CLmax_landing": 1.8,
    "stall_speed_clean": 77.16,
    "stall_speed_takeoff": 61.728,
    "stall_speed_landing": 51.44,
    "high_altitude": 3048.0,
    "L": 70,
    "r": 4,
    "design": {
        "take_off_power": 53392355.25717556,
        "take_off_thrust": null,
        "MTOM": 266984.7031772676,
        "MTOW": 2619119.9381689955,
        "OEW": 1286272.024988764,
        "ZFW": 2175960.394926933,
        "EW": 1285847.024988764,
        "Fuel": 443159.5432420625,
        "Fuel_used": 443159.5432420625,
        "Fuel_reserve": 0.0,
        "S": 786.002409049752,
        "aspect_ratio": 10,
        "b": 88.6567769011344,
        "MAC": 8.865677690113442,
        "cruise_altitude": 7,
        "h_b": 0.07895617509089067,
        "k": 1.49449429421639,
        "WP": 0.1013906496250647,
        "TW": null,
        "WS": 3332.132469647425,
        "fuel_economy": 0.16525848188058379,
        "design_payload": 90000,
        "P": 25831967.226310436,
        "T": null
    },
    "ferry": {
        "take_off_power": 53392355.25717556,
        "take_off_thrust": null,
        "MTOM": 79127.62169690178,
        "MTOW": 776241.9688466066,
        "OEW": 635453.8510215732,
        "ZFW": 640399.3429904198,
        "EW": 635028.8510215732,
        "Fuel": 135842.62585618676,
        "Fuel_used": 135842.62585618676,
        "Fuel_reserve": 0.0,
        "S": 232.95016252936878,
        "aspect_ratio": 10,
        "b": 48.264910911486076,
        "MAC": 4.826491091148608,
        "cruise_altitude": 7,
        "h_b": 0.1450329000469395,
        "k": 1.272259614314441,
        "WP": 0.10048685667711828,
        "TW": null,
        "WS": 3332.132469647425,
        "ferry_payload": 0,
        "P": 7724810.930655407,
        "T": null
    },
    "altitude": {
        "take_off_power": 53392355.25717556,
        "take_off_thrust": null,
        "MTOM": 250438.67546630345,
        "MTOW": 2456803.406324437,
        "OEW": 1228949.4292345776,
        "ZFW": 2118475.482640902,
        "EW": 1228524.4292345776,
        "Fuel": 338327.92368353467,
        "Fuel_used": 338327.92368353467,
        "Fuel_reserve": 0.0,
        "S": 737.2898325746004,
        "aspect_ratio": 10,
        "b": 85.86558289411424,
        "MAC": 8.586558289411423,
        "cruise_altitude": 7,
        "h_b": 0.08152276807614642,
        "k": 1.4806078646318908,
        "WP": 0.1013906496250647,
        "TW": null,
        "WS": 3332.132469647425,
        "fuel_economy": 0.3154143913764875,
        "altitude_payload": 90000,
        "P": 24231064.850748256,
        "T": null
    },
    "hull_surface": 251.32741228718345,
    "kinematic_viscosity": 1.002e-06,
    "rho_water": 1000.0
}