{
    "design_id": 1,
    "aircraft_type": "PROP",
    "cruise_altitude": 4,
    "n_wings": 1,
    "design_range": 5185600,
    "design_payload": 200000,
    "design_crew": 425,
    "ferry_range": 12038000,
    "ferry_payload": 0,
    "ferry_crew": 425,
    "altitude_range_WIG": 943600,
    "altitude_range_WOG": 538000,
    "altitude_payload": 200000,
    "altitude_crew": 425,
    "cruise_speed": 115.749,
    "jet_consumption": 2.7e-05,
    "prop_consumption": 2.1e-08,
    "prop_efficiency": 0.82,
    "Cd0": 0.02,
    "oswald_factor": 0.85,
    "aspect_ratio": 12,
    "Cl_alpha": 5.0,
    "tfo": 0.001,
    "reserve_fuel": 0,
    "k": 2.0169914717244075,
    "n_engines": 8,
    "CLmax_clean": 1.5,
    "CLmax_takeoff": 1.6,
    "CLmax_landing": 1.8,
    "stall_speed_clean": 77.16,
    "stall_speed_takeoff": 61.728,
    "stall_speed_landing": 51.44,
    "high_altitude": 3048.0,
    "L": 70,
    "r": 4,
    "hull_surface": 251.32741228718345,
    "design": {
        "take_off_power": 53392355.25717556,
        "take_off_thrust": null,
        "MTOM": 491781.16255415854,
        "MTOW": 4824373.2046562955,
        "OEW": 2065064.1793917858,
        "ZFW": 4036057.802596442,
        "EW": 2064639.1793917858,
        "Fuel": 788315.4020598535,
        "Fuel_used": 788315.4020598535,
        "Fuel_reserve": 0.0,
        "S": 1447.421894516905,
        "aspect_ratio": 12,
        "b": 131.79174000749387,
        "MAC": 10.982645000624489,
        "cruise_altitude": 4,
        "h_b": 0.03035091576886802,
        "k": 2.0404889158878587,
        "WP": 0.10625661840691795,
        "TW": null,
        "WS": 3333.092421384543,
        "fuel_economy": 0.09449049905769552,
        "design_payload": 90000,
        "P": 45403037.260050796,
        "T": null
    },
    "ferry": {
        "take_off_power": 53392355.25717556,
        "take_off_thrust": null,
        "MTOM": 74563.76196980276,
        "MTOW": 731470.5049237651,
        "OEW": 619642.6671661311,
        "ZFW": 624543.3876710548,
        "EW": 619217.6671661311,
        "Fuel": 106927.11725271025,
        "Fuel_used": 106927.11725271025,
        "Fuel_reserve": 0.0,
        "S": 219.4504950016669,
        "aspect_ratio": 12,
        "b": 51.316721836259205,
        "MAC": 4.276393486354935,
        "cruise_altitude": 4,
        "h_b": 0.07794730171508525,
        "k": 1.500149381773596,
        "WP": 0.10625661840691795,
        "TW": null,
        "WS": 3333.092421384543,
        "ferry_payload": 0,
        "P": 6883999.471190982,
        "T": null
    },
    "altitude": {
        "take_off_power": 53392355.25717556,
        "take_off_thrust": null,
        "MTOM": 460402.34001816006,
        "MTOW": 4516546.95557815,
        "OEW": 1956354.367532745,
        "ZFW": 3927040.1644883226,
        "EW": 1955929.367532745,
        "Fuel": 589506.7910898277,
        "Fuel_used": 589506.7910898277,
        "Fuel_reserve": 0.0,
        "S": 1355.0297506204654,
        "aspect_ratio": 12,
        "b": 127.51610489442338,
        "MAC": 10.62634207453528,
        "cruise_altitude": 4,
        "h_b": 0.031368586762525325,
        "k": 2.0169914717244075,
        "WP": 0.10625661840691795,
        "TW": null,
        "WS": 3333.092421384543,
        "fuel_economy": 0.24731188506338755,
        "altitude_payload": 90000,
        "P": 42506029.49062131,
        "T": null
    },
    "gravitational_acceleration": 9.81,
    "kinematic_viscosity": 1.002e-06,
    "rho_water": 1000.0,
    "MTOW": 4516546.95557815,
    "fuel_used": 589506.7910898277,
    "fuel_res": 0.0,
    "fuel": 589506.7910898277,
    "OEW": 1956354.367532745,
    "ZFW": 3927040.1644883226,
    "EW": 1955929.367532745,
    "MTOM": 460402.34001816006,
    "TW": 0.13716682347628203,
    "WP": 0.12334479778165412,
    "WS": 3400.7881775177657
}