{
    "aircraft_type": "PROP",
    "design_range": 3704000,
    "design_payload": 90000,
    "design_crew": 425,
    "ferry_range": 12038000,
    "ferry_payload": 0,
    "ferry_crew": 425,
    "altitude_range_WIG": 943600,
    "altitude_range_WOG": 538000,
    "altitude_payload": 90000,
    "altitude_crew": 425,
    "cruise_speed": 115.749,
    "jet_consumption": 1.9e-05,
    "prop_consumption": 9e-08,
    "prop_efficiency": 0.82,
    "Cd0": 0.02,
    "oswald_factor": 0.85,
    "aspect_ratio": 8,
    "Cl_alpha": 5.0,
    "tfo": 0.001,
    "reserve_fuel": 0,
    "k": 1.579017501699751,
    "n_engines": 8,
    "CLmax_clean": 1.5,
    "CLmax_takeoff": 1.6,
    "CLmax_landing": 1.8,
    "stall_speed_clean": 77.16,
    "stall_speed_takeoff": 61.728,
    "stall_speed_landing": 51.44,
    "cruise_altitude": 6,
    "high_altitude": 3048.0,
    "L": 40,
    "r": 3,
    "hull_surface": 251.32741228718345,
    "rho_water": 1000.0,
    "kinematic_viscosity": 1.002e-06,
    "MTOW": 4625715.759377297,
    "fuel_used": 1739113.1183103432,
    "fuel_res": 0.0,
    "fuel": 1739113.1183103432,
    "OEW": 1994907.6753075768,
    "ZFW": 2886602.6410669535,
    "EW": 1994482.6753075768,
    "MTOM": 471530.65844824637,
    "TW": null,
    "WP": 0.08573691642391083,
    "WS": 3332.4524300554363,
    "Fuel": 1739113.1183103432,
    "Fuel_used": 1739113.1183103432,
    "Fuel_reserve": 0.0,
    "S": 1388.0861440851772,
    "b": 91.26070821832946,
    "MAC": 15.21011803638824,
    "h_b": 0.06574570937632629,
    "fuel_economy": 0.4360729909235645,
    "gravitational_acceleration": 9.81
}