{
    "design_id": 2,
    "inputs": {
        "cruise_altitude": 8,
        "aircraft_type": "PROP",
        "wing_type": "HIGH",
        "n_wings": 1,
        "n_fuselages": 2,
        "depth": 0.1,
        "jet_consumption": 2.7e-05,
        "prop_consumption": 2.1e-08,
        "prop_efficiency": 0.82,
        "Cd0": 0.02422111472806403,
        "oswald_factor": 0.85,
        "aspect_ratio": 10,
        "tfo": 0.001,
        "reserve_fuel": 0,
        "n_engines": 8,
        "CLmax_clean": 1.5,
        "CLmax_takeoff": 1.7,
        "CLmax_landing": 1.7,
        "r_float": 3.1,
        "upsweep": 11
    },
    "requirements": {
        "design_range": 3704000,
        "design_payload": 90000,
        "design_crew": 425,
        "ferry_range": 12038000,
        "reserve_range": 185200,
        "ferry_payload": 0,
        "ferry_crew": 425,
        "altitude_range_WIG": 943600,
        "altitude_range_WOG": 538000,
        "altitude_payload": 90000,
        "altitude_crew": 425,
        "cruise_speed": 115.749,
        "stall_speed_clean": 77.16,
        "stall_speed_takeoff": 61.9,
        "stall_speed_landing": 61.9,
        "stall_speed_high": 82.3,
        "high_altitude": 3048.0,
        "cargo_width": 3.5,
        "cargo_height": 4,
        "cargo_length": 7.32,
        "cargo_density": 160
    },
    "outputs": {
        "general": {
            "d_fuselage": 6.2048047905502495,
            "r_fuselage": 3.1024023952751247,
            "l_fuselage": 52.740840719677124,
            "l_tailcone": 27.921621557476122,
            "l_nose": 9.307207185825375,
            "l_cargo_straight": 8.74654837462985,
            "Re": 3407446264.9855022,
            "Cd": 0.0013218773711531056,
            "hull_surface": 210.4204947871738,
            "take_off_power": 93133344.13863601,
            "take_off_thrust": null,
            "V_lof": 64.995,
            "LD_g": 16.6018826655351
        },
        "design": {
            "MTOW": 2654906.911330992,
            "total_fuel": 466272.44685721834,
            "fuel_mission": 441011.33639287716,
            "fuel_reserve": 25261.11046434118,
            "OEW": 1298910.3075624425,
            "EW": 1298485.3075624425,
            "ZFW": 2188634.4644737737,
            "MTOM": 270632.7126739033,
            "S": 745.800921720467,
            "b": 86.35976619470823,
            "MAC": 8.635976619470823,
            "fuel_economy": 0.16445739475953325,
            "h_b": 0.09263573018439004,
            "k": 1.4276645851321395,
            "WP": 0.09087451023075915,
            "TW": null,
            "WS": 3559.8064228808703,
            "P": 29215089.07821723,
            "T": null,
            "LD": 23.701919928103628
        },
        "ferry": {
            "MTOW": 794465.2015937745,
            "total_fuel": 147612.0431839736,
            "fuel_mission": 144734.43646544698,
            "fuel_reserve": 2877.6067185266293,
            "OEW": 641889.4432082071,
            "EW": 641464.4432082071,
            "ZFW": 646853.1584098008,
            "MTOM": 80985.23971394236,
            "S": 223.17651782616647,
            "b": 47.241561979486505,
            "MAC": 4.72415619794865,
            "fuel_economy": 0,
            "h_b": 0.16934241089390323,
            "k": 1.2288285351960784,
            "WP": 0.09087451023075915,
            "TW": null,
            "WS": 3559.8064228808703,
            "P": 8742442.73313139,
            "T": null,
            "LD": 20.400867157386664
        },
        "altitude": {
            "MTOW": 2469079.7102179076,
            "total_fuel": 346256.535789279,
            "fuel_mission": 321797.68482677976,
            "fuel_reserve": 24458.850962499215,
            "OEW": 1233284.8447184104,
            "EW": 1232859.8447184104,
            "ZFW": 2122823.1744286288,
            "MTOM": 251690.08259102012,
            "S": 693.599431235291,
            "b": 83.28261710797103,
            "MAC": 8.328261710797104,
            "fuel_economy": 0.3000036763177203,
            "h_b": 0.09605846067047183,
            "k": 1.4133579386179684,
            "WP": 0.09087451023075915,
            "TW": null,
            "WS": 3559.8064228808703,
            "P": 27170212.02037989,
            "T": null,
            "LD": 23.464402661338074
        },
        "max": {
            "MTOM": 270632.7126739033,
            "S": 745.800921720467,
            "b": 86.35976619470823,
            "MAC": 8.635976619470823,
            "fuel_economy": 0.16445739475953325
        },
        "wing_design": {
            "taper_ratio": 0.4,
            "sweep_c_4": 0,
            "dihedral": 1,
            "sweep_x_c": 2.454031674527076,
            "chord_root": 12.33710945638689,
            "chord_tip": 4.934843782554757,
            "y_MAC": 18.505664184580336,
            "X_LEMAC": 21.056440000000002,
            "X_LE": 20.26334010637513,
            "MAC": 9.164709881887404,
            "S": 745.800921720467,
            "b": 86.35976619470823,
            "aspect_ratio": 10
        }
    },
    "kinematic_viscosity": 1.006e-06,
    "rho_water": 1000
}