{
    "design_id": 1,
    "inputs": {
        "cruise_altitude": 4,
        "aircraft_type": "PROP",
        "wing_type": "LOW",
        "tail_type": "T_TAIL",
        "n_wings": 1,
        "n_fuselages": 1,
        "depth": 0.1,
        "jet_consumption": 2.7e-05,
        "prop_consumption": 2.1e-08,
        "prop_efficiency": 0.85,
        "Cd0": 0.01825719893264528,
        "oswald_factor": 0.806962284413828,
        "aspect_ratio": 6,
        "aspect_h": 4.5,
        "aspect_v": 1.5,
        "sweep_h": 21,
        "sweep_hc4": 30,
        "sweep_vc4": 20,
        "taper_h": 0.3,
        "sweep_v": 33,
        "taper_v": 0.29,
        "tfo": 0.001,
        "n_engines": 6.0,
        "CLmax_clean": 1.6,
        "CLmax_takeoff": 2.4,
        "CLmax_landing": 2.4,
        "CL_hydro": 0.5,
        "r_float": 4.416363005162699,
        "upsweep": 11,
        "xcg_OEW": 0.4,
        "V_h": 0.9,
        "V_v": 0.083867,
        "h_position": 0.9963073504851476,
        "v_position": 0.9362239747398968,
        "xc_OEW": 0.2,
        "xc_wing": 0.4,
        "xc_fuselage": 0.4,
        "mf_wing": 0.08,
        "mf_fuselage": 0.08,
        "engine_power": 8202000
    },
    "requirements": {
        "design_range": 3704000,
        "design_payload": 90000,
        "design_crew": 425,
        "ferry_range": 12038000,
        "ferry_payload": 0,
        "reserve_range": 185200,
        "ferry_crew": 170,
        "altitude_range_WIG": 943600,
        "altitude_range_WOG": 538000,
        "altitude_payload": 90000,
        "altitude_crew": 425,
        "cruise_speed": 115.749,
        "stall_speed_clean": 77.16,
        "stall_speed_takeoff": 61.9,
        "stall_speed_landing": 61.9,
        "stall_speed_high": 82.3,
        "high_altitude": 3048.0,
        "cargo_width": 3.5,
        "cargo_height": 4,
        "cargo_length": 7.32,
        "cargo_density": 160
    },
    "outputs": {
        "general": {
            "d_fuselage": 8.832726010325398,
            "r_fuselage": 4.416363005162699,
            "l_fuselage": 75.07817108776588,
            "l_tailcone": 39.747267046464295,
            "l_nose": 13.249089015488098,
            "l_cargo_straight": 15.316351424067726,
            "LD_g": 14.432119314430961,
            "Re": 4850602117.146465,
            "Cd_water": 0.0012696487711144299,
            "hull_surface": 227.12738815886908,
            "take_off_power": 46574052.278447144,
            "take_off_thrust": null,
            "V_lof": 64.995,
            "xcg_payload": 0.44404883931977346
        },
        "design": {
            "MTOW": 2587990.4516312345,
            "total_fuel": 423054.66265661473,
            "OEW": 1275278.5485229883,
            "EW": 1274853.5485229883,
            "ZFW": 2164935.78897462,
            "MTOM": 263811.46295935113,
            "S": 514.7426182707289,
            "b": 55.57387614360162,
            "MAC": 9.26231269060027,
            "h_b": 0.07197626434521305,
            "k": 1.649191457966666,
            "WP": 0.090228277645502,
            "TW": null,
            "WS": 5027.539614379501,
            "P": 28682698.142584454,
            "T": null,
            "LD": 23.80132789371529,
            "max_fuel": 465360.12892227626,
            "mission_fuel": 418968.0472808094,
            "reserve_fuel": 4086.615375805355,
            "Mff": 0.8365315983333866,
            "fuel_economy": 0.0762132872922605
        },
        "ferry": {
            "MTOW": 782878.7383466406,
            "total_fuel": 140128.9624814141,
            "OEW": 637797.6471268798,
            "EW": 637627.6471268798,
            "ZFW": 642749.7758652265,
            "MTOM": 79804.1527366606,
            "S": 155.69945814009478,
            "b": 30.564632319734663,
            "MAC": 5.094105386622443,
            "fuel_economy": 0,
            "h_b": 0.13087021489924222,
            "k": 1.3998478021374092,
            "WP": 0.08474205479237557,
            "TW": null,
            "WS": 5027.539614379501,
            "P": 9238373.323195344,
            "T": null,
            "LD": 20.202770502491035,
            "max_fuel": 154141.85872955553,
            "mission_fuel": 138699.3316581227,
            "reserve_fuel": 1429.6308232914016,
            "Mff": 0.8210080876926712,
            "fuel_mission": 116627.08222187468,
            "fuel_reserve": 2339.5820760255447
        },
        "altitude": {
            "MTOW": 2425342.206249505,
            "OEW": 1217838.8070857262,
            "EW": 1217413.8070857262,
            "ZFW": 2107333.399291976,
            "MTOM": 247231.62143216154,
            "S": 482.41002607127166,
            "b": 53.8001873270682,
            "MAC": 8.9666978878447,
            "h_b": 0.07434918350158795,
            "k": 1.633256388435296,
            "WP": 0.09022827764550193,
            "TW": null,
            "WS": 5027.539614379501,
            "P": 26880067.641082954,
            "T": null,
            "LD": 23.57135106895479,
            "Mff": 0.8688808506535287,
            "total_fuel": 318008.806957529,
            "mission_fuel": 313992.07637464086,
            "reserve_fuel": 4016.7305828881217,
            "max_fuel": 349809.6876532819,
            "fuel_economy": 0.13775374541741559
        },
        "max": {
            "MTOM": 263811.46295935113,
            "S": 514.7426182707289,
            "b": 55.57387614360162,
            "MAC": 9.26231269060027,
            "fuel_economy": 0.0762132872922605,
            "OEW": 1275278.5485229883,
            "total_fuel": 423054.66265661473,
            "max_fuel": 465360.12892227626,
            "mission_fuel": 418968.0472808094,
            "reserve_fuel": 4086.615375805355,
            "Mff": 0.8210080876926712,
            "LD": 23.80132789371529,
            "MTOW": 2587990.451631235
        },
        "wing_design": {
            "taper_ratio": 0.4,
            "sweep_c_4": 0,
            "dihedral": 5,
            "sweep_x_c": 4.085616779974877,
            "chord_root": 13.231875272286103,
            "chord_tip": 5.292750108914442,
            "y_MAC": 11.90868774505749,
            "X_LEMAC": 30.031268435106355,
            "X_LE": 29.180647881887964,
            "MAC": 9.829393059412533,
            "S": 514.7426182707289,
            "b": 55.57387614360162,
            "aspect_ratio": 6
        },
        "cg_range": {
            "most_aft_cg": 31.965678514553662,
            "most_aft_mission": "DESIGN_OEW_PAYLOAD_FUEL",
            "most_forward_cg": 30.031268435106355,
            "most_forward_mission": "DESIGN_OEW"
        },
        "empennage_design": {
            "vertical_tail": {
                "S": 62.61417771901928,
                "l_v": 38.31591866709522,
                "mac": 10.731668352743815,
                "b": 9.691298498061492,
                "chord_root": 7.601018429852149,
                "chord_tip": 5.320712900896504,
                "sweep": 33,
                "taper": 0.7,
                "MAC": 6.527933475049493,
                "aspect_ratio": 1.5,
                "LE_pos": 67.17715265791374,
                "relative_pos_mac/4": 0.9362239747398968
            },
            "horizontal_tail": {
                "S": 106.30594412183366,
                "l_h": 42.83529773512893,
                "mac": 6.001306854000643,
                "b": 21.871825450754024,
                "chord_root": 7.477547162650948,
                "chord_tip": 2.2432641487952845,
                "sweep": 21,
                "sweep_hc4": 30,
                "taper": 0.3,
                "MAC": 5.330149003120419,
                "sweep_c_4": 30,
                "aspect_ratio": 4.5,
                "tail_height": 18.52402450838689,
                "LE_pos": 71.74617960932883,
                "relative_pos_mac/4": 0.9963073504851476
            }
        }
    },
    "kinematic_viscosity": 1.006e-06,
    "rho_water": 1000,
    "viscosity_air": 1.484e-05,
    "rho_air": 1.225
}