{
    "design_id": 2,
    "inputs": {
        "cruise_altitude": 8,
        "aircraft_type": "PROP",
        "wing_type": "HIGH",
        "n_wings": 1,
        "n_fuselages": 2,
        "depth": 0.05,
        "jet_consumption": 2.7e-05,
        "prop_consumption": 2.1e-08,
        "prop_efficiency": 0.82,
        "Cd0": 0.023388814201104016,
        "oswald_factor": 0.85,
        "aspect_ratio": 10,
        "tfo": 0.001,
        "reserve_fuel": 0,
        "n_engines": 8,
        "CLmax_clean": 1.5,
        "CLmax_takeoff": 1.7,
        "CLmax_landing": 1.7,
        "CL_hydro": 0.5,
        "r_float": 3.1,
        "upsweep": 11,
        "xcg_OEW": 0.4,
        "xcg_payload": 0.55,
        "V_h": 0.9,
        "V_v": 0.0838,
        "k": 1.423294502805824
    },
    "requirements": {
        "design_range": 3704000,
        "design_payload": 90000,
        "design_crew": 425,
        "ferry_range": 12038000,
        "reserve_range": 185200,
        "ferry_payload": 0,
        "ferry_crew": 170,
        "altitude_range_WIG": 943600,
        "altitude_range_WOG": 538000,
        "altitude_payload": 90000,
        "altitude_crew": 425,
        "cruise_speed": 115.749,
        "stall_speed_clean": 77.16,
        "stall_speed_takeoff": 61.9,
        "stall_speed_landing": 61.9,
        "stall_speed_high": 82.3,
        "high_altitude": 3048.0,
        "cargo_width": 3.5,
        "cargo_height": 4,
        "cargo_length": 7.32,
        "cargo_density": 160
    },
    "outputs": {
        "general": {
            "d_fuselage": 6.2048047905502495,
            "r_fuselage": 3.1024023952751247,
            "l_fuselage": 52.740840719677124,
            "l_tailcone": 27.921621557476122,
            "l_nose": 9.307207185825375,
            "l_cargo_straight": 8.74654837462985,
            "Re": 3407446264.9855022,
            "Cd": 0.0013218773711531056,
            "hull_surface": 70.13639222689177,
            "take_off_power": 31042778.22612376,
            "take_off_thrust": null,
            "V_lof": 64.995,
            "LD_g": 16.894692888828708
        },
        "design": {
            "MTOW": 2597048.6114887875,
            "total_fuel": 428904.84659842396,
            "OEW": 1278477.4662788748,
            "EW": 1278052.4662788748,
            "ZFW": 2168143.7648903634,
            "MTOM": 264734.8227817316,
            "S": 729.5477065258664,
            "b": 85.41356487852889,
            "MAC": 8.54135648785289,
            "fuel_economy": 0.07649160288323889,
            "h_b": 0.09366193778912307,
            "k": 1.423286944126012,
            "WP": 0.09323812173756052,
            "TW": null,
            "WS": 3559.8064228808703,
            "P": 27853935.311982792,
            "T": null,
            "LD": 24.045995813688478,
            "max_fuel": 471795.3312582664,
            "mission_fuel": 420498.03429256065,
            "reserve_fuel": 8406.812305863306,
            "Mff": 0.8348491265427067
        },
        "ferry": {
            "MTOW": 784909.1757753597,
            "total_fuel": 141440.3140834098,
            "OEW": 638514.7025161746,
            "EW": 638344.7025161746,
            "ZFW": 643468.8616919499,
            "MTOM": 80011.12902908865,
            "S": 220.49288637421077,
            "b": 46.95667006658487,
            "MAC": 4.695667006658487,
            "fuel_economy": 0,
            "h_b": 0.17036983220181387,
            "k": 1.2272347755919017,
            "WP": 0.09323812173756035,
            "TW": null,
            "WS": 3559.8064228808703,
            "P": 8418328.910407087,
            "T": null,
            "LD": 20.733754636115773,
            "max_fuel": 155584.34549175078,
            "mission_fuel": 138545.8380175817,
            "reserve_fuel": 2894.4760658280866,
            "Mff": 0.8198004069149908
        },
        "altitude": {
            "MTOW": 2419163.0448474027,
            "total_fuel": 314018.0150773996,
            "OEW": 1215656.6167251559,
            "EW": 1215231.6167251559,
            "ZFW": 2105145.029770003,
            "MTOM": 246601.7374971868,
            "S": 679.5771532180815,
            "b": 82.43646967320238,
            "MAC": 8.243646967320238,
            "fuel_economy": 0.13414869416153888,
            "h_b": 0.09704442744472061,
            "k": 1.4093880883988232,
            "WP": 0.09323812173756055,
            "TW": null,
            "WS": 3559.8064228808703,
            "P": 25946072.26920203,
            "T": null,
            "LD": 23.81117891467149,
            "max_fuel": 345419.8165851396,
            "mission_fuel": 305774.82227501745,
            "reserve_fuel": 8243.192802382167,
            "Mff": 0.8701955968837117
        },
        "max": {
            "MTOM": 264734.8227817316,
            "S": 729.5477065258664,
            "b": 85.41356487852889,
            "MAC": 8.54135648785289,
            "fuel_economy": 0.07649160288323889,
            "OEW": 1278477.4662788748,
            "total_fuel": 428904.84659842396,
            "max_fuel": 471795.3312582664,
            "mission_fuel": 420498.03429256065,
            "reserve_fuel": 8406.812305863306,
            "Mff": 0.8198004069149908,
            "MTOW": 1720912.5750032095
        },
        "wing_design": {
            "taper_ratio": 0.4,
            "sweep_c_4": 0,
            "dihedral": 1,
            "sweep_x_c": 2.454031674527076,
            "chord_root": 12.201937839789842,
            "chord_tip": 4.880775135915937,
            "y_MAC": 18.302906759684763,
            "X_LEMAC": 21.056440000000002,
            "X_LE": 20.272029710299226,
            "MAC": 9.06429668098674,
            "S": 729.5477065258664,
            "b": 85.41356487852889,
            "aspect_ratio": 10
        },
        "cg_range": {
            "most_aft_cg": 24.55223261030095,
            "most_aft_mission": "ALTITUDE_OEW_PAYLOAD_FUEL",
            "most_forward_cg": 21.09633628787085,
            "most_forward_mission": "DESIGN_OEW"
        },
        "empennage_design": {
            "S_h": 198.95250985571727,
            "S_v": 185.24689251010116
        }
    },
    "kinematic_viscosity": 1.006e-06,
    "rho_water": 1000,
    "viscosity_air": 1.48e-05,
    "rho_air": 1.225
}