{
    "design_id": 3,
    "inputs": {
        "cruise_altitude": 10,
        "aircraft_type": "PROP",
        "wing_type": "HIGH",
        "n_wings": 1,
        "n_fuselages": 1,
        "depth": 0.1,
        "jet_consumption": 2.7e-05,
        "prop_consumption": 2.1e-08,
        "prop_efficiency": 0.82,
        "Cd0": 0.02337930126140044,
        "oswald_factor": 0.85,
        "aspect_ratio": 10,
        "tfo": 0.001,
        "reserve_fuel": 0,
        "n_engines": 8,
        "CLmax_clean": 1.5,
        "CLmax_takeoff": 1.7,
        "CLmax_landing": 1.7,
        "CL_hydro": 0.5,
        "r_float": 4.416363005162699,
        "upsweep": 11,
        "xcg_OEW": 0.45,
        "xcg_payload": 0.55,
        "V_h": 0.9,
        "V_v": 0.0838
    },
    "requirements": {
        "design_range": 3704000,
        "design_payload": 90000,
        "design_crew": 425,
        "ferry_range": 12038000,
        "reserve_range": 185200,
        "ferry_payload": 0,
        "ferry_crew": 425,
        "altitude_range_WIG": 943600,
        "altitude_range_WOG": 538000,
        "altitude_payload": 90000,
        "altitude_crew": 170,
        "cruise_speed": 115.749,
        "stall_speed_clean": 77.16,
        "stall_speed_takeoff": 61.73,
        "stall_speed_landing": 61.73,
        "stall_speed_high": 82.3,
        "high_altitude": 3048.0,
        "cargo_width": 3.5,
        "cargo_height": 4,
        "cargo_length": 7.32,
        "cargo_density": 160
    },
    "outputs": {
        "general": {
            "d_fuselage": 8.832726010325398,
            "r_fuselage": 4.416363005162699,
            "l_fuselage": 75.07817108776588,
            "l_tailcone": 39.747267046464295,
            "l_nose": 13.249089015488098,
            "l_cargo_straight": 15.316351424067726,
            "Re": 4837280592.753655,
            "Cd_water": 0.0012700434697589557,
            "hull_surface": 227.12738815886908,
            "take_off_power": 47896190.5181336,
            "take_off_thrust": null,
            "V_lof": 64.8165,
            "LD_g": 16.89812972912176
        },
        "design": {
            "MTOW": 2618435.421524604,
            "total_fuel": 442717.45032872277,
            "OEW": 1286030.2857743562,
            "EW": 1285605.2857743562,
            "ZFW": 2175717.9711958813,
            "MTOM": 266914.9257415498,
            "S": 739.7545314003573,
            "b": 86.00898391449334,
            "MAC": 8.600898391449332,
            "fuel_economy": 0.0789074988290024,
            "h_b": 0.11626692404530202,
            "k": 1.3431852721947413,
            "WP": 0.0930198942611195,
            "TW": null,
            "WS": 3539.6003814507203,
            "P": 28149198.000314847,
            "T": null,
            "LD": 22.69731897979246,
            "max_fuel": 486989.1953615951,
            "mission_fuel": 433778.9626292255,
            "reserve_fuel": 8938.487699497258,
            "fuel_mission": 433778.9626292255,
            "fuel_reserve": 8938.487699497258,
            "Mff": 0.8309229065993359
        },
        "ferry": {
            "MTOW": 793953.6446752499,
            "total_fuel": 147281.65576344487,
            "OEW": 641708.7852671298,
            "EW": 641283.7852671298,
            "ZFW": 646671.9889118051,
            "MTOM": 80933.09323906727,
            "S": 224.30601172831965,
            "b": 47.36095562046016,
            "MAC": 4.736095562046015,
            "fuel_economy": 0,
            "h_b": 0.21114438822007114,
            "k": 1.1754653796512455,
            "WP": 0.0930198942611195,
            "TW": null,
            "WS": 3539.6003814507203,
            "P": 8535310.11814004,
            "T": null,
            "LD": 19.863166477438106,
            "max_fuel": 162009.82133978937,
            "mission_fuel": 144244.9780849929,
            "reserve_fuel": 3036.6776784519607,
            "fuel_mission": 144244.9780849929,
            "fuel_reserve": 3036.6776784519607,
            "Mff": 0.8144959006722775
        },
        "altitude": {
            "MTOW": 2424458.927378434,
            "total_fuel": 317438.3440877035,
            "OEW": 1217526.874363352,
            "EW": 1217356.874363352,
            "ZFW": 2107020.5832907306,
            "MTOM": 247141.5828112573,
            "S": 684.9527251957068,
            "b": 82.76187076158361,
            "MAC": 8.27618707615836,
            "fuel_economy": 0.13543047306558423,
            "h_b": 0.12082858818896827,
            "k": 1.3300579838362983,
            "WP": 0.0930198942611195,
            "TW": null,
            "WS": 3539.6003814507203,
            "P": 26063875.33157851,
            "T": null,
            "LD": 22.4754923581199,
            "max_fuel": 349182.1784964739,
            "mission_fuel": 308696.47364874143,
            "reserve_fuel": 8741.870438962069,
            "fuel_mission": 308696.47364874143,
            "fuel_reserve": 8741.870438962069,
            "Mff": 0.8690683762455199
        },
        "max": {
            "MTOM": 266914.9257415498,
            "S": 739.7545314003573,
            "b": 86.00898391449334,
            "MAC": 8.600898391449332,
            "fuel_economy": 0.0789074988290024,
            "OEW": 1286030.2857743562,
            "total_fuel": 442717.45032872277,
            "max_fuel": 486989.1953615951,
            "mission_fuel": 433778.9626292255,
            "reserve_fuel": 8938.487699497258,
            "Mff": 0.8144959006722775,
            "MTOW": 1733790.843393344
        },
        "wing_design": {
            "taper_ratio": 0.4,
            "sweep_c_4": 0,
            "dihedral": 1,
            "sweep_x_c": 2.454031674527076,
            "chord_root": 12.286997702070478,
            "chord_tip": 4.914799080828192,
            "y_MAC": 18.430496553105716,
            "X_LEMAC": 21.056440000000002,
            "X_LE": 20.26656157629547,
            "MAC": 9.127484007252356,
            "S": 739.7545314003573,
            "b": 86.00898391449334,
            "aspect_ratio": 10
        },
        "cg_range": {
            "most_aft_cg": 36.941036308495235,
            "most_aft_mission": "ALTITUDE_OEW_PAYLOAD",
            "most_forward_cg": 31.470208014458734,
            "most_forward_mission": "DESIGN_OEW_FUEL"
        },
        "empennage_design": {
            "S_h": 186.95480796773015,
            "S_v": 174.07569897439765,
            "l_h": 30.629317670494054,
            "l_v": 30.629317670494054
        }
    },
    "kinematic_viscosity": 1.006e-06,
    "rho_water": 1000,
    "viscosity_air": 1.484e-05,
    "rho_air": 1.225
}