{
    "design_id": 2,
    "inputs": {
        "cruise_altitude": 8,
        "aircraft_type": "PROP",
        "wing_type": "HIGH",
        "tail_type": "H_TAIL",
        "n_wings": 1,
        "n_fuselages": 2,
        "depth": 0.1,
        "jet_consumption": 2.7e-05,
        "prop_consumption": 2.1e-08,
        "prop_efficiency": 0.85,
        "Cd0": 0.0261015586712109,
        "oswald_factor": 0.85,
        "aspect_ratio": 10,
        "aspect_h": 4.5,
        "aspect_v": 1.5,
        "sweep_h": 21,
        "sweep_hc4": 30,
        "taper_h": 0.3,
        "sweep_v": 33,
        "taper_v": 0.29,
        "h_position": 0.9707603019626987,
        "v_position": 0.7895117190540966,
        "tfo": 0.001,
        "n_engines": 6.0,
        "CLmax_clean": 1.5,
        "CLmax_takeoff": 1.7,
        "CLmax_landing": 1.7,
        "CL_hydro": 0.5,
        "r_float": 3.1024023952751247,
        "upsweep": 11,
        "xcg_OEW": 0.4,
        "xcg_payload": 0.55,
        "V_h": 0.9,
        "V_v": 0.083867,
        "k": 1.2261010000485446,
        "xc_OEW": 0.2,
        "xc_wing": 0.4,
        "xc_fuselage": 0.4,
        "mf_wing": 0.12,
        "mf_fuselage": 0.2,
        "engine_power": 8202000
    },
    "requirements": {
        "design_range": 3704000,
        "design_payload": 90000,
        "design_crew": 425,
        "ferry_range": 12038000,
        "reserve_range": 185200,
        "ferry_payload": 0,
        "ferry_crew": 170,
        "altitude_range_WIG": 943600,
        "altitude_range_WOG": 538000,
        "altitude_payload": 90000,
        "altitude_crew": 425,
        "cruise_speed": 115.749,
        "stall_speed_clean": 77.16,
        "stall_speed_takeoff": 61.9,
        "stall_speed_landing": 61.9,
        "stall_speed_high": 82.3,
        "high_altitude": 3048.0,
        "cargo_width": 3.5,
        "cargo_height": 4,
        "cargo_length": 7.32,
        "cargo_density": 160
    },
    "outputs": {
        "general": {
            "d_fuselage": 6.2048047905502495,
            "r_fuselage": 3.1024023952751247,
            "l_fuselage": 52.740840719677124,
            "l_tailcone": 27.921621557476122,
            "l_nose": 9.307207185825375,
            "l_cargo_straight": 8.74654837462985,
            "Re": 3407446264.9855022,
            "Cd_water": 0.0013218773711531056,
            "hull_surface": 224.16418708256532,
            "take_off_power": 47857314.10082371,
            "take_off_thrust": null,
            "V_lof": 64.995,
            "LD_g": 15.992677603892542
        },
        "design": {
            "MTOW": 2566950.627575962,
            "total_fuel": 409466.1587262023,
            "OEW": 1267848.2682221835,
            "EW": 1267423.2682221835,
            "ZFW": 2157484.4688497595,
            "MTOM": 261666.73063975145,
            "S": 721.0927572439746,
            "b": 84.91718066704608,
            "MAC": 8.491718066704609,
            "fuel_economy": 0.07378921796172848,
            "h_b": 0.09420943956403124,
            "k": 1.5849180456582475,
            "WP": 0.08909622796473686,
            "TW": null,
            "WS": 3559.8064228808703,
            "P": 28810991.062291972,
            "T": null,
            "LD": 25.347083332800906,
            "max_fuel": 450412.7745988226,
            "mission_fuel": 405642.18731636944,
            "reserve_fuel": 3823.971409832884,
            "Mff": 0.8404853781263133
        },
        "ferry": {
            "MTOW": 767950.6591398746,
            "total_fuel": 130487.70966286625,
            "OEW": 632525.7488178685,
            "EW": 632355.7488178685,
            "ZFW": 637462.9494770083,
            "MTOM": 78282.4321243501,
            "S": 215.72820763631339,
            "b": 46.44655074774804,
            "MAC": 4.644655074774803,
            "fuel_economy": 0,
            "h_b": 0.17224099252166492,
            "k": 1.365628941236502,
            "WP": 0.08909622796475213,
            "TW": null,
            "WS": 3559.8064228808703,
            "P": 8619339.748520982,
            "T": null,
            "LD": 21.84006338374049,
            "max_fuel": 143536.48062915288,
            "mission_fuel": 129176.24143992983,
            "reserve_fuel": 1311.4682229364262,
            "Mff": 0.8300832115841713
        },
        "altitude": {
            "MTOW": 2412755.0659842156,
            "total_fuel": 309879.4421625477,
            "OEW": 1213393.6187556835,
            "EW": 1212968.6187556835,
            "ZFW": 2102875.623821668,
            "MTOM": 245948.52864263154,
            "S": 677.7770416043131,
            "b": 82.32721552465583,
            "MAC": 8.232721552465582,
            "fuel_economy": 0.1343002169509726,
            "h_b": 0.09717321239419441,
            "k": 1.5714126968310906,
            "WP": 0.08909622796475213,
            "TW": null,
            "WS": 3559.8064228808703,
            "P": 27080327.878063925,
            "T": null,
            "LD": 25.131096643082962,
            "max_fuel": 340867.38637880253,
            "mission_fuel": 306120.1991294051,
            "reserve_fuel": 3759.243033142644,
            "Mff": 0.8715661417392399
        },
        "max": {
            "MTOM": 261666.73063975145,
            "S": 721.0927572439746,
            "b": 84.91718066704608,
            "MAC": 8.491718066704609,
            "fuel_economy": 0.07378921796172848,
            "OEW": 1267848.2682221835,
            "total_fuel": 409466.1587262023,
            "max_fuel": 450412.7745988226,
            "mission_fuel": 405642.18731636944,
            "reserve_fuel": 3823.971409832884,
            "Mff": 0.8300832115841713,
            "MTOW": 1720912.5750032095,
            "LD": 25.347083332800906
        },
        "wing_design": {
            "taper_ratio": 0.4,
            "sweep_c_4": 0,
            "dihedral": 1,
            "sweep_x_c": 2.454031674527076,
            "chord_root": 12.131025809696714,
            "chord_tip": 4.852410323878686,
            "y_MAC": 18.19653871454507,
            "X_LEMAC": 20.375406754037446,
            "X_LE": 19.595555094842656,
            "MAC": 9.011619172917559,
            "S": 721.0927572580862,
            "b": 84.91718066787699,
            "aspect_ratio": 10
        },
        "cg_range": {
            "most_aft_cg": 24.455271839763714,
            "most_aft_mission": "ALTITUDE_OEW_PAYLOAD_FUEL",
            "most_forward_cg": 21.09633628787085,
            "most_forward_mission": "DESIGN_OEW"
        },
        "empennage_design": {
            "vertical_tail": {
                "S": 149.5463198503808,
                "l_v": 17.170070670509322,
                "mac": 14.40177186496873,
                "b": 10.590549555513425,
                "chord_root": 17.530895027750812,
                "chord_tip": 2.467546719035499,
                "abs_pos": 0.7895117139919796,
                "sweep": 33,
                "taper": 0.6118613659188371,
                "relative_pos_fus": 0.7895117190540966
            },
            "horizontal_tail": {
                "S": 218.75272381154173,
                "l_h": 26.735173318900134,
                "mac": 7.646053104958211,
                "b": 31.374946329068642,
                "chord_root": 10.726477377459362,
                "chord_tip": 3.2179432132378087,
                "abs_pos": 0.9707603006784519,
                "sweep": 21,
                "sweep_hc4": 30,
                "taper": 0.3,
                "relative_pos_fus": 0.9707603019626987
            }
        }
    },
    "kinematic_viscosity": 1.006e-06,
    "rho_water": 1000,
    "viscosity_air": 1.48e-05,
    "rho_air": 1.225
}