{
    "design_id": 3,
    "inputs": {
        "cruise_altitude": 10,
        "aircraft_type": "PROP",
        "wing_type": "HIGH",
        "n_wings": 1,
        "n_fuselages": 1,
        "depth": 0.1,
        "jet_consumption": 2.7e-05,
        "prop_consumption": 2.1e-08,
        "prop_efficiency": 0.85,
        "Cd0": 0.023440535994304686,
        "oswald_factor": 0.85,
        "aspect_ratio": 10,
        "tfo": 0.001,
        "reserve_fuel": 0,
        "n_engines": 8,
        "CLmax_clean": 1.5,
        "CLmax_takeoff": 1.7,
        "CLmax_landing": 1.7,
        "CL_hydro": 0.5,
        "r_float": 4.416363005162699,
        "upsweep": 11,
        "xcg_OEW": 0.45,
        "xcg_payload": 0.55,
        "V_h": 0.9,
        "V_v": 0.0838,
        "k": 1.1744700387202258
    },
    "requirements": {
        "design_range": 3704000,
        "design_payload": 90000,
        "design_crew": 425,
        "ferry_range": 12038000,
        "reserve_range": 185200,
        "ferry_payload": 0,
        "ferry_crew": 170,
        "altitude_range_WIG": 943600,
        "altitude_range_WOG": 538000,
        "altitude_payload": 90000,
        "altitude_crew": 425,
        "cruise_speed": 115.749,
        "stall_speed_clean": 77.16,
        "stall_speed_takeoff": 61.73,
        "stall_speed_landing": 61.73,
        "stall_speed_high": 82.3,
        "high_altitude": 3048.0,
        "cargo_width": 3.5,
        "cargo_height": 4,
        "cargo_length": 7.32,
        "cargo_density": 160
    },
    "outputs": {
        "general": {
            "d_fuselage": 8.832726010325398,
            "r_fuselage": 4.416363005162699,
            "l_fuselage": 75.07817108776588,
            "l_tailcone": 39.747267046464295,
            "l_nose": 13.249089015488098,
            "l_cargo_straight": 15.316351424067726,
            "Re": 4837280592.753655,
            "Cd": 0.0012700434697589557,
            "hull_surface": 227.12738815886908,
            "take_off_power": 46205736.735140644,
            "take_off_thrust": null,
            "V_lof": 64.8165,
            "LD_g": 16.876043435379266,
            "Cd_water": 0.0012700434697589557
        },
        "design": {
            "MTOW": 2605660.3087834185,
            "total_fuel": 434466.68410372816,
            "OEW": 1281518.714370907,
            "EW": 1281093.714370907,
            "ZFW": 2171193.62467969,
            "MTOM": 265612.6716394922,
            "S": 736.1453350695695,
            "b": 85.7989122931969,
            "MAC": 8.57989122931969,
            "fuel_economy": 0.0774643478551897,
            "h_b": 0.11655159410211907,
            "k": 1.3423411414677295,
            "WP": 0.09623828153247972,
            "TW": null,
            "WS": 3539.6003814507203,
            "P": 27075091.81680501,
            "T": null,
            "LD": 22.653407408505988,
            "max_fuel": 477913.352514101,
            "mission_fuel": 425845.5147107402,
            "reserve_fuel": 8621.16939298797,
            "Mff": 0.8332604282149961
        },
        "ferry": {
            "MTOW": 786787.2860528417,
            "total_fuel": 142653.2856757704,
            "OEW": 639177.9630910185,
            "EW": 639007.9630910185,
            "ZFW": 644134.0003770713,
            "MTOM": 80202.5775792907,
            "S": 222.2826377462341,
            "b": 47.1468596776322,
            "MAC": 4.71468596776322,
            "fuel_economy": 0,
            "h_b": 0.2121032040813586,
            "k": 1.1744700387202258,
            "WP": 0.09623828186052108,
            "TW": null,
            "WS": 3539.6003814507203,
            "P": 8175408.692282545,
            "T": null,
            "LD": 19.820407433043133,
            "max_fuel": 156918.61424334746,
            "mission_fuel": 139729.21483971912,
            "reserve_fuel": 2924.07083605128,
            "Mff": 0.8186888779158671
        },
        "altitude": {
            "MTOW": 2419039.8719232944,
            "total_fuel": 313938.46423329704,
            "OEW": 1215613.117818074,
            "EW": 1215188.117818074,
            "ZFW": 2105101.4076899975,
            "MTOM": 246589.181643557,
            "S": 683.4144061844075,
            "b": 82.6688820648016,
            "MAC": 8.26688820648016,
            "fuel_economy": 0.13402811340080883,
            "h_b": 0.12096450018716,
            "k": 1.3296795349640722,
            "WP": 0.09623828152009559,
            "TW": null,
            "WS": 3539.6003814507203,
            "P": 25135942.098240532,
            "T": null,
            "LD": 22.439729585220416,
            "max_fuel": 345332.31065662677,
            "mission_fuel": 305499.97382485203,
            "reserve_fuel": 8438.49040844501,
            "Mff": 0.8702218727863731
        },
        "max": {
            "MTOM": 265612.6716394922,
            "S": 736.1453350695695,
            "b": 85.7989122931969,
            "MAC": 8.57989122931969,
            "fuel_economy": 0.0774643478551897,
            "OEW": 1281518.714370907,
            "total_fuel": 434466.68410372816,
            "max_fuel": 477913.352514101,
            "mission_fuel": 425845.5147107402,
            "reserve_fuel": 8621.16939298797,
            "Mff": 0.8186888779158671,
            "MTOW": 1733790.843393344
        },
        "wing_design": {
            "taper_ratio": 0.4,
            "sweep_c_4": 0,
            "dihedral": 1,
            "sweep_x_c": 2.454031674527076,
            "chord_root": 12.2569874704567,
            "chord_tip": 4.902794988182681,
            "y_MAC": 18.385481205685053,
            "X_LEMAC": 21.056440000000002,
            "X_LE": 20.26849080547064,
            "MAC": 9.105190692339262,
            "S": 736.1453350695695,
            "b": 85.7989122931969,
            "aspect_ratio": 10
        },
        "cg_range": {
            "most_aft_cg": 36.94391432072992,
            "most_aft_mission": "ALTITUDE_OEW_PAYLOAD",
            "most_forward_cg": 31.492953747107897,
            "most_forward_mission": "DESIGN_OEW_FUEL"
        },
        "empennage_design": {
            "S_h": 185.60571443857714,
            "S_v": 172.81954299947517,
            "l_h": 30.626439658259372,
            "l_v": 30.626439658259372
        }
    },
    "kinematic_viscosity": 1.006e-06,
    "rho_water": 1000,
    "viscosity_air": 1.484e-05,
    "rho_air": 1.225
}