{
    "design_id": 3,
    "inputs": {
        "cruise_altitude": 10,
        "aircraft_type": "PROP",
        "wing_type": "HIGH",
        "n_wings": 1,
        "n_fuselages": 1,
        "depth": 0.15,
        "jet_consumption": 2.7e-05,
        "prop_consumption": 2.1e-08,
        "prop_efficiency": 0.82,
        "Cd0": 0.028768407985761368,
        "oswald_factor": 0.85,
        "aspect_ratio": 10,
        "Cl_alpha": 5.0,
        "tfo": 0.001,
        "reserve_fuel": 0,
        "n_engines": 8,
        "CLmax_clean": 1.5,
        "CLmax_takeoff": 1.7,
        "CLmax_landing": 1.7,
        "r_float": 1.5,
        "upsweep": 11,
        "k": 1.3482977762744772
    },
    "requirements": {
        "design_range": 3704000,
        "design_payload": 90000,
        "design_crew": 425,
        "ferry_range": 12038000,
        "reserve_range": 185200,
        "ferry_payload": 0,
        "ferry_crew": 425,
        "altitude_range_WIG": 943600,
        "altitude_range_WOG": 538000,
        "altitude_payload": 90000,
        "altitude_crew": 425,
        "cruise_speed": 115.749,
        "stall_speed_clean": 77.16,
        "stall_speed_takeoff": 61.9,
        "stall_speed_landing": 61.9,
        "stall_speed_high": 82.3,
        "high_altitude": 3048.0,
        "cargo_width": 3.5,
        "cargo_height": 4,
        "cargo_length": 7.32,
        "cargo_density": 160
    },
    "outputs": {
        "general": {
            "d_fuselage": 8.832726010325398,
            "r_fuselage": 4.416363005162699,
            "l_fuselage": 75.07817108776588,
            "l_tailcone": 39.747267046464295,
            "l_nose": 13.249089015488098,
            "l_cargo_straight": 15.316351424067726,
            "Re": 4850602117.146465,
            "Cd": 0.0012696487711144299,
            "hull_surface": 358.30253673344384,
            "take_off_power": 76160445.50231826,
            "take_off_thrust": null,
            "V_lof": 64.995,
            "LD_g": 15.233387477458177
        },
        "design": {
            "MTOW": 2712042.0552982185,
            "total_fuel": 503172.9991776059,
            "fuel_mission": 478353.5460949404,
            "fuel_reserve": 24819.45308266551,
            "OEW": 1319087.764065314,
            "EW": 1318662.764065314,
            "ZFW": 2208869.0561206127,
            "MTOM": 276456.88637086836,
            "S": 761.9973167867576,
            "b": 87.29245768030349,
            "MAC": 8.72924576803035,
            "fuel_economy": 0.1783826660969906,
            "h_b": 0.11455743446499825,
            "k": 1.3483273729611545,
            "WP": 0.07981111621489735,
            "TW": null,
            "WS": 3559.122838225619,
            "P": 33980755.86357976,
            "T": null,
            "LD": 20.53959331878053
        },
        "ferry": {
            "MTOW": 820789.7509571053,
            "total_fuel": 164613.67026746215,
            "fuel_mission": 161880.0016791988,
            "fuel_reserve": 2733.668588263361,
            "OEW": 651186.040938686,
            "EW": 650761.040938686,
            "ZFW": 656176.0806896432,
            "MTOM": 83668.68001601481,
            "S": 230.6157410870105,
            "b": 48.02246777155569,
            "MAC": 4.8022467771555695,
            "fuel_economy": 0,
            "h_b": 0.2082358625877016,
            "k": 1.1785372308241675,
            "WP": 0.08123116348289106,
            "TW": null,
            "WS": 3559.122838225619,
            "P": 10104370.24123113,
            "T": null,
            "LD": 18.16053061444485
        },
        "altitude": {
            "MTOW": 2486503.0080420673,
            "total_fuel": 357509.31767292833,
            "fuel_mission": 333585.64719015564,
            "fuel_reserve": 23923.670482772694,
            "OEW": 1239437.9373610967,
            "EW": 1239012.9373610967,
            "ZFW": 2128993.690369139,
            "MTOM": 253466.15780245332,
            "S": 698.6280387225128,
            "b": 83.58397207135545,
            "MAC": 8.358397207135544,
            "fuel_economy": 0.3109932893946798,
            "h_b": 0.11964016248788731,
            "k": 1.3333976714239288,
            "WP": 0.08123116348289106,
            "TW": null,
            "WS": 3559.122838225619,
            "P": 30610210.43439536,
            "T": null,
            "LD": 20.546834329696736
        },
        "max": {
            "MTOM": 276456.88637086836,
            "S": 761.9973167867576,
            "b": 87.29245768030349,
            "MAC": 8.72924576803035,
            "fuel_economy": 0.1783826660969906
        },
        "wing_design": {
            "taper_ratio": 0.4,
            "sweep_c_4": 0,
            "dihedral": 1,
            "sweep_x_c": 2.454031674527076,
            "chord_root": 12.45917239039014,
            "chord_tip": 4.983668956156056,
            "y_MAC": 18.688758585585212,
            "X_LEMAC": 21.056440000000002,
            "X_LE": 20.25549320347492,
            "MAC": 9.25538520428982,
            "S": 760.6317856019537,
            "b": 87.21420673273097,
            "aspect_ratio": 10
        }
    },
    "kinematic_viscosity": 1.006e-06,
    "rho_water": 1000
}