{
    "design_id": 2,
    "aircraft_type": "PROP",
    "cruise_altitude": 5,
    "n_wings": 1,
    "n_fuselages": 2,
    "depth": 0.2,
    "design_range": 3704000,
    "design_payload": 90000,
    "design_crew": 425,
    "ferry_range": 12038000,
    "ferry_payload": 0,
    "ferry_crew": 425,
    "altitude_range_WIG": 943600,
    "altitude_range_WOG": 538000,
    "altitude_payload": 90000,
    "altitude_crew": 425,
    "cruise_speed": 115.749,
    "jet_consumption": 2.7e-05,
    "prop_consumption": 2.18e-08,
    "prop_efficiency": 0.82,
    "Cd0": 0.02422111472806403,
    "oswald_factor": 0.85,
    "aspect_ratio": 10,
    "tfo": 0.001,
    "reserve_fuel": 0,
    "k": 1.6405131236892263,
    "n_engines": 8,
    "CLmax_clean": 1.5,
    "CLmax_takeoff": 1.6,
    "CLmax_landing": 1.8,
    "stall_speed_clean": 77.16,
    "stall_speed_takeoff": 61.728,
    "stall_speed_landing": 51.44,
    "high_altitude": 3048.0,
    "L": 52.6,
    "r_fuselage": 3.1,
    "r_float": 3.1,
    "design": {
        "MTOW": 2616835.1948333997,
        "fuel_used": 439780.7189899248,
        "fuel_res": 0.0,
        "fuel": 439780.7189899248,
        "OEW": 1285465.1606654571,
        "ZFW": 2175151.2458602902,
        "EW": 1285040.1606654571,
        "MTOM": 266751.80375467887,
        "WS": 3332.77241396741,
        "Fuel": 441683.94897310936,
        "Fuel_used": 441683.94897310936,
        "Fuel_reserve": 0.0,
        "S": 785.1642092798558,
        "b": 88.60949211455033,
        "MAC": 8.860949211455033,
        "h_b": 0.056427363261897796,
        "fuel_economy": 0.16470821849919545,
        "TW": null,
        "WP": 0.08792647788303459,
        "take_off_thrust": null,
        "take_off_power": 132758100.2868195,
        "k": 1.6563836125460398,
        "design_payload": 90000,
        "P": 29761628.78165643,
        "T": null,
        "Re": 3402432574.8502994,
        "Cd": 0.0013221018492204925,
        "hull_surface": 302.4095164946858,
        "stall_speed_clean": 77.16,
        "LD": 16.6018826655351
    },
    "ferry": {
        "take_off_power": 132758100.2868195,
        "take_off_thrust": null,
        "MTOM": 79331.80959759202,
        "MTOW": 778245.0521523777,
        "OEW": 636161.246215975,
        "ZFW": 641108.7412681273,
        "EW": 635736.246215975,
        "Fuel": 137136.3108842503,
        "Fuel_used": 137136.3108842503,
        "Fuel_reserve": 0.0,
        "S": 233.50309503769475,
        "b": 48.32215796481928,
        "MAC": 4.832215796481928,
        "h_b": 0.10347220013725848,
        "k": 1.3850218134021164,
        "WP": 0.08792647788303459,
        "TW": null,
        "WS": 3332.77241396741,
        "ferry_payload": 0,
        "P": 8851088.669645665,
        "T": null,
        "Re": 3402432574.8502994,
        "Cd": 0.0013221018492204925,
        "hull_surface": 302.4095164946858,
        "stall_speed_clean": 77.16,
        "LD": 16.6018826655351
    },
    "altitude": {
        "take_off_power": 132758100.2868195,
        "take_off_thrust": null,
        "MTOM": 251043.12157747278,
        "MTOW": 2462733.022675008,
        "OEW": 1231043.4919722343,
        "ZFW": 2120575.474994909,
        "EW": 1230618.4919722343,
        "Fuel": 342157.54768009885,
        "Fuel_used": 342157.54768009885,
        "Fuel_reserve": 0.0,
        "S": 738.9238262097051,
        "b": 85.960678580948,
        "MAC": 8.596067858094798,
        "h_b": 0.05816612993918572,
        "k": 1.6405131236892263,
        "WP": 0.08792647788303459,
        "TW": null,
        "WS": 3332.77241396741,
        "fuel_economy": 0.3189846509900776,
        "altitude_payload": 90000,
        "P": 28009003.453443144,
        "T": null,
        "Re": 3402432574.8502994,
        "Cd": 0.0013221018492204925,
        "hull_surface": 302.4095164946858,
        "stall_speed_clean": 77.16,
        "LD": 16.6018826655351
    },
    "max": {
        "MTOM": 266751.80375467887,
        "S": 785.1642092798558,
        "b": 88.60949211455033,
        "MAC": 8.860949211455033,
        "fuel_economy": 0.16470821849919545
    },
    "gravitational_acceleration": 9.81,
    "kinematic_viscosity": 1.002e-06,
    "rho_water": 1000.0,
    "V_lof": 64.8144,
    "LD": 16.6018826655351
}