{
    "design_id": 1,
    "inputs": {
        "cruise_altitude": 4,
        "aircraft_type": "PROP",
        "wing_type": "LOW",
        "n_wings": 1,
        "n_fuselages": 1,
        "depth": 0.1,
        "jet_consumption": 2.7e-05,
        "prop_consumption": 2.1e-08,
        "prop_efficiency": 0.85,
        "Cd0": 0.02392332955096443,
        "oswald_factor": 0.85,
        "aspect_ratio": 10,
        "tfo": 0.001,
        "reserve_fuel": 0,
        "n_engines": 8,
        "CLmax_clean": 1.5,
        "CLmax_takeoff": 1.7,
        "CLmax_landing": 1.7,
        "CL_hydro": 0.5,
        "r_float": 3,
        "upsweep": 11,
        "xcg_OEW": 0.4,
        "xcg_payload": 0.55,
        "V_h": 0.9,
        "V_v": 0.0838,
        "k": 1.751274668032127
    },
    "requirements": {
        "design_range": 3704000,
        "design_payload": 90000,
        "design_crew": 425,
        "ferry_range": 12038000,
        "ferry_payload": 0,
        "reserve_range": 185200,
        "ferry_crew": 170,
        "altitude_range_WIG": 943600,
        "altitude_range_WOG": 538000,
        "altitude_payload": 90000,
        "altitude_crew": 425,
        "cruise_speed": 115.749,
        "stall_speed_clean": 77.16,
        "stall_speed_takeoff": 61.9,
        "stall_speed_landing": 61.9,
        "stall_speed_high": 82.3,
        "high_altitude": 3048.0,
        "cargo_width": 3.5,
        "cargo_height": 4,
        "cargo_length": 7.32,
        "cargo_density": 160
    },
    "outputs": {
        "general": {
            "d_fuselage": 8.832726010325398,
            "r_fuselage": 4.416363005162699,
            "l_fuselage": 75.07817108776588,
            "l_tailcone": 39.747267046464295,
            "l_nose": 13.249089015488098,
            "l_cargo_straight": 15.316351424067726,
            "LD_g": 16.704888919806766,
            "Re": 4850602117.146465,
            "Cd_water": 0.0012696487711144299,
            "hull_surface": 154.28581474848784,
            "take_off_power": 31637380.503370564,
            "take_off_thrust": null,
            "V_lof": 64.995
        },
        "design": {
            "MTOW": 2524434.530168885,
            "total_fuel": 382007.27146535105,
            "OEW": 1252833.5741733653,
            "EW": 1252408.5741733653,
            "ZFW": 2142427.258703534,
            "MTOM": 257332.77575625735,
            "S": 708.8770741477267,
            "b": 84.19483797405437,
            "MAC": 8.419483797405437,
            "h_b": 0.04750885085416576,
            "k": 1.7512670211533374,
            "WP": 0.09507857087882329,
            "TW": null,
            "WS": 3561.1738935188127,
            "P": 26551035.704840913,
            "T": null,
            "LD": 29.254721057287387,
            "max_fuel": 420207.99861188617,
            "mission_fuel": 375422.8595370818,
            "reserve_fuel": 6584.411928269255,
            "Mff": 0.8486761027469408,
            "fuel_economy": 0.06829210589132233
        },
        "ferry": {
            "MTOW": 750110.774401961,
            "total_fuel": 118965.8764363897,
            "OEW": 626225.5371911693,
            "EW": 626055.5371911693,
            "ZFW": 631144.8979655713,
            "MTOM": 76463.89137634668,
            "S": 210.63581751319046,
            "b": 45.89507789656648,
            "MAC": 4.589507789656647,
            "fuel_economy": 0,
            "h_b": 0.08715531563133593,
            "k": 1.4524289562438568,
            "WP": 0.09507857087882329,
            "TW": null,
            "WS": 3561.1738935188127,
            "P": 7889377.884717786,
            "T": null,
            "LD": 24.26266437796451,
            "max_fuel": 130862.46408002869,
            "mission_fuel": 116626.31404040025,
            "reserve_fuel": 2339.5623959894583,
            "Mff": 0.841402256178446,
            "fuel_mission": 116627.08222187468,
            "fuel_reserve": 2339.5820760255447
        },
        "altitude": {
            "MTOW": 2399120.0249581644,
            "OEW": 1208578.3609631108,
            "EW": 1208153.3609631108,
            "ZFW": 2098046.7309880685,
            "MTOM": 244558.61620368648,
            "S": 673.6879738799238,
            "b": 82.07849742045256,
            "MAC": 8.207849742045257,
            "h_b": 0.048733835605076124,
            "k": 1.736689648805206,
            "WP": 0.09507857087882329,
            "TW": null,
            "WS": 3561.1738935188127,
            "P": 25233025.725805443,
            "T": null,
            "LD": 29.011207671469194,
            "Mff": 0.8745067813039717,
            "total_fuel": 301073.2939700957,
            "mission_fuel": 294571.0716504315,
            "reserve_fuel": 6502.222319664201,
            "max_fuel": 331180.62336710526,
            "fuel_economy": 0.1292334153141263
        },
        "max": {
            "MTOM": 257332.77575625735,
            "S": 708.8770741477267,
            "b": 84.19483797405437,
            "MAC": 8.419483797405437,
            "fuel_economy": 0.06829210589132233,
            "OEW": 1252833.5741733653,
            "total_fuel": 382007.27146535105,
            "max_fuel": 420207.99861188617,
            "mission_fuel": 375422.8595370818,
            "reserve_fuel": 6584.411928269255,
            "Mff": 0.841402256178446
        },
        "wing_design": {
            "taper_ratio": 0.4,
            "sweep_c_4": 0,
            "dihedral": 5,
            "sweep_x_c": 2.454031674527076,
            "chord_root": 12.02783399629348,
            "chord_tip": 4.811133598517393,
            "y_MAC": 18.041750994440218,
            "X_LEMAC": 21.056440000000002,
            "X_LE": 20.283222100238277,
            "MAC": 8.934962397246585,
            "S": 708.8770741477266,
            "b": 84.19483797405435,
            "aspect_ratio": 10
        },
        "cg_range": {
            "most_aft_cg": 34.785311208673285,
            "most_aft_mission": "ALTITUDE_OEW_PAYLOAD",
            "most_forward_cg": 28.834449713297087,
            "most_forward_mission": "DESIGN_OEW_FUEL"
        },
        "empennage_design": {
            "S_h": 163.84121179151012,
            "S_v": 152.5543727569838,
            "l_h": 32.785042770316004,
            "l_v": 32.785042770316004
        }
    },
    "kinematic_viscosity": 1.006e-06,
    "rho_water": 1000,
    "viscosity_air": 1.484e-05,
    "rho_air": 1.225
}