{
    "design_id": 1,
    "inputs": {
        "cruise_altitude": 4,
        "aircraft_type": "PROP",
        "wing_type": "LOW",
        "n_wings": 1,
        "n_fuselages": 1,
        "depth": 0.1,
        "jet_consumption": 2.7e-05,
        "prop_consumption": 2.1e-08,
        "prop_efficiency": 0.85,
        "Cd0": 0.0258640082978046,
        "oswald_factor": 0.85,
        "aspect_ratio": 6,
        "tfo": 0.001,
        "n_engines": 8,
        "CLmax_clean": 1.5,
        "CLmax_takeoff": 1.7,
        "CLmax_landing": 1.7,
        "CL_hydro": 0.5,
        "r_float": 3,
        "upsweep": 11,
        "xcg_OEW": 0.45,
        "xcg_payload": 0.55,
        "V_h": 0.9,
        "V_v": 0.0838,
        "xc_OEW": 0.2,
        "xc_wing": 0.4,
        "xc_fuselage": 0.4,
        "mf_wing": 0.08,
        "mf_fuselage": 0.08
    },
    "requirements": {
        "design_range": 3704000,
        "design_payload": 90000,
        "design_crew": 425,
        "ferry_range": 12038000,
        "ferry_payload": 0,
        "reserve_range": 185200,
        "ferry_crew": 170,
        "altitude_range_WIG": 943600,
        "altitude_range_WOG": 538000,
        "altitude_payload": 90000,
        "altitude_crew": 425,
        "cruise_speed": 115.749,
        "stall_speed_clean": 77.16,
        "stall_speed_takeoff": 61.9,
        "stall_speed_landing": 61.9,
        "stall_speed_high": 82.3,
        "high_altitude": 3048.0,
        "cargo_width": 3.5,
        "cargo_height": 4,
        "cargo_length": 7.32,
        "cargo_density": 160
    },
    "outputs": {
        "general": {
            "d_fuselage": 8.832726010325398,
            "r_fuselage": 4.416363005162699,
            "l_fuselage": 75.07817108776588,
            "l_tailcone": 39.747267046464295,
            "l_nose": 13.249089015488098,
            "l_cargo_straight": 15.316351424067726,
            "LD_g": 12.44463356582482,
            "Re": 4850602117.146465,
            "Cd_water": 0.0012696487711144299,
            "hull_surface": 154.28581474848784,
            "take_off_power": 31637380.503370564,
            "take_off_thrust": null,
            "V_lof": 64.995
        },
        "design": {
            "MTOW": 2650264.7711070613,
            "total_fuel": 463274.3352516891,
            "OEW": 1297270.921084265,
            "EW": 1296845.921084265,
            "ZFW": 2186990.4358553723,
            "MTOM": 270159.50775811024,
            "S": 744.2109987840607,
            "b": 66.82264580742343,
            "MAC": 11.137107634570572,
            "h_b": 0.05985994645479353,
            "k": 1.6257365444271634,
            "WP": 0.07691283585898118,
            "TW": null,
            "WS": 3561.1738935188127,
            "P": 34458029.55395237,
            "T": null,
            "LD": 20.231695354637413,
            "max_fuel": 509601.76877685805,
            "mission_fuel": 453548.6806636302,
            "reserve_fuel": 9725.654588058882,
            "Mff": 0.8251969613367455,
            "fuel_economy": 0.08250375207557327
        },
        "ferry": {
            "MTOW": 821373.4321326402,
            "total_fuel": 164990.63891164033,
            "OEW": 651392.1697888672,
            "EW": 651222.1697888672,
            "ZFW": 656382.7932209999,
            "MTOM": 83728.17860679308,
            "S": 230.64699202885996,
            "b": 37.20056386902166,
            "MAC": 6.200093978170277,
            "fuel_economy": 0,
            "h_b": 0.10752525187745754,
            "k": 1.3708867674300012,
            "WP": 0.07691283691162638,
            "TW": null,
            "WS": 3561.1738935188127,
            "P": 10679276.244567685,
            "T": null,
            "LD": 17.060183480904474,
            "max_fuel": 181489.7028028044,
            "mission_fuel": 161527.6030448337,
            "reserve_fuel": 3463.035866806633,
            "Mff": 0.7991283471596429,
            "fuel_mission": 116627.08222187468,
            "fuel_reserve": 2339.5820760255447
        },
        "altitude": {
            "MTOW": 2453015.3421797403,
            "OEW": 1227611.662420626,
            "EW": 1227186.662420626,
            "ZFW": 2117133.927762806,
            "MTOM": 250052.5323322875,
            "S": 688.8221218295776,
            "b": 64.28788945810452,
            "MAC": 10.714648243017418,
            "h_b": 0.06222011694141463,
            "k": 1.6061853893368192,
            "WP": 0.07691283691162638,
            "TW": null,
            "WS": 3561.1738935188127,
            "P": 31893445.10849703,
            "T": null,
            "LD": 19.988388609078385,
            "Mff": 0.8630740669895397,
            "total_fuel": 335881.4144169345,
            "mission_fuel": 326351.55444957694,
            "reserve_fuel": 9529.859967357537,
            "max_fuel": 369469.55585862795,
            "fuel_economy": 0.14317606185254578
        },
        "max": {
            "MTOM": 270159.50775811024,
            "S": 744.2109987840607,
            "b": 66.82264580742343,
            "MAC": 11.137107634570572,
            "fuel_economy": 0.08250375207557327,
            "OEW": 1297270.921084265,
            "total_fuel": 463274.3352516891,
            "max_fuel": 509601.76877685805,
            "mission_fuel": 453548.6806636302,
            "reserve_fuel": 9725.654588058882,
            "Mff": 0.7991283471596429
        },
        "wing_design": {
            "taper_ratio": 0.4,
            "sweep_c_4": 0,
            "dihedral": 5,
            "sweep_x_c": 4.085616779974877,
            "chord_root": 15.911949941025828,
            "chord_tip": 6.364779976410332,
            "y_MAC": 14.320754946923246,
            "X_LEMAC": 30.031268435106355,
            "X_LE": 29.00835736746898,
            "MAC": 11.82030567047633,
            "S": 744.3790437215927,
            "b": 66.83018975230847,
            "aspect_ratio": 6
        },
        "cg_range": {
            "most_aft_cg": 36.92580816046795,
            "most_aft_mission": "ALTITUDE_OEW_PAYLOAD",
            "most_forward_cg": 33.785176989494644,
            "most_forward_mission": "DESIGN_OEW"
        },
        "empennage_design": {
            "S_h": 243.50332862245872,
            "S_v": 136.03719292374691,
            "l_h": 30.644545818521337,
            "l_v": 30.644545818521337
        }
    },
    "kinematic_viscosity": 1.006e-06,
    "rho_water": 1000,
    "viscosity_air": 1.484e-05,
    "rho_air": 1.225
}