{
    "design_id": 4,
    "inputs": {
        "cruise_altitude": 4,
        "aircraft_type": "PROP",
        "wing_type": "LOW",
        "n_wings": 2,
        "n_fuselages": 1,
        "depth": 0.05,
        "jet_consumption": 2.7e-05,
        "prop_consumption": 2.1e-08,
        "prop_efficiency": 0.85,
        "Cd0": 0.02320536089523409,
        "oswald_factor": 0.85,
        "aspect_ratio": 6,
        "Cl_alpha": 5.0,
        "tfo": 0.001,
        "reserve_fuel": 0,
        "n_engines": 8,
        "CLmax_clean": 1.5,
        "CLmax_takeoff": 1.7,
        "CLmax_landing": 1.7,
        "CL_hydro": 0.5,
        "r_float": 1.5,
        "upsweep": 11,
        "xcg_OEW": 0.45,
        "xcg_payload": 0.55,
        "V_h": 0.9,
        "V_v": 0.0838,
        "k": 1.4662715103188428
    },
    "requirements": {
        "design_range": 3704000,
        "design_payload": 90000,
        "design_crew": 425,
        "ferry_range": 12038000,
        "reserve_range": 185200,
        "ferry_payload": 0,
        "ferry_crew": 170,
        "altitude_range_WIG": 943600,
        "altitude_range_WOG": 538000,
        "altitude_payload": 90000,
        "altitude_crew": 425,
        "cruise_speed": 115.749,
        "stall_speed_clean": 77.16,
        "stall_speed_takeoff": 61.9,
        "stall_speed_landing": 61.9,
        "stall_speed_high": 82.3,
        "high_altitude": 3048.0,
        "cargo_width": 3.5,
        "cargo_height": 4,
        "cargo_length": 7.32,
        "cargo_density": 160
    },
    "outputs": {
        "general": {
            "d_fuselage": 8.832726010325398,
            "r_fuselage": 4.416363005162699,
            "l_fuselage": 75.07817108776588,
            "l_tailcone": 39.747267046464295,
            "l_nose": 13.249089015488098,
            "l_cargo_straight": 15.316351424067726,
            "Re": 4850602117.146465,
            "Cd": 0.0012696487711144299,
            "hull_surface": 48.16011913363723,
            "take_off_power": 9875567.735130826,
            "take_off_thrust": null,
            "V_lof": 64.995,
            "LD_g": 13.138199892590412
        },
        "design": {
            "MTOW": 2671601.222731665,
            "total_fuel": 477054.41516111715,
            "OEW": 1304805.9563478162,
            "EW": 1304380.9563478162,
            "ZFW": 2194546.807570548,
            "MTOM": 272334.47734267736,
            "S": 750.2024058959332,
            "b": 47.44056510717173,
            "MAC": 15.813521702390576,
            "fuel_economy": 0.08491495002281096,
            "h_b": 0.08431602766458843,
            "k": 1.4662600101085386,
            "WP": 0.08235589165771251,
            "TW": null,
            "WS": 3561.1738935188127,
            "P": 32439709.764000513,
            "T": null,
            "LD": 19.264017107317617,
            "max_fuel": 524759.8566772289,
            "mission_fuel": 466803.78264719545,
            "reserve_fuel": 10250.632513921708,
            "Mff": 0.8214350214013836
        },
        "ferry": {
            "MTOW": 829293.4271375037,
            "total_fuel": 170105.74267722756,
            "OEW": 654189.1410331387,
            "EW": 654019.1410331387,
            "ZFW": 659187.6844602762,
            "MTOM": 84535.51754714614,
            "S": 232.8714152443613,
            "b": 26.431311842832997,
            "MAC": 8.810437280944333,
            "fuel_economy": 0,
            "h_b": 0.15133565915248445,
            "k": 1.259833189522734,
            "WP": 0.08235589165751371,
            "TW": null,
            "WS": 3561.1738935188127,
            "P": 10069630.84785985,
            "T": null,
            "LD": 16.55194027523708,
            "max_fuel": 187116.31694495035,
            "mission_fuel": 166520.8282693852,
            "reserve_fuel": 3584.914407842356,
            "Mff": 0.7948787038329889
        },
        "altitude": {
            "MTOW": 2453670.9433377637,
            "total_fuel": 336304.83235470636,
            "OEW": 1227843.1900397197,
            "EW": 1227418.1900397197,
            "ZFW": 2117366.1109830574,
            "MTOM": 250119.36221587803,
            "S": 689.0062275077412,
            "b": 45.464477150003866,
            "MAC": 15.154825716667954,
            "fuel_economy": 0.14315056937395657,
            "h_b": 0.08798077643788893,
            "k": 1.4485416890661598,
            "WP": 0.0823558916577271,
            "TW": null,
            "WS": 3561.1738935188127,
            "P": 29793508.32039163,
            "T": null,
            "LD": 19.031230263704483,
            "max_fuel": 369935.315590177,
            "mission_fuel": 326293.44759912504,
            "reserve_fuel": 10011.384755581326,
            "Mff": 0.8629380874123137
        },
        "max": {
            "MTOM": 272334.47734267736,
            "S": 750.2024058959332,
            "b": 47.44056510717173,
            "MAC": 15.813521702390576,
            "fuel_economy": 0.08491495002281096,
            "OEW": 1304805.9563478162,
            "total_fuel": 477054.41516111715,
            "max_fuel": 524759.8566772289,
            "mission_fuel": 466803.78264719545,
            "reserve_fuel": 10250.632513921708,
            "Mff": 0.7948787038329889,
            "MTOW": 1744319.4513770815
        },
        "wing_design": {
            "taper_ratio": 0.4,
            "sweep_c_4": 0,
            "dihedral": 5,
            "sweep_x_c": 4.085616779974877,
            "chord_root": 22.590745289129398,
            "chord_tip": 9.036298115651759,
            "y_MAC": 10.165835380108229,
            "X_LEMAC": 21.056440000000002,
            "X_LE": 20.330308901420842,
            "MAC": 16.781696500496125,
            "S": 750.2024058959332,
            "b": 47.44056510717173,
            "aspect_ratio": 6
        },
        "cg_range": {
            "most_aft_cg": 36.925611958854475,
            "most_aft_mission": "ALTITUDE_OEW_PAYLOAD",
            "most_forward_cg": 32.40212780415203,
            "most_forward_mission": "DESIGN_OEW_FUEL"
        },
        "empennage_design": {
            "S_h": 279.85037092958726,
            "S_v": 78.17153694633137
        }
    },
    "kinematic_viscosity": 1.006e-06,
    "rho_water": 1000,
    "viscosity_air": 1.48e-05,
    "rho_air": 1.225
}