{
    "design_id": 1,
    "inputs": {
        "cruise_altitude": 4,
        "aircraft_type": "PROP",
        "wing_type": "LOW",
        "tail_type": "T_TAIL",
        "n_wings": 1,
        "n_fuselages": 1,
        "depth": 0.1,
        "jet_consumption": 2.7e-05,
        "prop_consumption": 2.1e-08,
        "prop_efficiency": 0.85,
        "Cd0": 0.0254038149850019,
        "oswald_factor": 0.85,
        "aspect_ratio": 10,
        "aspect_h": 4.5,
        "aspect_v": 1.5,
        "sweep_h": 21,
        "sweep_hc4": 30,
        "sweep_vc4": 20,
        "taper_h": 0.3,
        "sweep_v": 33,
        "taper_v": 0.29,
        "tfo": 0.001,
        "n_engines": 6.0,
        "CLmax_clean": 1.5,
        "CLmax_takeoff": 1.7,
        "CLmax_landing": 1.7,
        "CL_hydro": 0.5,
        "r_float": 4.416363005162699,
        "upsweep": 11,
        "xcg_OEW": 0.4,
        "V_h": 0.9,
        "V_v": 0.083867,
        "h_position": 0.9964530589883647,
        "v_position": 0.9074941171814705,
        "xc_OEW": 0.2,
        "xc_wing": 0.4,
        "xc_fuselage": 0.4,
        "mf_wing": 0.08,
        "mf_fuselage": 0.08,
        "engine_power": 8202000
    },
    "requirements": {
        "design_range": 3704000,
        "design_payload": 90000,
        "design_crew": 425,
        "ferry_range": 12038000,
        "ferry_payload": 0,
        "reserve_range": 185200,
        "ferry_crew": 170,
        "altitude_range_WIG": 943600,
        "altitude_range_WOG": 538000,
        "altitude_payload": 90000,
        "altitude_crew": 425,
        "cruise_speed": 115.749,
        "stall_speed_clean": 77.16,
        "stall_speed_takeoff": 61.9,
        "stall_speed_landing": 61.9,
        "stall_speed_high": 82.3,
        "high_altitude": 3048.0,
        "cargo_width": 3.5,
        "cargo_height": 4,
        "cargo_length": 7.32,
        "cargo_density": 160
    },
    "outputs": {
        "general": {
            "d_fuselage": 8.832726010325398,
            "r_fuselage": 4.416363005162699,
            "l_fuselage": 75.07817108776588,
            "l_tailcone": 39.747267046464295,
            "l_nose": 13.249089015488098,
            "l_cargo_straight": 15.316351424067726,
            "LD_g": 16.210818112651776,
            "Re": 4850602117.146465,
            "Cd_water": 0.0012696487711144299,
            "hull_surface": 227.12738815886908,
            "take_off_power": 46574052.278447144,
            "take_off_thrust": null,
            "V_lof": 64.995,
            "xcg_payload": 0.44404883931977346
        },
        "design": {
            "MTOW": 2514213.4924370125,
            "total_fuel": 375406.0465203344,
            "OEW": 1249223.982424241,
            "EW": 1248798.982424241,
            "ZFW": 2138807.4459166783,
            "MTOM": 256290.87588552624,
            "S": 705.9914152842667,
            "b": 84.02329529864124,
            "MAC": 8.402329529864124,
            "h_b": 0.04760584532876188,
            "k": 1.8751705792463196,
            "WP": 0.09094109553034839,
            "TW": null,
            "WS": 3561.1738935188127,
            "P": 27646615.402801942,
            "T": null,
            "LD": 30.398049190357387,
            "max_fuel": 412946.65117236786,
            "mission_fuel": 372245.5376537593,
            "reserve_fuel": 3160.508866575081,
            "Mff": 0.8506864879813943,
            "fuel_economy": 0.06771412829354304
        },
        "ferry": {
            "MTOW": 746052.9125558643,
            "total_fuel": 116345.11917625851,
            "OEW": 624792.4904670499,
            "EW": 624622.4904670499,
            "ZFW": 629707.7933796057,
            "MTOM": 76050.24592822266,
            "S": 209.49634442554242,
            "b": 45.77077063209035,
            "MAC": 4.5770770632090345,
            "fuel_economy": 0,
            "h_b": 0.08739201776068764,
            "k": 1.536263660161605,
            "WP": 0.09094109553035092,
            "TW": null,
            "WS": 3561.1738935188127,
            "P": 8203693.920828947,
            "T": null,
            "LD": 24.90409076795646,
            "max_fuel": 127979.63109388437,
            "mission_fuel": 115209.14052135692,
            "reserve_fuel": 1135.9786549015844,
            "Mff": 0.8440524563094624,
            "fuel_mission": 116627.08222187468,
            "fuel_reserve": 2339.5820760255447
        },
        "altitude": {
            "MTOW": 2399187.7193377,
            "OEW": 1208602.2674469955,
            "EW": 1208177.2674469955,
            "ZFW": 2098070.7051663334,
            "MTOM": 244565.5167520591,
            "S": 673.7069828867725,
            "b": 82.07965538955268,
            "MAC": 8.207965538955268,
            "h_b": 0.04873314807446341,
            "k": 1.838358908439384,
            "WP": 0.09094109553035092,
            "TW": null,
            "WS": 3561.1738935188127,
            "P": 26381777.18605764,
            "T": null,
            "LD": 29.801301890483916,
            "Mff": 0.8744920992449517,
            "total_fuel": 301117.0141713666,
            "mission_fuel": 297954.5738094585,
            "reserve_fuel": 3162.440361908055,
            "max_fuel": 331228.7155885033,
            "fuel_economy": 0.13071781613218314
        },
        "max": {
            "MTOM": 256290.87588552624,
            "S": 705.9914152842667,
            "b": 84.02329529864124,
            "MAC": 8.402329529864124,
            "fuel_economy": 0.06771412829354304,
            "OEW": 1249223.982424241,
            "total_fuel": 375406.0465203344,
            "max_fuel": 412946.65117236786,
            "mission_fuel": 372245.5376537593,
            "reserve_fuel": 3162.440361908055,
            "Mff": 0.8440524563094624,
            "LD": 30.398049190357387
        },
        "wing_design": {
            "taper_ratio": 0.4,
            "sweep_c_4": 0,
            "dihedral": 5,
            "sweep_x_c": 2.454031674527076,
            "chord_root": 12.003327899805567,
            "chord_tip": 4.801331159922228,
            "y_MAC": 18.004991849708354,
            "X_LEMAC": 30.031268435106355,
            "X_LE": 29.259625927261713,
            "MAC": 8.916757868426993,
            "S": 705.9914152842285,
            "b": 84.02329529863897,
            "aspect_ratio": 10
        },
        "cg_range": {
            "most_aft_cg": 31.86017683820473,
            "most_aft_mission": "DESIGN_OEW_PAYLOAD_FUEL",
            "most_forward_cg": 30.031268435106355,
            "most_forward_mission": "DESIGN_OEW"
        },
        "empennage_design": {
            "vertical_tail": {
                "S": 137.2597638998674,
                "l_v": 36.24490709469509,
                "mac": 10.731668352743815,
                "b": 14.348855210427107,
                "chord_root": 11.254004086609495,
                "chord_tip": 7.8778028606266455,
                "sweep": 33,
                "taper": 0.7,
                "relative_pos_fus": 0.9074941171814705,
                "MAC": 9.66520350967639,
                "aspect_ratio": 1.5,
                "LE_pos": 63.52416700115641
            },
            "horizontal_tail": {
                "S": 131.90678962912594,
                "l_h": 42.95183797952722,
                "mac": 6.001306854000643,
                "b": 24.363508641635892,
                "chord_root": 8.329404663807141,
                "chord_tip": 2.4988213991421424,
                "sweep": 21,
                "sweep_hc4": 30,
                "taper": 0.3,
                "relative_pos_fus": 0.9964530589883647,
                "MAC": 5.937370503944577,
                "sweep_c_4": 30,
                "aspect_ratio": 4.5,
                "tail_height": 23.181581220752506,
                "LE_pos": 71.40911528745487
            }
        }
    },
    "kinematic_viscosity": 1.006e-06,
    "rho_water": 1000,
    "viscosity_air": 1.484e-05,
    "rho_air": 1.225
}