{
    "design_id": 2,
    "inputs": {
        "cruise_altitude": 8,
        "aircraft_type": "PROP",
        "wing_type": "HIGH",
        "tail_type": "H_TAIL",
        "n_wings": 1,
        "n_fuselages": 2,
        "depth": 0.1,
        "jet_consumption": 2.7e-05,
        "prop_consumption": 2.1e-08,
        "prop_efficiency": 0.85,
        "Cd0": 0.020191190069966412,
        "oswald_factor": 0.85,
        "aspect_ratio": 10,
        "aspect_h": 4.5,
        "aspect_v": 1.5,
        "sweep_hc4": 10,
        "sweep_vc4": 10,
        "h_position": 0.9213410676578915,
        "v_position": 0.8678460682040888,
        "tfo": 0.001,
        "n_engines": 6.0,
        "CLmax_clean": 1.6,
        "CLmax_takeoff": 2.4,
        "CLmax_landing": 2.4,
        "CL_hydro": 0.5,
        "r_float": 3.1024023952751247,
        "upsweep": 11,
        "xcg_OEW": 0.4,
        "V_h": 0.9,
        "V_v": 0.083867,
        "xc_OEW": 0.2,
        "xc_wing": 0.4,
        "xc_fuselage": 0.4,
        "mf_wing": 0.08,
        "mf_fuselage": 0.3,
        "ltcd": 4.5,
        "lnd": 1.5,
        "lfd": 8.5,
        "engine_power": 8202000
    },
    "requirements": {
        "design_range": 3704000,
        "design_payload": 90000,
        "design_crew": 425,
        "ferry_range": 12038000,
        "reserve_range": 185200,
        "ferry_payload": 0,
        "ferry_crew": 170,
        "altitude_range_WIG": 943600,
        "altitude_range_WOG": 538000,
        "altitude_payload": 90000,
        "altitude_crew": 425,
        "cruise_speed": 115.749,
        "stall_speed_clean": 77.16,
        "stall_speed_takeoff": 61.9,
        "stall_speed_landing": 61.9,
        "stall_speed_high": 82.3,
        "high_altitude": 3048.0,
        "cargo_width": 3.5,
        "cargo_height": 4,
        "cargo_length": 7.32,
        "cargo_density": 160
    },
    "outputs": {
        "general": {
            "d_fuselage": 6.2048047905502495,
            "r_fuselage": 3.1024023952751247,
            "l_fuselage": 52.740840719677124,
            "l_tailcone": 27.921621557476122,
            "l_nose": 9.307207185825375,
            "l_cargo_straight": 8.74654837462985,
            "Re": 3407446264.9855022,
            "Cd_water": 0.0013218773711531056,
            "hull_surface": 224.16418708256532,
            "take_off_power": 47857314.10082371,
            "take_off_thrust": null,
            "V_lof": 64.995,
            "LD_g": 18.183331022809973,
            "xcg_payload": 0.36692342744070505,
            "fuselage_separation": 12.409609581100499,
            "l_bottom": 24.819219162201
        },
        "design": {
            "MTOW": 2503038.5885442896,
            "total_fuel": 368188.770127274,
            "OEW": 1245277.5298284714,
            "EW": 1244852.5298284714,
            "ZFW": 2134849.8184170155,
            "MTOM": 255151.7419515076,
            "S": 498.04715152846717,
            "b": 70.57245578329177,
            "MAC": 7.0572455783291765,
            "fuel_economy": 0.06642700386716043,
            "h_b": 0.1133586738793072,
            "k": 1.7468460069911018,
            "WP": 0.11392065704159664,
            "TW": null,
            "WS": 5025.609067596522,
            "P": 21971770.998742905,
            "T": null,
            "LD": 31.763479190929733,
            "max_fuel": 405007.6471400014,
            "mission_fuel": 365169.81599565793,
            "reserve_fuel": 3018.9541316160467,
            "Mff": 0.8529032785142141,
            "max_fuel_L": 50347.78438377979,
            "total_fuel_L": 45770.71307616344,
            "mission_fuel_L": 45395.417318771026,
            "reserve_fuel_L": 375.2957573924128
        },
        "ferry": {
            "MTOW": 731084.176996143,
            "total_fuel": 106677.60858053075,
            "OEW": 619506.2342386161,
            "EW": 619336.2342386161,
            "ZFW": 624406.5684156122,
            "MTOM": 74524.38093742538,
            "S": 145.46478430228422,
            "b": 38.13984587046521,
            "MAC": 3.813984587046521,
            "fuel_economy": 0,
            "h_b": 0.2097543872403284,
            "k": 1.5206283468764,
            "WP": 0.10640896031526728,
            "TW": null,
            "WS": 5025.609067596522,
            "P": 6870513.299162918,
            "T": null,
            "LD": 27.650088593921932,
            "max_fuel": 117345.36943858383,
            "mission_fuel": 105663.15109860638,
            "reserve_fuel": 1014.4574819243717,
            "Mff": 0.8540830017429121,
            "max_fuel_L": 14587.574828893345,
            "total_fuel_L": 13261.431662630312,
            "mission_fuel_L": 13135.321237488672,
            "reserve_fuel_L": 126.11042514163891
        },
        "altitude": {
            "MTOW": 2388375.0796814337,
            "total_fuel": 294133.70499153057,
            "OEW": 1204783.749610222,
            "EW": 1204358.749610222,
            "ZFW": 2094241.374689903,
            "MTOM": 243463.31087476388,
            "S": 475.2402675163817,
            "b": 68.93767239444495,
            "MAC": 6.893767239444495,
            "fuel_economy": 0.12773435723831028,
            "h_b": 0.11604685394983899,
            "k": 1.7362908707831646,
            "WP": 0.11360395026991225,
            "TW": null,
            "WS": 5025.609067596522,
            "P": 21023697.45072139,
            "T": null,
            "LD": 31.57155165533326,
            "max_fuel": 323547.07549068367,
            "mission_fuel": 291154.16014355834,
            "reserve_fuel": 2979.5448479722254,
            "Mff": 0.8768477750861633,
            "max_fuel_L": 40221.16251344865,
            "total_fuel_L": 36564.69319404423,
            "mission_fuel_L": 36194.29652961865,
            "reserve_fuel_L": 370.3966644255769
        },
        "max": {
            "MTOM": 255151.7419515076,
            "S": 498.04715152846717,
            "b": 70.57245578329177,
            "MAC": 7.0572455783291765,
            "fuel_economy": 0.06642700386716043,
            "OEW": 1245277.5298284714,
            "total_fuel": 368188.770127274,
            "max_fuel": 405007.6471400014,
            "mission_fuel": 365169.81599565793,
            "reserve_fuel": 3018.9541316160467,
            "Mff": 0.8529032785142141,
            "MTOW": 2503038.5885442896,
            "LD": 31.763479190929733,
            "total_fuel_L": 45770.71307616344,
            "mission_fuel_L": 45395.417318771026,
            "reserve_fuel_L": 375.2957573924128,
            "max_fuel_L": 50347.784383779785
        },
        "wing_design": {
            "taper_ratio": 0.4,
            "sweep_c_4": 0,
            "dihedral": 1,
            "sweep_x_c": 2.454031674527076,
            "chord_root": 10.08177939761311,
            "chord_tip": 4.032711759045244,
            "y_MAC": 15.122669096419667,
            "X_LEMAC": 19.997902418264243,
            "X_LE": 19.349788028417684,
            "MAC": 7.489321838226882,
            "S": 498.04715152846717,
            "b": 70.57245578329177,
            "aspect_ratio": 10
        },
        "cg_range": {
            "most_aft_cg": 21.745764766097718,
            "most_aft_mission": "DESIGN_OEW_FUEL",
            "most_forward_cg": 20.358577560806904,
            "most_forward_mission": "ALTITUDE_OEW_PAYLOAD"
        },
        "empennage_design": {
            "vertical_tail": {
                "S": 61.34799839442706,
                "l_v": 24.02516648625218,
                "mac": 14.401771856330363,
                "b": 9.592809681821098,
                "chord_root": 9.369624649071007,
                "chord_tip": 3.420788260023788,
                "sweep": 25.938031088089183,
                "taper": 0.36509341496011344,
                "MAC": 6.856341611470135,
                "aspect_ratio": 1.5,
                "LE_pos": 43.07121607060612,
                "relative_pos_mac/4": 0.8678460682040888,
                "sweep_c_4": 10
            },