{
    "design_id": 1,
    "inputs": {
        "cruise_altitude": 4,
        "aircraft_type": "PROP",
        "wing_type": "LOW",
        "tail_type": "T_TAIL",
        "n_wings": 1,
        "n_fuselages": 1,
        "depth": 0.1,
        "jet_consumption": 2.7e-05,
        "prop_consumption": 2.1e-08,
        "prop_efficiency": 0.85,
        "Cd0": 0.025296177416119,
        "oswald_factor": 0.85,
        "aspect_ratio": 10,
        "aspect_h": 4.5,
        "aspect_v": 1.5,
        "sweep_h": 21,
        "sweep_hc4": 30,
        "taper_h": 0.3,
        "sweep_v": 33,
        "taper_v": 0.29,
        "tfo": 0.001,
        "n_engines": 6.0,
        "CLmax_clean": 1.5,
        "CLmax_takeoff": 1.7,
        "CLmax_landing": 1.7,
        "CL_hydro": 0.5,
        "r_float": 4.416363005162699,
        "upsweep": 11,
        "xcg_OEW": 0.4,
        "V_h": 0.9,
        "V_v": 0.083867,
        "h_position": 1.0503407198013301,
        "v_position": 0.8985653795351342,
        "xc_OEW": 0.2,
        "xc_wing": 0.4,
        "xc_fuselage": 0.4,
        "mf_wing": 0.08,
        "mf_fuselage": 0.08,
        "engine_power": 8202000
    },
    "requirements": {
        "design_range": 3704000,
        "design_payload": 90000,
        "design_crew": 425,
        "ferry_range": 12038000,
        "ferry_payload": 0,
        "reserve_range": 185200,
        "ferry_crew": 170,
        "altitude_range_WIG": 943600,
        "altitude_range_WOG": 538000,
        "altitude_payload": 90000,
        "altitude_crew": 425,
        "cruise_speed": 115.749,
        "stall_speed_clean": 77.16,
        "stall_speed_takeoff": 61.9,
        "stall_speed_landing": 61.9,
        "stall_speed_high": 82.3,
        "high_altitude": 3048.0,
        "cargo_width": 3.5,
        "cargo_height": 4,
        "cargo_length": 7.32,
        "cargo_density": 160
    },
    "outputs": {
        "general": {
            "d_fuselage": 8.832726010325398,
            "r_fuselage": 4.416363005162699,
            "l_fuselage": 75.07817108776588,
            "l_tailcone": 39.747267046464295,
            "l_nose": 13.249089015488098,
            "l_cargo_straight": 15.316351424067726,
            "LD_g": 16.245270765140738,
            "Re": 4850602117.146465,
            "Cd_water": 0.0012696487711144299,
            "hull_surface": 227.12738815886908,
            "take_off_power": 46574052.278447144,
            "take_off_thrust": null,
            "V_lof": 64.995,
            "xcg_payload": 0.44404883931977346
        },
        "design": {
            "MTOW": 2513956.789628631,
            "total_fuel": 375240.25582211005,
            "OEW": 1249133.3270168921,
            "EW": 1248708.3270168921,
            "ZFW": 2138716.533806521,
            "MTOM": 256264.70842289814,
            "S": 705.9208046379015,
            "b": 84.01909334418585,
            "MAC": 8.401909334418585,
            "h_b": 0.04760822618751576,
            "k": 1.8730376512718785,
            "WP": 0.09122973049267749,
            "TW": null,
            "WS": 3561.1738935188127,
            "P": 27556332.525068816,
            "T": null,
            "LD": 30.428003802521605,
            "max_fuel": 412764.2814043211,
            "mission_fuel": 372082.99479755387,
            "reserve_fuel": 3157.261024556181,
            "Mff": 0.8507371895292036,
            "fuel_economy": 0.0676845605843163
        },
        "ferry": {
            "MTOW": 745737.8855118076,
            "total_fuel": 116141.65995458895,
            "OEW": 624681.2376717068,
            "EW": 624511.2376717068,
            "ZFW": 629596.2255572187,
            "MTOM": 76018.13307969496,
            "S": 209.40801705691075,
            "b": 45.76112073113056,
            "MAC": 4.576112073113057,
            "fuel_economy": 0,
            "h_b": 0.08741044659946154,
            "k": 1.5361715163998295,
            "WP": 0.09122973047341487,
            "TW": null,
            "WS": 3561.1738935188127,
            "P": 8174285.747003517,
            "T": null,
            "LD": 24.955522225612068,
            "max_fuel": 127755.82595004786,
            "mission_fuel": 115008.22542315954,
            "reserve_fuel": 1133.4345314294042,
            "Mff": 0.8442594077476971,
            "fuel_mission": 116627.08222187468,
            "fuel_reserve": 2339.5820760255447
        },
        "altitude": {
            "MTOW": 2398907.3516066414,
            "OEW": 1208503.2546974786,
            "EW": 1208078.2546974786,
            "ZFW": 2097971.4120490854,
            "MTOM": 244536.93696296038,
            "S": 673.6282568214976,
            "b": 82.07485953819827,
            "MAC": 8.207485953819829,
            "h_b": 0.048735995681337345,
            "k": 1.838323721730985,
            "WP": 0.09122973047341487,
            "TW": null,
            "WS": 3561.1738935188127,
            "P": 26295236.642244644,
            "T": null,
            "LD": 29.864066613501087,
            "Mff": 0.8745529128684325,
            "total_fuel": 300935.9395575562,
            "mission_fuel": 297780.29998120095,
            "reserve_fuel": 3155.639576355228,
            "max_fuel": 331029.5335133118,
            "fuel_economy": 0.13064135919464542
        },
        "max": {
            "MTOM": 256264.70842289814,
            "S": 705.9208046379015,
            "b": 84.01909334418585,
            "MAC": 8.401909334418585,
            "fuel_economy": 0.0676845605843163,
            "OEW": 1249133.3270168921,
            "total_fuel": 375240.25582211005,
            "max_fuel": 412764.2814043211,
            "mission_fuel": 372082.99479755387,
            "reserve_fuel": 3157.261024556181,
            "Mff": 0.8442594077476971,
            "LD": 30.428003802521605
        },
        "wing_design": {
            "taper_ratio": 0.4,
            "sweep_c_4": 0,
            "dihedral": 5,
            "sweep_x_c": 2.454031674527076,
            "chord_root": 12.004942225584351,
            "chord_tip": 4.801976890233741,
            "y_MAC": 18.007413338376526,
            "X_LEMAC": 30.031268435106355,
            "X_LE": 29.259522149175933,
            "MAC": 8.91795708186266,
            "S": 706.1813254141288,
            "b": 84.03459557909045,
            "aspect_ratio": 10
        },
        "cg_range": {
            "most_aft_cg": 31.86054289813039,
            "most_aft_mission": "DESIGN_OEW_PAYLOAD_FUEL",
            "most_forward_cg": 30.031268435106355,
            "most_forward_mission": "DESIGN_OEW"
        },
        "empennage_design": {
            "vertical_tail": {
                "S": 139.79441023692425,
                "l_v": 35.60210240015169,
                "mac": 10.731668352743815,
                "b": 14.480732555896003,
                "chord_root": 11.357437298741964,
                "chord_tip": 7.950206109119374,
                "abs_pos": 0.888799218957035,
                "sweep": 33,
                "taper": 0.7,
                "relative_pos_fus": 0.8985653795351342,
                "MAC": 9.754034385978393,
                "aspect_ratio": 1.5
            },
            "horizontal_tail": {
                "S": 120.60155164420948,
                "l_h": 46.997117363561046,
                "mac": 6.001306854000643,
                "b": 23.29607225261251,
                "chord_root": 7.964469146192313,
                "chord_tip": 2.389340743857694,
                "abs_pos": 1.0540257168049647,
                "sweep": 21,
                "sweep_hc4": 30,
                "taper": 0.3,
                "relative_pos_fus": 1.0503407198013301,
                "MAC": 5.677236981131956,
                "sweep_c_4": 30,
                "aspect_ratio": 4.5,
                "tail_height": 23.3134585662214
            }
        }
    },
    "kinematic_viscosity": 1.006e-06,
    "rho_water": 1000,
    "viscosity_air": 1.484e-05,
    "rho_air": 1.225
}