{
    "design_id": 2,
    "inputs": {
        "cruise_altitude": 8,
        "aircraft_type": "PROP",
        "wing_type": "HIGH",
        "tail_type": "H_TAIL",
        "n_wings": 1,
        "n_fuselages": 2,
        "depth": 0.1,
        "jet_consumption": 2.7e-05,
        "prop_consumption": 2.1e-08,
        "prop_efficiency": 0.85,
        "Cd0": 0.0272240262649324,
        "oswald_factor": 0.85,
        "aspect_ratio": 10,
        "aspect_h": 4.5,
        "aspect_v": 1.5,
        "sweep_h": 21,
        "sweep_hc4": 30,
        "taper_h": 0.3,
        "sweep_v": 33,
        "taper_v": 0.29,
        "tfo": 0.001,
        "n_engines": 6.0,
        "CLmax_clean": 1.5,
        "CLmax_takeoff": 1.7,
        "CLmax_landing": 1.7,
        "CL_hydro": 0.5,
        "r_float": 3.1024023952751247,
        "upsweep": 11,
        "xcg_OEW": 0.4,
        "xcg_payload": 0.55,
        "V_h": 0.9,
        "V_v": 0.083867,
        "k": 1.2261010000485446,
        "xc_OEW": 0.2,
        "xc_wing": 0.4,
        "xc_fuselage": 0.4,
        "mf_wing": 0.12,
        "mf_fuselage": 0.2,
        "engine_power": 8202000
    },
    "requirements": {
        "design_range": 3704000,
        "design_payload": 90000,
        "design_crew": 425,
        "ferry_range": 12038000,
        "reserve_range": 185200,
        "ferry_payload": 0,
        "ferry_crew": 170,
        "altitude_range_WIG": 943600,
        "altitude_range_WOG": 538000,
        "altitude_payload": 90000,
        "altitude_crew": 425,
        "cruise_speed": 115.749,
        "stall_speed_clean": 77.16,
        "stall_speed_takeoff": 61.9,
        "stall_speed_landing": 61.9,
        "stall_speed_high": 82.3,
        "high_altitude": 3048.0,
        "cargo_width": 3.5,
        "cargo_height": 4,
        "cargo_length": 7.32,
        "cargo_density": 160
    },
    "outputs": {
        "general": {
            "d_fuselage": 6.2048047905502495,
            "r_fuselage": 3.1024023952751247,
            "l_fuselage": 52.740840719677124,
            "l_tailcone": 27.921621557476122,
            "l_nose": 9.307207185825375,
            "l_cargo_straight": 8.74654837462985,
            "Re": 3407446264.9855022,
            "Cd_water": 0.0013218773711531056,
            "hull_surface": 224.16418708256532,
            "take_off_power": 47857314.10082371,
            "take_off_thrust": null,
            "V_lof": 64.995,
            "LD_g": 15.65951207420792
        },
        "design": {
            "MTOW": 2573696.0384646677,
            "total_fuel": 413822.66104925546,
            "OEW": 1270230.4313769473,
            "EW": 1269805.4313769473,
            "ZFW": 2159873.377415412,
            "MTOM": 262354.33623493044,
            "S": 722.9876369583673,
            "b": 85.02867968858315,
            "MAC": 8.502867968858315,
            "fuel_economy": 0.07385412255137826,
            "h_b": 0.09408590171339758,
            "k": 1.5854958314629208,
            "WP": 0.08630544290450184,
            "TW": null,
            "WS": 3559.8064228808703,
            "P": 29820784.78309297,
            "T": null,
            "LD": 24.828091326743294,
            "max_fuel": 455204.92715418106,
            "mission_fuel": 405998.9879498449,
            "reserve_fuel": 7823.673099410546,
            "Mff": 0.8392107479420451
        },
        "ferry": {
            "MTOW": 771732.2491487765,
            "total_fuel": 132930.03762930637,
            "OEW": 633861.2292703213,
            "EW": 633691.2292703213,
            "ZFW": 638802.2115194702,
            "MTOM": 78667.91530568567,
            "S": 216.79042532829453,
            "b": 46.56075872752661,
            "MAC": 4.656075872752661,
            "fuel_economy": 0,
            "h_b": 0.1718185059400765,
            "k": 1.366343534305418,
            "WP": 0.08630544179353924,
            "TW": null,
            "WS": 3559.8064228808703,
            "P": 8941872.413965764,
            "T": null,
            "LD": 21.396273072971617,
            "max_fuel": 146223.04139223704,
            "mission_fuel": 130244.19828148597,
            "reserve_fuel": 2685.839347820409,
            "Mff": 0.8277510914233159
        },
        "altitude": {
            "MTOW": 2415881.3306953055,
            "total_fuel": 311898.5303546616,
            "OEW": 1214497.6690099484,
            "EW": 1214072.6690099484,
            "ZFW": 2103982.800340644,
            "MTOM": 246267.21006068352,
            "S": 678.6552509658737,
            "b": 82.38053477405167,
            "MAC": 8.238053477405169,
            "fuel_economy": 0.13346229052705016,
            "h_b": 0.09711031886284684,
            "k": 1.5716923718206626,
            "WP": 0.08630544179353924,
            "TW": null,
            "WS": 3559.8064228808703,
            "P": 27992224.829514243,
            "T": null,
            "LD": 24.61193567346615,
            "max_fuel": 343088.38339012774,
            "mission_fuel": 304210.2528197831,
            "reserve_fuel": 7688.2775348784635,
            "Mff": 0.8708965848645822
        },
        "max": {
            "MTOM": 262354.33623493044,
            "S": 722.9876369583673,
            "b": 85.02867968858315,
            "MAC": 8.502867968858315,
            "fuel_economy": 0.07385412255137826,
            "OEW": 1270230.4313769473,
            "total_fuel": 413822.66104925546,
            "max_fuel": 455204.92715418106,
            "mission_fuel": 405998.9879498449,
            "reserve_fuel": 7823.673099410546,
            "Mff": 0.8277510914233159,
            "MTOW": 1720912.5750032095,
            "LD": 24.828091326743294
        },
        "wing_design": {
            "taper_ratio": 0.4,
            "sweep_c_4": 0,
            "dihedral": 1,
            "sweep_x_c": 2.454031674527076,
            "chord_root": 12.145081410303085,
            "chord_tip": 4.858032564121235,
            "y_MAC": 18.21762211545463,
            "X_LEMAC": 20.37457144977284,
            "X_LE": 19.593816216253355,
            "MAC": 9.022060476225148,
            "S": 722.7647120681589,
            "b": 85.0155698721216,
            "aspect_ratio": 10
        },
        "cg_range": {
            "most_aft_cg": 24.454640170081646,
            "most_aft_mission": "ALTITUDE_OEW_PAYLOAD_FUEL",
            "most_forward_cg": 21.09633628787085,
            "most_forward_mission": "DESIGN_OEW"
        },
        "empennage_design": {
            "S_h": 240.3152641162097,
            "S_v": 223.93911395149064,
            "l_h": 23.012116477627764,
            "l_v": 23.012116477627764
        }
    },
    "kinematic_viscosity": 1.006e-06,
    "rho_water": 1000,
    "viscosity_air": 1.48e-05,
    "rho_air": 1.225
}