{
    "design_id": 4,
    "inputs": {
        "cruise_altitude": 4,
        "aircraft_type": "PROP",
        "wing_type": "LOW",
        "n_wings": 2,
        "n_fuselages": 1,
        "depth": 0.05,
        "jet_consumption": 2.7e-05,
        "prop_consumption": 2.1e-08,
        "prop_efficiency": 0.85,
        "Cd0": 0.022981105756346067,
        "oswald_factor": 0.85,
        "aspect_ratio": 6,
        "Cl_alpha": 5.0,
        "tfo": 0.001,
        "reserve_fuel": 0,
        "n_engines": 8,
        "CLmax_clean": 1.5,
        "CLmax_takeoff": 1.7,
        "CLmax_landing": 1.7,
        "CL_hydro": 0.5,
        "r_float": 1.5,
        "upsweep": 11,
        "k": 1.2606165363840887
    },
    "requirements": {
        "design_range": 3704000,
        "design_payload": 90000,
        "design_crew": 425,
        "ferry_range": 12038000,
        "reserve_range": 185200,
        "ferry_payload": 0,
        "ferry_crew": 425,
        "altitude_range_WIG": 943600,
        "altitude_range_WOG": 538000,
        "altitude_payload": 90000,
        "altitude_crew": 425,
        "cruise_speed": 115.749,
        "stall_speed_clean": 77.16,
        "stall_speed_takeoff": 61.9,
        "stall_speed_landing": 61.9,
        "stall_speed_high": 82.3,
        "high_altitude": 3048.0,
        "cargo_width": 3.5,
        "cargo_height": 4,
        "cargo_length": 7.32,
        "cargo_density": 160
    },
    "outputs": {
        "general": {
            "d_fuselage": 8.832726010325398,
            "r_fuselage": 4.416363005162699,
            "l_fuselage": 75.07817108776588,
            "l_tailcone": 39.747267046464295,
            "l_nose": 13.249089015488098,
            "l_cargo_straight": 15.316351424067726,
            "Re": 4850602117.146465,
            "Cd": 0.0012696487711144299,
            "hull_surface": 48.16011913363723,
            "take_off_power": 9875567.735130826,
            "take_off_thrust": null,
            "V_lof": 64.995,
            "LD_g": 13.202147120217857
        },
        "design": {
            "MTOW": 2721150.2181677427,
            "total_fuel": 509055.47740680724,
            "fuel_mission": 484305.66992529924,
            "fuel_reserve": 24749.807481508004,
            "OEW": 1322304.3405427674,
            "EW": 1321879.3405427674,
            "ZFW": 2212094.7407609355,
            "MTOM": 277385.3433402388,
            "S": 764.1160750729192,
            "b": 47.878473505519764,
            "MAC": 15.959491168506586,
            "fuel_economy": 0.1806022706686856,
            "h_b": 0.08354485235497018,
            "k": 1.4701451699467762,
            "WP": 0.08285045328997472,
            "TW": null,
            "WS": 3561.1738935188127,
            "P": 32844119.858267743,
            "T": null,
            "LD": 19.409072821715025
        },
        "ferry": {
            "MTOW": 833864.1334561653,
            "total_fuel": 173057.7189206005,
            "fuel_mission": 170394.30118866602,
            "fuel_reserve": 2663.417731934489,
            "OEW": 655803.3004021086,
            "EW": 655378.3004021086,
            "ZFW": 660806.4145355648,
            "MTOM": 85001.44071928291,
            "S": 234.15428684823695,
            "b": 26.504015932396186,
            "MAC": 8.834671977465396,
            "fuel_economy": 0,
            "h_b": 0.15092052503299133,
            "k": 1.2606239633387408,
            "WP": 0.08285045328997472,
            "TW": null,
            "WS": 3561.1738935188127,
            "P": 10064690.057128109,
            "T": null,
            "LD": 16.642943027270178
        },
        "altitude": {
            "MTOW": 2499226.933339211,
            "total_fuel": 365727.0246488185,
            "fuel_mission": 341917.75187676004,
            "fuel_reserve": 23809.272772058437,
            "OEW": 1243931.4317570534,
            "EW": 1243506.4317570534,
            "ZFW": 2133499.9086903925,
            "MTOM": 254763.19402030692,
            "S": 701.798622608084,
            "b": 45.884592924251294,
            "MAC": 15.294864308083765,
            "fuel_economy": 0.3187610955514922,
            "h_b": 0.0871752312721486,
            "k": 1.4523344789309554,
            "WP": 0.08285045328997472,
            "TW": null,
            "WS": 3561.1738935188127,
            "P": 30165519.126274098,
            "T": null,
            "LD": 19.173933458611415
        },
        "max": {
            "MTOM": 277385.3433402388,
            "S": 764.1160750729192,
            "b": 47.878473505519764,
            "MAC": 15.959491168506586,
            "fuel_economy": 0.1806022706686856
        },
        "wing_design": {
            "taper_ratio": 0.4,
            "sweep_c_4": 0,
            "dihedral": 5,
            "sweep_x_c": 4.085616779974877,
            "chord_root": 22.799273097866553,
            "chord_tip": 9.119709239146621,
            "y_MAC": 10.259672894039952,
            "X_LEMAC": 21.056440000000002,
            "X_LE": 20.32360622185429,
            "MAC": 16.93660287270087,
            "S": 764.1160750729192,
            "b": 47.878473505519764,
            "aspect_ratio": 6
        }
    },
    "kinematic_viscosity": 1.006e-06,
    "rho_water": 1000,
    "viscosity_air": 1.48e-05,
    "rho_air": 1.225
}