{
    "design_id": 3,
    "inputs": {
        "cruise_altitude": 10,
        "aircraft_type": "PROP",
        "wing_type": "HIGH",
        "tail_type": "CONVENTIONAL",
        "n_wings": 1,
        "n_fuselages": 1,
        "depth": 0.1,
        "jet_consumption": 2.7e-05,
        "prop_consumption": 2.1e-08,
        "prop_efficiency": 0.85,
        "Cd0": 0.018889768353344213,
        "oswald_factor": 0.85,
        "aspect_ratio": 8,
        "aspect_h": 4.5,
        "aspect_v": 1.5,
        "sweep_h": 30,
        "sweep_hc4": 0,
        "taper_h": 0.3,
        "sweep_v": 10,
        "taper_v": 0.6,
        "h_position": 0.9505700135728937,
        "v_position": 0.9081382662782423,
        "tfo": 0.001,
        "n_engines": 6.0,
        "CLmax_clean": 1.6,
        "CLmax_takeoff": 2.4,
        "CLmax_landing": 2.4,
        "CL_hydro": 0.5,
        "r_float": 4.416363005162699,
        "upsweep": 11,
        "xcg_OEW": 0.4,
        "V_h": 0.9,
        "V_v": 0.083867,
        "xc_OEW": 0.2,
        "xc_wing": 0.4,
        "xc_fuselage": 0.4,
        "mf_wing": 0.08,
        "mf_fuselage": 0.08,
        "ltcd": 4.5,
        "lnd": 1.5,
        "lfd": 8.5,
        "engine_power": 8202000
    },
    "requirements": {
        "design_range": 3704000,
        "design_payload": 90000,
        "design_crew": 425,
        "ferry_range": 12038000,
        "reserve_range": 185200,
        "ferry_payload": 0,
        "ferry_crew": 170,
        "altitude_range_WIG": 943600,
        "altitude_range_WOG": 538000,
        "altitude_payload": 90000,
        "altitude_crew": 425,
        "cruise_speed": 115.749,
        "stall_speed_clean": 77.16,
        "stall_speed_takeoff": 61.73,
        "stall_speed_landing": 61.73,
        "stall_speed_high": 82.3,
        "high_altitude": 3048.0,
        "cargo_width": 3.5,
        "cargo_height": 4,
        "cargo_length": 7.32,
        "cargo_density": 160
    },
    "outputs": {
        "general": {
            "d_fuselage": 8.832726010325398,
            "r_fuselage": 4.416363005162699,
            "l_fuselage": 75.07817108776588,
            "l_tailcone": 39.747267046464295,
            "l_nose": 13.249089015488098,
            "l_cargo_straight": 15.316351424067726,
            "Re": 4837280592.753655,
            "Cd": 0.0012700434697589557,
            "hull_surface": 227.12738815886908,
            "take_off_power": 46205736.735140644,
            "take_off_thrust": null,
            "V_lof": 64.8165,
            "LD_g": 16.81458221126043,
            "Cd_water": 0.0012700434697589557,
            "xcg_payload": 0.44404883931977346
        },
        "design": {
            "MTOW": 2538415.6417374425,
            "total_fuel": 391036.9282249228,
            "OEW": 1257771.047870782,
            "EW": 1257346.047870782,
            "ZFW": 2147378.71351252,
            "MTOM": 258757.9655185976,
            "S": 507.96584305846176,
            "b": 63.747366568884196,
            "MAC": 7.968420821110524,
            "fuel_economy": 0.07050194271916771,
            "h_b": 0.15686922516546922,
            "k": 1.6552581497746723,
            "WP": 0.10563326594496686,
            "TW": null,
            "WS": 4997.0828914598405,
            "P": 24030456.873878293,
            "T": null,
            "LD": 27.83247462486353,
            "max_fuel": 430140.62104741513,
            "mission_fuel": 387571.01707582135,
            "reserve_fuel": 3465.9111491014482,
            "Mff": 0.8459523642246098,
            "max_fuel_L": 53472.144035132784,
            "total_fuel_L": 48611.04003193889,
            "mission_fuel_L": 48180.18163096658,
            "reserve_fuel_L": 430.858400972309
        },
        "ferry": {
            "MTOW": 746433.2605533607,
            "total_fuel": 116590.76572944857,
            "OEW": 624926.8115633586,
            "EW": 624756.8115633586,
            "ZFW": 629842.4948239122,
            "MTOM": 76089.01738566367,
            "S": 149.36524879596615,
            "b": 34.56764369128636,
            "MAC": 4.320955461410794,
            "fuel_economy": 0,
            "h_b": 0.28928786958425956,
            "k": 1.4774269876113157,
            "WP": 0.09908054298324775,
            "TW": null,
            "WS": 4997.0828914598405,
            "P": 7533600.826951114,
            "T": null,
            "LD": 24.84231754434596,
            "max_fuel": 128249.84230239343,
            "mission_fuel": 115451.71617969338,
            "reserve_fuel": 1139.0495497551892,
            "Mff": 0.8438028261990694,
            "max_fuel_L": 15943.14441490682,
            "total_fuel_L": 14493.767649915288,
            "mission_fuel_L": 14352.168789897489,
            "reserve_fuel_L": 141.5988600178003
        },
        "altitude": {
            "MTOW": 2402116.1880590827,
            "total_fuel": 303008.35644809186,
            "OEW": 1209636.4654229316,
            "EW": 1209211.4654229316,
            "ZFW": 2099107.8316109907,
            "MTOM": 244864.0354800288,
            "S": 480.702782145068,
            "b": 62.013081339025106,
            "MAC": 7.751635167378138,
            "fuel_economy": 0.1314394682305702,
            "h_b": 0.16125629922064452,
            "k": 1.6451334741721158,
            "WP": 0.10528691111285769,
            "TW": null,
            "WS": 4997.0828914598405,
            "P": 22814955.46473236,
            "T": null,
            "LD": 27.662232049963528,
            "max_fuel": 333309.1920929011,
            "mission_fuel": 299599.48763816105,
            "reserve_fuel": 3408.8688099308056,
            "Mff": 0.8738577434537321,
            "max_fuel_L": 41434.72217161446,
            "total_fuel_L": 37667.929246922235,
            "mission_fuel_L": 37244.161959941455,
            "reserve_fuel_L": 423.7672869807819
        },
        "max": {
            "MTOM": 258757.9655185976,
            "S": 507.96584305846176,
            "b": 63.747366568884196,
            "MAC": 7.968420821110524,
            "fuel_economy": 0.07050194271916771,
            "OEW": 1257771.047870782,
            "total_fuel": 391036.9282249228,
            "max_fuel": 430140.62104741513,
            "mission_fuel": 387571.01707582135,
            "reserve_fuel": 3465.9111491014482,
            "Mff": 0.8438028261990694,
            "MTOW": 2538415.6417374425,
            "LD": 27.83247462486353,
            "total_fuel_L": 48611.04003193889,
            "mission_fuel_L": 48180.18163096658,
            "reserve_fuel_L": 430.858400972309,
            "max_fuel_L": 53472.14403513278
        },
        "wing_design": {
            "taper_ratio": 0.4,
            "sweep_c_4": 0,
            "dihedral": 1,
            "sweep_x_c": 3.066485501125894,
            "chord_root": 11.383458315872177,
            "chord_tip": 4.553383326348871,
            "y_MAC": 13.660149979046615,
            "X_LEMAC": 30.031268435106355,
            "X_LE": 29.29947468622886,
            "MAC": 8.45628332036219,
            "S": 507.96584305846176,
            "b": 63.747366568884196,
            "aspect_ratio": 8
        },
        "cg_range": {
            "most_aft_cg": 31.87447604320883,
            "most_aft_mission": "DESIGN_OEW_PAYLOAD_FUEL",
            "most_forward_cg": 30.031268435106355,
            "most_forward_mission": "DESIGN_OEW"
        },
        "empennage_design": {
            "vertical_tail": {
                "S": 74.79953332310792,
                "l_v": 36.30688408377614,
                "b": 10.592417098314336,
                "chord_root": 8.82701424859528,
                "chord_tip": 5.296208549157168,
                "sweep": 10,
                "taper": 0.6,
                "aspect_ratio": 1.5,
                "LE_pos": 65.95115683917061,
                "relative_pos_mac/4": 0.9081382662782423,
                "MAC": 7.208728303019477
            },
            "horizontal_tail": {
                "S": 97.89060565452871,
                "l_h": 39.49258206671682,