{
    "design_id": 1,
    "requirements": {
        "design_range": 3704000,
        "design_payload": 90000,
        "design_crew": 425,
        "ferry_range": 12038000,
        "ferry_payload": 0,
        "ferry_crew": 425,
        "altitude_range_WIG": 943600,
        "altitude_range_WOG": 538000,
        "altitude_payload": 90000,
        "altitude_crew": 425,
        "cruise_speed": 115.749,
        "stall_speed_clean": 77.16,
        "stall_speed_takeoff": 61.728,
        "stall_speed_landing": 51.44,
        "high_altitude": 3048.0,
        "cargo_width": 3.5,
        "cargo_height": 4,
        "cargo_length": 7.32,
        "cargo_density": 160
    },
    "inputs": {
        "cruise_altitude": 4,
        "aircraft_type": "PROP",
        "n_wings": 1,
        "n_fuselages": 1,
        "depth": 0.05,
        "jet_consumption": 2.7e-05,
        "prop_consumption": 2.1e-08,
        "prop_efficiency": 0.82,
        "Cd0": 0.02434723936958912,
        "oswald_factor": 0.85,
        "aspect_ratio": 10,
        "tfo": 0.001,
        "reserve_fuel": 0,
        "n_engines": 8,
        "CLmax_clean": 1.5,
        "CLmax_takeoff": 1.6,
        "CLmax_landing": 1.8,
        "L": 128.07452714971828,
        "r_fuselage": 4.416363005162699,
        "r_float": 4.4,
        "k": 1.762080378378045,
        "upsweep": 11,
        "d_fuselage": 8.832726010325398,
        "l_fuselage": 75.07817108776588,
        "l_tailcone": 39.747267046464295,
        "l_nose": 13.249089015488098
    },
    "design": {
        "take_off_power": 100953060.53762846,
        "take_off_thrust": null,
        "MTOM": 263515.00059543876,
        "MTOW": 2585082.155841254,
        "OEW": 1274251.4746814754,
        "ZFW": 2163905.8068373166,
        "EW": 1273826.4746814754,
        "Fuel": 421176.3490039374,
        "Fuel_used": 421176.3490039374,
        "Fuel_reserve": 0.0,
        "S": 775.5669466300063,
        "b": 88.06627882623441,
        "MAC": 8.806627882623442,
        "cruise_altitude": 4,
        "h_b": 0.04542033628890454,
        "k": 1.7774754443031309,
        "WP": 0.08758321111682209,
        "TW": null,
        "WS": 3333.092421384543,
        "fuel_economy": 0.15706073603018203,
        "design_payload": 90000,
        "P": 29515727.076884236,
        "T": null,
        "Re": 8284504623.246209,
        "Cd": 0.0011961923747502632,
        "hull_surface": 508.33240174333133,
        "LD": 16.558825930206265,
        "V_lof": 64.8144
    },
    "ferry": {
        "take_off_power": 100953060.53762846,
        "take_off_thrust": null,
        "MTOM": 77653.00926965056,
        "MTOW": 761776.0209352721,
        "OEW": 630345.1558387766,
        "ZFW": 635276.1818597119,
        "EW": 629920.1558387766,
        "Fuel": 126499.8390755602,
        "Fuel_used": 126499.8390755602,
        "Fuel_reserve": 0.0,
        "S": 228.54083858410092,
        "b": 47.805945088879994,
        "MAC": 4.780594508887999,
        "cruise_altitude": 4,
        "h_b": 0.08367160177595628,
        "k": 1.4695027102985492,
        "WP": 0.08758321111682209,
        "TW": null,
        "WS": 3333.092421384543,
        "ferry_payload": 0,
        "P": 8697740.254341485,
        "T": null,
        "Re": 8284504623.246209,
        "Cd": 0.0011961923747502632,
        "stall_speed_clean": 77.16,
        "hull_surface": 508.33240174333133,
        "LD": 16.558825930206265,
        "V_lof": 64.8144
    },
    "altitude": {
        "take_off_power": 100953060.53762846,
        "take_off_thrust": null,
        "MTOM": 250022.6184011574,
        "MTOW": 2452721.8865153543,
        "OEW": 1227508.0276261277,
        "ZFW": 2117029.9995126436,
        "EW": 1227083.0276261277,
        "Fuel": 335691.88700271095,
        "Fuel_used": 335691.88700271095,
        "Fuel_reserve": 0.0,
        "S": 735.8512818397458,
        "b": 85.78177439524936,
        "MAC": 8.578177439524936,
        "cruise_altitude": 4,
        "h_b": 0.04662995173741151,
        "k": 1.762080378378045,
        "WP": 0.08758321111682209,
        "TW": null,
        "WS": 3333.092421384543,
        "fuel_economy": 0.3129568824121792,
        "altitude_payload": 90000,
        "P": 28004475.460985474,
        "T": null,
        "Re": 8284504623.246209,
        "Cd": 0.0011961923747502632,
        "stall_speed_clean": 77.16,
        "hull_surface": 508.33240174333133,
        "LD": 16.558825930206265,
        "V_lof": 64.8144
    },
    "max": {
        "MTOM": 263515.00059543876,
        "S": 775.5669466300063,
        "b": 88.06627882623441,
        "MAC": 8.806627882623442,
        "fuel_economy": 0.15706073603018203
    },
    "gravitational_acceleration": 9.81,
    "kinematic_viscosity": 1.002e-06,
    "rho_water": 1000.0,
    "V_lof": 64.8144,
    "LD": 16.558825930206265
}