{
    "design_id": 1,
    "inputs": {
        "cruise_altitude": 4,
        "aircraft_type": "PROP",
        "wing_type": "LOW",
        "tail_type": "T_TAIL",
        "n_wings": 1,
        "n_fuselages": 1,
        "depth": 0.1,
        "jet_consumption": 2.7e-05,
        "prop_consumption": 2.1e-08,
        "prop_efficiency": 0.85,
        "Cd0": 0.01825516262488412,
        "oswald_factor": 0.85,
        "aspect_ratio": 6,
        "aspect_h": 4.5,
        "aspect_v": 1.5,
        "sweep_h": 21,
        "sweep_hc4": 30,
        "sweep_vc4": 20,
        "taper_h": 0.3,
        "sweep_v": 33,
        "taper_v": 0.29,
        "tfo": 0.001,
        "n_engines": 6.0,
        "CLmax_clean": 1.6,
        "CLmax_takeoff": 2.4,
        "CLmax_landing": 2.4,
        "CL_hydro": 0.5,
        "r_float": 4.416363005162699,
        "upsweep": 11,
        "xcg_OEW": 0.4,
        "V_h": 0.9,
        "V_v": 0.083867,
        "h_position": 0.9963038415361174,
        "v_position": 0.9369158465496215,
        "xc_OEW": 0.2,
        "xc_wing": 0.4,
        "xc_fuselage": 0.4,
        "mf_wing": 0.08,
        "mf_fuselage": 0.08,
        "engine_power": 8202000
    },
    "requirements": {
        "design_range": 3704000,
        "design_payload": 90000,
        "design_crew": 425,
        "ferry_range": 12038000,
        "ferry_payload": 0,
        "reserve_range": 185200,
        "ferry_crew": 170,
        "altitude_range_WIG": 943600,
        "altitude_range_WOG": 538000,
        "altitude_payload": 90000,
        "altitude_crew": 425,
        "cruise_speed": 115.749,
        "stall_speed_clean": 77.16,
        "stall_speed_takeoff": 61.9,
        "stall_speed_landing": 61.9,
        "stall_speed_high": 82.3,
        "high_altitude": 3048.0,
        "cargo_width": 3.5,
        "cargo_height": 4,
        "cargo_length": 7.32,
        "cargo_density": 160
    },
    "outputs": {
        "general": {
            "d_fuselage": 8.832726010325398,
            "r_fuselage": 4.416363005162699,
            "l_fuselage": 75.07817108776588,
            "l_tailcone": 39.747267046464295,
            "l_nose": 13.249089015488098,
            "l_cargo_straight": 15.316351424067726,
            "LD_g": 14.812800564015976,
            "Re": 4850602117.146465,
            "Cd_water": 0.0012696487711144299,
            "hull_surface": 227.12738815886908,
            "take_off_power": 46574052.278447144,
            "take_off_thrust": null,
            "V_lof": 64.995,
            "xcg_payload": 0.44404883931977346
        },
        "design": {
            "MTOW": 2579437.5515598785,
            "total_fuel": 417530.7991523038,
            "OEW": 1272258.0648560147,
            "EW": 1271833.0648560147,
            "ZFW": 2161906.7524075746,
            "MTOM": 262939.60770233214,
            "S": 514.0244091955941,
            "b": 55.535092105564786,
            "MAC": 9.2558486842608,
            "h_b": 0.07202653040345255,
            "k": 1.6485899074588781,
            "WP": 0.09312296064597603,
            "TW": null,
            "WS": 5027.539614379501,
            "P": 27699264.860855125,
            "T": null,
            "LD": 24.404236175135914,
            "max_fuel": 459283.8790675342,
            "mission_fuel": 413550.8130941166,
            "reserve_fuel": 3979.9860581872053,
            "Mff": 0.8381310689612129,
            "fuel_economy": 0.0752278536104333
        },
        "ferry": {
            "MTOW": 777897.0650351155,
            "total_fuel": 136911.564503377,
            "OEW": 636038.3534667033,
            "EW": 635868.3534667033,
            "ZFW": 640985.5005317384,
            "MTOM": 79296.33690470086,
            "S": 154.7099346857923,
            "b": 30.467353152427826,
            "MAC": 5.077892192071304,
            "fuel_economy": 0,
            "h_b": 0.1312880702169317,
            "k": 1.3985405210444803,
            "WP": 0.08702645219842246,
            "TW": null,
            "WS": 5027.539614379501,
            "P": 8938627.800906911,
            "T": null,
            "LD": 20.716301818926876,
            "max_fuel": 150602.7209537147,
            "mission_fuel": 135521.23764725006,
            "reserve_fuel": 1390.3268561269506,
            "Mff": 0.8239978389721825,
            "fuel_mission": 116627.08222187468,
            "fuel_reserve": 2339.5820760255447
        },
        "altitude": {
            "MTOW": 2421238.4931453867,
            "OEW": 1216389.5678450565,
            "EW": 1215964.5678450565,
            "ZFW": 2105880.056338202,
            "MTOM": 246813.30205355622,
            "S": 481.5938640218008,
            "b": 53.75465732502445,
            "MAC": 8.959109554170741,
            "h_b": 0.07441215699347183,
            "k": 1.6325913236661034,
            "WP": 0.09317051626928732,
            "TW": null,
            "WS": 5027.539614379501,
            "P": 25987174.806967583,
            "T": null,
            "LD": 24.183249680008846,
            "Mff": 0.8697532532627514,
            "total_fuel": 315358.43680718454,
            "mission_fuel": 311446.1342393016,
            "reserve_fuel": 3912.302567882929,
            "max_fuel": 346894.28048790304,
            "fuel_economy": 0.1366367966433945
        },
        "max": {
            "MTOM": 262939.60770233214,
            "MTOW": 2579437.5515598785,
            "S": 514.0244091955941,
            "b": 55.535092105564786,
            "MAC": 9.2558486842608,
            "fuel_economy": 0.0752278536104333,
            "Mff": 0.8239978389721825,
            "OEW": 1272258.0648560147,
            "total_fuel": 417530.7991523038,
            "mission_fuel": 413550.8130941166,
            "reserve_fuel": 3979.9860581872053,
            "max_fuel": 459283.8790675342,
            "LD": 24.404236175135914
        },
        "wing_design": {
            "taper_ratio": 0.4,
            "sweep_c_4": 0,
            "dihedral": 5,
            "sweep_x_c": 4.085616779974877,
            "chord_root": 13.138175400434992,
            "chord_tip": 5.255270160173997,
            "y_MAC": 11.824357860391498,
            "X_LEMAC": 30.031268435106355,
            "X_LE": 29.186671445078392,
            "MAC": 9.759787440323137,
            "S": 507.47825938662993,
            "b": 55.18033668182698,
            "aspect_ratio": 6
        },
        "cg_range": {
            "most_aft_cg": 31.942673578447753,
            "most_aft_mission": "DESIGN_OEW_PAYLOAD_FUEL",
            "most_forward_cg": 30.031268435106355,
            "most_forward_mission": "DESIGN_OEW"
        },
        "empennage_design": {
            "vertical_tail": {
                "S": 61.173222291475184,
                "l_v": 38.39118683937163,
                "mac": 10.731668352743815,
                "b": 9.579135317825548,
                "chord_root": 7.5130473080984705,
                "chord_tip": 5.259133115668929,
                "sweep": 33,
                "taper": 0.7,
                "MAC": 6.452381805778687,
                "aspect_ratio": 1.5,
                "LE_pos": 67.26512377966742,
                "relative_pos_mac/4": 0.9369158465496215
            },
            "horizontal_tail": {
                "S": 104.00830734803128,
                "l_h": 42.85803760908129,
                "mac": 6.001306854000643,
                "b": 21.6341716519524,
                "chord_root": 7.396298000667485,
                "chord_tip": 2.2188894002002457,
                "sweep": 21,
                "sweep_hc4": 30,
                "taper": 0.3,
                "MAC": 5.27223293380913,
                "sweep_c_4": 30,
                "aspect_ratio": 4.5,
                "tail_height": 18.41186132815095,
                "LE_pos": 71.77910835987838,
                "relative_pos_mac/4": 0.9963038415361174
            }
        }
    },
    "kinematic_viscosity": 1.006e-06,
    "rho_water": 1000,
    "viscosity_air": 1.484e-05,
    "rho_air": 1.225
}