{
    "design_id": 2,
    "requirements": {
        "design_range": 3704000,
        "design_payload": 90000,
        "design_crew": 425,
        "ferry_range": 12038000,
        "ferry_payload": 0,
        "ferry_crew": 425,
        "altitude_range_WIG": 943600,
        "altitude_range_WOG": 538000,
        "altitude_payload": 90000,
        "altitude_crew": 425,
        "cruise_speed": 115.749,
        "stall_speed_clean": 77.16,
        "stall_speed_takeoff": 61.728,
        "stall_speed_landing": 51.44,
        "high_altitude": 3048.0,
        "cargo_width": 3.5,
        "cargo_height": 4,
        "cargo_length": 7.32,
        "cargo_density": 160
    },
    "inputs": {
        "cruise_altitude": 5,
        "aircraft_type": "PROP",
        "n_wings": 1,
        "n_fuselages": 2,
        "depth": 0.2,
        "jet_consumption": 2.7e-05,
        "prop_consumption": 2.18e-08,
        "prop_efficiency": 0.82,
        "Cd0": 0.02422111472806403,
        "oswald_factor": 0.85,
        "aspect_ratio": 10,
        "tfo": 0.001,
        "reserve_fuel": 0,
        "n_engines": 8,
        "CLmax_clean": 1.5,
        "CLmax_takeoff": 1.6,
        "CLmax_landing": 1.8,
        "r_float": 3.1,
        "k": 1.6405131236891928,
        "upsweep": 11
    },
    "outputs": {
        "general": {
            "d_fuselage": 6.2048047905502495,
            "r_fuselage": 3.1024023952751247,
            "l_fuselage": 52.740840719677124,
            "l_tailcone": 27.921621557476122,
            "l_nose": 9.307207185825375,
            "L": 89.96966946297863
        },
        "design": {
            "MTOW": 2616826.7374156117,
            "fuel_used": 439780.7189899248,
            "fuel_res": 0.0,
            "fuel": 439780.7189899248,
            "OEW": 1285462.173901659,
            "ZFW": 2175148.250639075,
            "EW": 1285037.173901659,
            "MTOM": 266750.9416325802,
            "WS": 3332.77241396741,
            "Fuel": 441678.4867765369,
            "Fuel_used": 441678.4867765369,
            "Fuel_reserve": 0.0,
            "S": 785.2944925282169,
            "b": 88.61684334979535,
            "MAC": 8.861684334979536,
            "h_b": 0.05642268231405635,
            "fuel_economy": 0.164706181593239,
            "TW": null,
            "WP": 0.08792647788303459,
            "take_off_thrust": null,
            "take_off_power": 132758100.2868195,
            "k": 1.6564273447682807,
            "design_payload": 90000,
            "P": 29761532.594273612,
            "T": null,
            "Re": 3402432574.8502994,
            "Cd": 0.0013221018492204925,
            "hull_surface": 302.4095164946858,
            "stall_speed_clean": 77.16,
            "LD": 16.6018826655351,
            "V_lof": 64.8144
        },
        "ferry": {
            "take_off_power": 132758100.2868195,
            "take_off_thrust": null,
            "MTOM": 79331.80961134241,
            "MTOW": 778245.052287269,
            "OEW": 636161.2462636115,
            "ZFW": 641108.7413158987,
            "EW": 635736.2462636115,
            "Fuel": 137136.31097137026,
            "Fuel_used": 137136.31097137026,
            "Fuel_reserve": 0.0,
            "S": 233.5030937805897,
            "b": 48.322157834743855,
            "MAC": 4.8322157834743855,
            "h_b": 0.1034722004157889,
            "k": 1.385021812399759,
            "WP": 0.08792647788303459,
            "TW": null,
            "WS": 3332.77241396741,
            "ferry_payload": 0,
            "P": 8851088.671179803,
            "T": null,
            "Re": 3402432574.8502994,
            "Cd": 0.0013221018492204925,
            "hull_surface": 302.4095164946858,
            "stall_speed_clean": 77.16,
            "LD": 16.6018826655351,
            "V_lof": 64.8144
        },
        "altitude": {
            "take_off_power": 132758100.2868195,
            "take_off_thrust": null,
            "MTOM": 251043.12157747272,
            "MTOW": 2462733.0226750076,
            "OEW": 1231043.4919722332,
            "ZFW": 2120575.474994908,
            "EW": 1230618.4919722332,
            "Fuel": 342157.5476800993,
            "Fuel_used": 342157.5476800993,
            "Fuel_reserve": 0.0,
            "S": 738.9238262096098,
            "b": 85.96067858094244,
            "MAC": 8.596067858094246,
            "h_b": 0.05816612993918948,
            "k": 1.6405131236891928,
            "WP": 0.08792647788303459,
            "TW": null,
            "WS": 3332.77241396741,
            "fuel_economy": 0.318984650990078,
            "altitude_payload": 90000,
            "P": 28009003.453443136,
            "T": null,
            "Re": 3402432574.8502994,
            "Cd": 0.0013221018492204925,
            "hull_surface": 302.4095164946858,
            "stall_speed_clean": 77.16,
            "LD": 16.6018826655351,
            "V_lof": 64.8144
        },
        "max": {
            "MTOM": 266750.9416325802,
            "S": 785.2944925282169,
            "b": 88.61684334979535,
            "MAC": 8.861684334979536,
            "fuel_economy": 0.164706181593239
        }
    },
    "gravitational_acceleration": 9.81,
    "kinematic_viscosity": 1.002e-06,
    "rho_water": 1000.0,
    "V_lof": 64.8144,
    "LD": 16.6018826655351
}