{
    "design_id": 2,
    "inputs": {
        "cruise_altitude": 8,
        "aircraft_type": "PROP",
        "wing_type": "HIGH",
        "tail_type": "H_TAIL",
        "n_wings": 1,
        "n_fuselages": 2,
        "depth": 0.1,
        "jet_consumption": 2.7e-05,
        "prop_consumption": 2.1e-08,
        "prop_efficiency": 0.85,
        "Cd0": 0.02642099860063226,
        "oswald_factor": 0.85,
        "aspect_ratio": 10,
        "aspect_h": 4.5,
        "aspect_v": 1.5,
        "sweep_h": 21,
        "sweep_hc4": 30,
        "taper_h": 0.3,
        "sweep_v": 33,
        "taper_v": 0.29,
        "h_position": 0.8582159601501962,
        "v_position": 0.7962192367224527,
        "tfo": 0.001,
        "n_engines": 6.0,
        "CLmax_clean": 1.5,
        "CLmax_takeoff": 1.7,
        "CLmax_landing": 1.7,
        "CL_hydro": 0.5,
        "r_float": 3.1024023952751247,
        "upsweep": 11,
        "xcg_OEW": 0.4,
        "V_h": 0.9,
        "V_v": 0.083867,
        "xc_OEW": 0.2,
        "xc_wing": 0.4,
        "xc_fuselage": 0.4,
        "mf_wing": 0.12,
        "mf_fuselage": 0.2,
        "engine_power": 8202000
    },
    "requirements": {
        "design_range": 3704000,
        "design_payload": 90000,
        "design_crew": 425,
        "ferry_range": 12038000,
        "reserve_range": 185200,
        "ferry_payload": 0,
        "ferry_crew": 170,
        "altitude_range_WIG": 943600,
        "altitude_range_WOG": 538000,
        "altitude_payload": 90000,
        "altitude_crew": 425,
        "cruise_speed": 115.749,
        "stall_speed_clean": 77.16,
        "stall_speed_takeoff": 61.9,
        "stall_speed_landing": 61.9,
        "stall_speed_high": 82.3,
        "high_altitude": 3048.0,
        "cargo_width": 3.5,
        "cargo_height": 4,
        "cargo_length": 7.32,
        "cargo_density": 160
    },
    "outputs": {
        "general": {
            "d_fuselage": 6.2048047905502495,
            "r_fuselage": 3.1024023952751247,
            "l_fuselage": 52.740840719677124,
            "l_tailcone": 27.921621557476122,
            "l_nose": 9.307207185825375,
            "l_cargo_straight": 8.74654837462985,
            "Re": 3407446264.9855022,
            "Cd_water": 0.0013218773711531056,
            "hull_surface": 224.16418708256532,
            "take_off_power": 47857314.10082371,
            "take_off_thrust": null,
            "V_lof": 64.995,
            "LD_g": 15.895704823412615,
            "xcg_payload": 0.36692342744070505,
            "fuselage_separation": 12.409609581100499
        },
        "design": {
            "MTOW": 2522561.011104137,
            "total_fuel": 380797.2650932381,
            "OEW": 1252171.9349997947,
            "EW": 1251746.9349997947,
            "ZFW": 2141763.746010899,
            "MTOM": 257141.79521958582,
            "S": 708.5922593795111,
            "b": 84.17792224684042,
            "MAC": 8.41779222468404,
            "fuel_economy": 0.0686756354971745,
            "h_b": 0.09503679571160092,
            "k": 1.8531629743098426,
            "WP": 0.08828380013695611,
            "TW": null,
            "WS": 3559.8064228808703,
            "P": 28573317.043340307,
            "T": null,
            "LD": 29.457331629396215,
            "max_fuel": 418876.99160256196,
            "mission_fuel": 377531.24057859316,
            "reserve_fuel": 3266.0245146449306,
            "Mff": 0.8490433874871628
        },
        "ferry": {
            "MTOW": 743339.0805339168,
            "total_fuel": 114592.39933412314,
            "OEW": 623834.0921192598,
            "EW": 623664.0921192598,
            "ZFW": 628746.6811997937,
            "MTOM": 75773.60657838092,
            "S": 208.7899661160658,
            "b": 45.69354069407029,
            "MAC": 4.56935406940703,
            "fuel_economy": 0,
            "h_b": 0.17507945058497448,
            "k": 1.595102575880693,
            "WP": 0.08828380013655113,
            "TW": null,
            "WS": 3559.8064228808703,
            "P": 8419880.877173077,
            "T": null,
            "LD": 25.355279709264618,
            "max_fuel": 126051.63926753546,
            "mission_fuel": 113478.35589152772,
            "reserve_fuel": 1114.0434425954154,
            "Mff": 0.8458410134284678
        },
        "altitude": {
            "MTOW": 2401735.5170311555,
            "total_fuel": 302762.50126671814,
            "OEW": 1209502.030247406,
            "EW": 1209077.030247406,
            "ZFW": 2098973.0157644376,
            "MTOM": 244825.23109389964,
            "S": 674.6794070900702,
            "b": 82.1388706453936,
            "MAC": 8.21388706453936,
            "fuel_economy": 0.1314133678237451,
            "h_b": 0.09739603110124628,
            "k": 1.840673817388008,
            "WP": 0.08828380013655113,
            "TW": null,
            "WS": 3559.8064228808703,
            "P": 27204713.812911555,
            "T": null,
            "LD": 29.258807677383867,
            "max_fuel": 333038.75139339,
            "mission_fuel": 299539.99509290647,
            "reserve_fuel": 3222.5061738116783,
            "Mff": 0.8739401157538902
        },
        "max": {
            "MTOM": 257141.79521958582,
            "S": 708.5922593795111,
            "b": 84.17792224684042,
            "MAC": 8.41779222468404,
            "fuel_economy": 0.0686756354971745,
            "OEW": 1252171.9349997947,
            "total_fuel": 380797.2650932381,
            "max_fuel": 418876.99160256196,
            "mission_fuel": 377531.24057859316,
            "reserve_fuel": 3266.0245146449306,
            "Mff": 0.8458410134284678,
            "MTOW": 2522561.011104137,
            "LD": 29.457331629396215
        },
        "wing_design": {
            "taper_ratio": 0.4,
            "sweep_c_4": 0,
            "dihedral": 1,
            "sweep_x_c": 2.454031674527076,
            "chord_root": 12.025417463882917,
            "chord_tip": 4.810166985553167,
            "y_MAC": 18.038126195824375,
            "X_LEMAC": 20.381682907160094,
            "X_LE": 19.608620355910478,
            "MAC": 8.933167258884453,
            "S": 708.5922593852351,
            "b": 84.17792224718042,
            "aspect_ratio": 10
        },
        "cg_range": {
            "most_aft_cg": 21.972227986846786,
            "most_aft_mission": "DESIGN_OEW_FUEL",
            "most_forward_cg": 20.360241176435867,
            "most_forward_mission": "ALTITUDE_OEW_PAYLOAD"
        },
        "empennage_design": {
            "vertical_tail": {
                "S": 124.99725222608193,
                "l_v": 20.01037613229028,
                "mac": 14.401771856330363,
                "b": 9.682351944107456,
                "chord_root": 15.188003049580324,
                "chord_tip": 6.889602859021593,
                "sweep": 33,
                "taper": 0.7,
                "relative_pos_fus": 0.7962192367224527,
                "MAC": 13.04381438375722,
                "aspect_ratio": 1.5,
                "LE_pos": 37.2528376700968
            },
            "horizontal_tail": {
                "S": 244.67932552935883,
                "l_h": 23.283437789318466,
                "mac": 7.64605310200267,
                "b": 33.18217842279368,
                "chord_root": 11.344334503519208,
                "chord_tip": 3.4033003510557625,
                "sweep": 21,
                "sweep_hc4": 30,
                "taper": 0.3,
                "relative_pos_fus": 0.8582159601501962,
                "MAC": 8.086474338406,
                "sweep_c_4": 30,
                "aspect_ratio": 4.5,
                "tail_height": 15.887156734657705,
                "LE_pos": 40.62860346237734
            }
        }
    },
    "kinematic_viscosity": 1.006e-06,
    "rho_water": 1000,
    "viscosity_air": 1.48e-05,
    "rho_air": 1.225
}