{
    "design_id": 2,
    "aircraft_type": "PROP",
    "cruise_altitude": 5,
    "n_wings": 1,
    "n_fuselages": 2,
    "depth": 0.2,
    "design_range": 5185600,
    "design_payload": 130000,
    "design_crew": 425,
    "ferry_range": 12038000,
    "ferry_payload": 0,
    "ferry_crew": 425,
    "altitude_range_WIG": 943600,
    "altitude_range_WOG": 538000,
    "altitude_payload": 100000,
    "altitude_crew": 425,
    "cruise_speed": 115.749,
    "jet_consumption": 2.7e-05,
    "prop_consumption": 2.18e-08,
    "prop_efficiency": 0.82,
    "Cd0": 0.02422111472806403,
    "oswald_factor": 0.85,
    "aspect_ratio": 10,
    "tfo": 0.001,
    "reserve_fuel": 0,
    "k": 1.7384827085250294,
    "n_engines": 8,
    "CLmax_clean": 1.5,
    "CLmax_takeoff": 1.6,
    "CLmax_landing": 1.8,
    "stall_speed_clean": 77.16,
    "stall_speed_takeoff": 61.728,
    "stall_speed_landing": 51.44,
    "high_altitude": 3048.0,
    "L": 52,
    "r": 3.1,
    "design": {
        "MTOW": 3530352.042279966,
        "fuel_used": 439780.7189899248,
        "fuel_res": 0.0,
        "fuel": 439780.7189899248,
        "OEW": 1608076.5198766382,
        "ZFW": 2891076.1219189186,
        "EW": 1607651.5198766382,
        "MTOM": 359872.7871845021,
        "WS": 3332.77241396741,
        "Fuel": 639275.9203610477,
        "Fuel_used": 639275.9203610477,
        "Fuel_reserve": 0.0,
        "S": 1059.2838644636631,
        "b": 102.92151691768166,
        "MAC": 10.292151691768165,
        "h_b": 0.048580706442551594,
        "fuel_economy": 0.11788624118379434,
        "TW": null,
        "WP": 0.08792647788303459,
        "take_off_thrust": null,
        "take_off_power": 131417561.50660385,
        "k": 1.7384814654466654,
        "design_payload": 90000,
        "P": 40151182.29774045,
        "T": null,
        "Re": 3363621556.8862276,
        "Cd": 0.0013238527699107074,
        "hull_surface": 298.9599782837198,
        "stall_speed_clean": 77.16
    },
    "ferry": {
        "take_off_power": 131417561.50660385,
        "take_off_thrust": null,
        "MTOM": 77671.3116563761,
        "MTOW": 761955.5673490496,
        "OEW": 630408.5632217417,
        "ZFW": 635339.7687890907,
        "EW": 629983.5632217417,
        "Fuel": 126615.79855995893,
        "Fuel_used": 126615.79855995893,
        "Fuel_reserve": 0.0,
        "S": 228.61645600152744,
        "b": 47.81385322283987,
        "MAC": 4.781385322283986,
        "h_b": 0.10457220372299099,
        "k": 1.3810971759205288,
        "WP": 0.10139945256551712,
        "TW": null,
        "WS": 3332.77241396741,
        "ferry_payload": 0,
        "P": 7514395.276017176,
        "T": null,
        "Re": 3363621556.8862276,
        "Cd": 0.0013238527699107074,
        "hull_surface": 298.9599782837198,
        "stall_speed_clean": 77.16
    },
    "altitude": {
        "take_off_power": 131417561.50660385,
        "take_off_thrust": null,
        "MTOM": 269224.52200260625,
        "MTOW": 2641092.5608455674,
        "OEW": 1294031.7260681016,
        "ZFW": 2281842.068628947,
        "EW": 1293606.7260681016,
        "Fuel": 359250.4922166206,
        "Fuel_used": 359250.4922166206,
        "Fuel_reserve": 0.0,
        "S": 792.4417918777692,
        "b": 89.01919971993509,
        "MAC": 8.90191997199351,
        "h_b": 0.05616765838976974,
        "k": 1.6588183419620253,
        "WP": 0.10139945256551712,
        "TW": null,
        "WS": 3332.77241396741,
        "fuel_economy": 0.30142796582814596,
        "altitude_payload": 90000,
        "P": 26046418.33878818,
        "T": null,
        "Re": 3363621556.8862276,
        "Cd": 0.0013238527699107074,
        "hull_surface": 298.9599782837198,
        "stall_speed_clean": 77.16
    },
    "max": {
        "MTOM": 359872.7871845021,
        "S": 1059.2838644636631,
        "b": 102.92151691768166,
        "MAC": 10.292151691768165,
        "fuel_economy": 0.11788624118379434
    },
    "gravitational_acceleration": 9.81,
    "kinematic_viscosity": 1.002e-06,
    "rho_water": 1000.0
}