{
    "design_id": 1,
    "inputs": {
        "cruise_altitude": 4,
        "aircraft_type": "PROP",
        "wing_type": "LOW",
        "tail_type": "T_TAIL",
        "n_wings": 1,
        "n_fuselages": 1,
        "depth": 0.1,
        "jet_consumption": 2.7e-05,
        "prop_consumption": 2.1e-08,
        "prop_efficiency": 0.85,
        "Cd0": 0.018040706517800903,
        "oswald_factor": 0.85,
        "aspect_ratio": 5,
        "aspect_h": 4.5,
        "aspect_v": 1.5,
        "sweep_h": 21,
        "sweep_hc4": 0,
        "sweep_vc4": 0,
        "taper_h": 0.3,
        "sweep_v": 10,
        "taper_v": 0.6,
        "tfo": 0.001,
        "n_engines": 6.0,
        "CLmax_clean": 1.6,
        "CLmax_takeoff": 2.4,
        "CLmax_landing": 2.4,
        "CL_hydro": 0.5,
        "r_float": 4.416363005162699,
        "upsweep": 11,
        "xcg_OEW": 0.4,
        "V_h": 0.9,
        "V_v": 0.083867,
        "h_position": 0.9363014827246962,
        "v_position": 0.9231497192690139,
        "xc_OEW": 0.2,
        "xc_wing": 0.4,
        "xc_fuselage": 0.4,
        "mf_wing": 0.08,
        "mf_fuselage": 0.08,
        "ltcd": 4.5,
        "lnd": 1.5,
        "lfd": 8.5,
        "engine_power": 8202000
    },
    "requirements": {
        "design_range": 3704000,
        "design_payload": 90000,
        "design_crew": 425,
        "ferry_range": 12038000,
        "ferry_payload": 0,
        "reserve_range": 185200,
        "ferry_crew": 170,
        "altitude_range_WIG": 943600,
        "altitude_range_WOG": 538000,
        "altitude_payload": 90000,
        "altitude_crew": 425,
        "cruise_speed": 115.749,
        "stall_speed_clean": 77.16,
        "stall_speed_takeoff": 61.73,
        "stall_speed_landing": 61.73,
        "stall_speed_high": 82.3,
        "high_altitude": 3048.0,
        "cargo_width": 3.5,
        "cargo_height": 4,
        "cargo_length": 7.32,
        "cargo_density": 160
    },
    "outputs": {
        "general": {
            "d_fuselage": 8.832726010325398,
            "r_fuselage": 4.416363005162699,
            "l_fuselage": 75.07817108776588,
            "l_tailcone": 39.747267046464295,
            "l_nose": 13.249089015488098,
            "l_cargo_straight": 15.316351424067726,
            "LD_g": 13.602308954681902,
            "Re": 4837280592.753655,
            "Cd_water": 0.0012700434697589557,
            "hull_surface": 227.12738815886908,
            "take_off_power": 46205736.735140644,
            "take_off_thrust": null,
            "V_lof": 64.8165,
            "xcg_payload": 0.44404883931977346
        },
        "design": {
            "MTOW": 2617230.0571296974,
            "total_fuel": 441938.9695403504,
            "OEW": 1285604.6075322172,
            "EW": 1285179.6075322172,
            "ZFW": 2175291.087589347,
            "MTOM": 266792.0547532821,
            "S": 523.4200260289563,
            "b": 51.157600902942875,
            "MAC": 10.231520180588573,
            "h_b": 0.07818974950738743,
            "k": 1.6148206662310207,
            "WP": 0.08478783657025808,
            "TW": null,
            "WS": 4999.962615982123,
            "P": 30867989.59613708,
            "T": null,
            "LD": 21.965289608479196,
            "max_fuel": 486132.86649438547,
            "mission_fuel": 437489.22969931207,
            "reserve_fuel": 4449.739841038303,
            "Mff": 0.831142482741841,
            "fuel_economy": 0.07958242297173541,
            "total_fuel_L": 54938.8341339537,
            "mission_fuel_L": 54385.67286980832,
            "reserve_fuel_L": 553.1612641453846,
            "max_fuel_L": 60432.717547349086
        },
        "ferry": {
            "MTOW": 798716.1697801066,
            "total_fuel": 150357.517564191,
            "OEW": 643390.6860461355,
            "EW": 643220.6860461355,
            "ZFW": 648358.6522159156,
            "MTOM": 81418.56980429222,
            "S": 159.7453314568942,
            "b": 28.26175255153988,
            "MAC": 5.6523505103079765,
            "fuel_economy": 0,
            "h_b": 0.1415340394303344,
            "k": 1.378636819535137,
            "WP": 0.08110004858813384,
            "TW": null,
            "WS": 4999.962615982123,
            "P": 9848528.868785053,
            "T": null,
            "LD": 18.75264395561697,
            "max_fuel": 165393.2693206101,
            "mission_fuel": 148803.76082852078,
            "reserve_fuel": 1553.7567356702057,
            "Mff": 0.8117510033563166,
            "fuel_mission": 116627.08222187468,
            "fuel_reserve": 2339.5820760255447,
            "max_fuel_L": 20560.56156244376,
            "total_fuel_L": 18691.419602221602,
            "mission_fuel_L": 18498.267177409907,
            "reserve_fuel_L": 193.15242481169113
        },
        "altitude": {
            "MTOW": 2437254.893088736,
            "OEW": 1222045.8100586913,
            "EW": 1221620.8100586913,
            "ZFW": 2111552.3149517803,
            "MTOM": 248445.96259824015,
            "S": 487.4526791379561,
            "b": 49.36864790218364,
            "MAC": 9.873729580436725,
            "h_b": 0.08102308185400141,
            "k": 1.5980957839295111,
            "WP": 0.0847878365702592,
            "TW": null,
            "WS": 4999.962615982123,
            "P": 28745336.497282974,
            "T": null,
            "LD": 21.737792592183784,
            "Mff": 0.8663649915892906,
            "total_fuel": 325702.5781369559,
            "mission_fuel": 321337.9703404326,
            "reserve_fuel": 4364.607796523313,
            "max_fuel": 358272.83595065156,
            "fuel_economy": 0.1409765159373303,
            "max_fuel_L": 44538.03186776206,
            "total_fuel_L": 40489.119879783684,
            "mission_fuel_L": 39946.54164993817,
            "reserve_fuel_L": 542.5782298455176
        },
        "max": {
            "MTOM": 266792.0547532821,
            "S": 523.4200260289563,
            "b": 51.157600902942875,
            "MAC": 10.231520180588573,
            "fuel_economy": 0.07958242297173541,
            "OEW": 1285604.6075322172,
            "total_fuel": 441938.9695403504,
            "max_fuel": 486132.86649438547,
            "mission_fuel": 437489.22969931207,
            "reserve_fuel": 4449.739841038303,
            "Mff": 0.8117510033563166,
            "LD": 21.965289608479196,
            "MTOW": 2617230.0571296974,
            "total_fuel_L": 54938.8341339537,
            "mission_fuel_L": 54385.67286980832,
            "reserve_fuel_L": 553.1612641453846,
            "max_fuel_L": 60432.71754734907
        },
        "wing_design": {
            "taper_ratio": 0.4,
            "sweep_c_4": 0,
            "dihedral": 5,
            "sweep_x_c": 4.899092453787766,
            "chord_root": 14.61645740084082,
            "chord_tip": 5.846582960336328,
            "y_MAC": 10.962343050630617,
            "X_LEMAC": 30.031268435106355,
            "X_LE": 29.091639030766586,
            "MAC": 10.85793978348175,
            "S": 523.4200260289563,
            "b": 51.157600902942875,
            "aspect_ratio": 5
        },
        "cg_range": {
            "most_aft_cg": 32.1253565723892,
            "most_aft_mission": "DESIGN_OEW_PAYLOAD_FUEL",
            "most_forward_cg": 30.031268435106355,
            "most_forward_mission": "DESIGN_OEW"
        },
        "empennage_design": {
            "vertical_tail": {
                "S": 60.44726267805435,
                "l_v": 37.15138198133811,
                "mac": 10.731668352743815,
                "b": 9.522126549100339,
                "chord_root": 7.468334548313991,
                "chord_tip": 5.227834183819794,
                "sweep": 10,
                "taper": 0.7,
                "MAC": 6.4139814356108396,
                "aspect_ratio": 1.5,
                "LE_pos": 67.3098365394519,
                "relative_pos_mac/4": 0.9231497192690139
            },