{
    "design_id": 1,
    "aircraft_type": "PROP",
    "cruise_altitude": 4,
    "n_wings": 1,
    "design_range": 5185600,
    "design_payload": 200000,
    "design_crew": 425,
    "ferry_range": 12038000,
    "ferry_payload": 0,
    "ferry_crew": 425,
    "altitude_range_WIG": 943600,
    "altitude_range_WOG": 538000,
    "altitude_payload": 200000,
    "altitude_crew": 425,
    "cruise_speed": 115.749,
    "jet_consumption": 2.7e-05,
    "prop_consumption": 2.1e-08,
    "prop_efficiency": 0.82,
    "Cd0": 0.02,
    "oswald_factor": 0.85,
    "aspect_ratio": 12,
    "Cl_alpha": 5.0,
    "tfo": 0.001,
    "reserve_fuel": 0,
    "k": 2.0169914717244093,
    "n_engines": 8,
    "CLmax_clean": 1.5,
    "CLmax_takeoff": 1.6,
    "CLmax_landing": 1.8,
    "stall_speed_clean": 77.16,
    "stall_speed_takeoff": 61.728,
    "stall_speed_landing": 51.44,
    "high_altitude": 3048.0,
    "L": 70,
    "r": 4,
    "hull_surface": 251.32741228718345,
    "design": {
        "take_off_power": 53392355.25717556,
        "take_off_thrust": null,
        "MTOM": 491781.43734712614,
        "MTOW": 4824375.900375308,
        "OEW": 2065065.1313934668,
        "ZFW": 4036058.757293842,
        "EW": 2064640.1313934668,
        "Fuel": 788317.1430814657,
        "Fuel_used": 788317.1430814657,
        "Fuel_reserve": 0.0,
        "S": 1447.380350005071,
        "aspect_ratio": 12,
        "b": 131.78984862295295,
        "MAC": 10.98248738524608,
        "cruise_altitude": 4,
        "h_b": 0.030351351350617964,
        "k": 2.040478610674121,
        "WP": 0.10625661840691795,
        "TW": null,
        "WS": 3333.092421384543,
        "fuel_economy": 0.09449070774320462,
        "design_payload": 90000,
        "P": 45403062.62994354,
        "T": null
    },
    "ferry": {
        "take_off_power": 53392355.25717556,
        "take_off_thrust": null,
        "MTOM": 74563.76196904268,
        "MTOW": 731470.5049163088,
        "OEW": 619642.6671634979,
        "ZFW": 624543.3876684142,
        "EW": 619217.6671634979,
        "Fuel": 106927.11724789464,
        "Fuel_used": 106927.11724789464,
        "Fuel_reserve": 0.0,
        "S": 219.45049509000845,
        "aspect_ratio": 12,
        "b": 51.31672184658819,
        "MAC": 4.276393487215683,
        "cruise_altitude": 4,
        "h_b": 0.0779473016993961,
        "k": 1.5001493818624345,
        "WP": 0.10625661840691795,
        "TW": null,
        "WS": 3333.092421384543,
        "ferry_payload": 0,
        "P": 6883999.471120809,
        "T": null
    },
    "altitude": {
        "take_off_power": 53392355.25717556,
        "take_off_thrust": null,
        "MTOM": 460402.34001816006,
        "MTOW": 4516546.95557815,
        "OEW": 1956354.367532745,
        "ZFW": 3927040.1644883226,
        "EW": 1955929.367532745,
        "Fuel": 589506.7910898277,
        "Fuel_used": 589506.7910898277,
        "Fuel_reserve": 0.0,
        "S": 1355.0297506204724,
        "aspect_ratio": 12,
        "b": 127.5161048944237,
        "MAC": 10.626342074535309,
        "cruise_altitude": 4,
        "h_b": 0.03136858676252524,
        "k": 2.0169914717244093,
        "WP": 0.10625661840691795,
        "TW": null,
        "WS": 3333.092421384543,
        "fuel_economy": 0.24731188506338755,
        "altitude_payload": 90000,
        "P": 42506029.49062131,
        "T": null
    },
    "gravitational_acceleration": 9.81,
    "kinematic_viscosity": 1.002e-06,
    "rho_water": 1000.0
}