{
    "design_id": 4,
    "inputs": {
        "cruise_altitude": 4,
        "aircraft_type": "PROP",
        "wing_type": "LOW",
        "n_wings": 2,
        "n_fuselages": 1,
        "depth": 0.05,
        "jet_consumption": 2.7e-05,
        "prop_consumption": 2.1e-08,
        "prop_efficiency": 0.85,
        "Cd0": 0.023484175557793377,
        "oswald_factor": 0.85,
        "aspect_ratio": 6,
        "Cl_alpha": 5.0,
        "tfo": 0.001,
        "reserve_fuel": 0,
        "n_engines": 8,
        "CLmax_clean": 1.5,
        "CLmax_takeoff": 1.7,
        "CLmax_landing": 1.7,
        "r_float": 1.5,
        "upsweep": 11,
        "k": 1.452498130042962
    },
    "requirements": {
        "design_range": 3704000,
        "design_payload": 90000,
        "design_crew": 425,
        "ferry_range": 12038000,
        "reserve_range": 185200,
        "ferry_payload": 0,
        "ferry_crew": 425,
        "altitude_range_WIG": 943600,
        "altitude_range_WOG": 538000,
        "altitude_payload": 90000,
        "altitude_crew": 425,
        "cruise_speed": 115.749,
        "stall_speed_clean": 77.16,
        "stall_speed_takeoff": 61.9,
        "stall_speed_landing": 61.9,
        "stall_speed_high": 82.3,
        "high_altitude": 3048.0,
        "cargo_width": 3.5,
        "cargo_height": 4,
        "cargo_length": 7.32,
        "cargo_density": 160
    },
    "outputs": {
        "general": {
            "d_fuselage": 8.832726010325398,
            "r_fuselage": 4.416363005162699,
            "l_fuselage": 75.07817108776588,
            "l_tailcone": 39.747267046464295,
            "l_nose": 13.249089015488098,
            "l_cargo_straight": 15.316351424067726,
            "Re": 4850602117.146465,
            "Cd": 0.0012696487711144299,
            "hull_surface": 101.58680442362811,
            "take_off_power": 20831081.52820842,
            "take_off_thrust": null,
            "V_lof": 64.995,
            "LD_g": 13.059975721072268
        },
        "design": {
            "MTOW": 2725898.3968288815,
            "total_fuel": 512122.073602178,
            "fuel_mission": 487408.49187738437,
            "fuel_reserve": 24713.58172479365,
            "OEW": 1323981.174829875,
            "EW": 1323556.174829875,
            "ZFW": 2213776.3232267033,
            "MTOM": 277869.35747491143,
            "S": 765.4492819949245,
            "b": 47.92022376809997,
            "MAC": 15.973407922699991,
            "fuel_economy": 0.18175934299888083,
            "h_b": 0.08347206430748684,
            "k": 1.4705148126859608,
            "WP": 0.08174918027359299,
            "TW": null,
            "WS": 3561.1738935188127,
            "P": 33344657.25168151,
            "T": null,
            "LD": 19.204887751155784
        },
        "ferry": {
            "MTOW": 836646.2300219355,
            "total_fuel": 174854.5272028097,
            "fuel_mission": 172205.95653571497,
            "fuel_reserve": 2648.5706670947256,
            "OEW": 656785.806589104,
            "EW": 656360.806589104,
            "ZFW": 661791.7028191258,
            "MTOM": 85285.03873821972,
            "S": 234.935332483883,
            "b": 26.5481825640033,
            "MAC": 8.849394188001101,
            "fuel_economy": 0,
            "h_b": 0.15066944753587774,
            "k": 1.2611040672820473,
            "WP": 0.08174918027359299,
            "TW": null,
            "WS": 3561.1738935188127,
            "P": 10234307.27038364,
            "T": null,
            "LD": 16.469988500449027
        },
        "altitude": {
            "MTOW": 2501243.8624993362,
            "total_fuel": 367029.6519781966,
            "fuel_mission": 343266.8160581843,
            "fuel_reserve": 23762.835920012265,
            "OEW": 1244643.7166586404,
            "EW": 1244218.7166586404,
            "ZFW": 2134214.2105211397,
            "MTOM": 254968.793323072,
            "S": 702.3650519913184,
            "b": 45.90310616912493,
            "MAC": 15.301035389708309,
            "fuel_economy": 0.3200187932699631,
            "h_b": 0.08714007250974348,
            "k": 1.4525012909562023,
            "WP": 0.08174918027359299,
            "TW": null,
            "WS": 3561.1738935188127,
            "P": 30596561.99766568,
            "T": null,
            "LD": 18.96963159471413
        },
        "max": {
            "MTOM": 277869.35747491143,
            "S": 765.4492819949245,
            "b": 47.92022376809997,
            "MAC": 15.973407922699991,
            "fuel_economy": 0.18175934299888083
        },
        "wing_design": {
            "taper_ratio": 0.4,
            "sweep_c_4": 0,
            "dihedral": 5,
            "sweep_x_c": 4.085616779974877,
            "chord_root": 22.819154175285703,
            "chord_tip": 9.127661670114282,
            "y_MAC": 10.268619378878567,
            "X_LEMAC": 21.056440000000002,
            "X_LE": 20.32296718722296,
            "MAC": 16.951371673069378,
            "S": 765.4492819949245,
            "b": 47.92022376809997,
            "aspect_ratio": 6
        }
    },
    "kinematic_viscosity": 1.006e-06,
    "rho_water": 1000
}