{
    "design_id": 3,
    "inputs": {
        "cruise_altitude": 10,
        "aircraft_type": "PROP",
        "wing_type": "HIGH",
        "n_wings": 1,
        "n_fuselages": 1,
        "depth": 0.1,
        "jet_consumption": 2.7e-05,
        "prop_consumption": 2.1e-08,
        "prop_efficiency": 0.82,
        "Cd0": 0.023209877760553256,
        "oswald_factor": 0.85,
        "aspect_ratio": 10,
        "Cl_alpha": 5.0,
        "tfo": 0.001,
        "reserve_fuel": 0,
        "n_engines": 8,
        "CLmax_clean": 1.5,
        "CLmax_takeoff": 1.7,
        "CLmax_landing": 1.7,
        "CL_hydro": 0.5,
        "r_float": 1.5,
        "upsweep": 11,
        "k": 1.1756000548278482
    },
    "requirements": {
        "design_range": 3704000,
        "design_payload": 90000,
        "design_crew": 425,
        "ferry_range": 12038000,
        "reserve_range": 185200,
        "ferry_payload": 0,
        "ferry_crew": 425,
        "altitude_range_WIG": 943600,
        "altitude_range_WOG": 538000,
        "altitude_payload": 90000,
        "altitude_crew": 425,
        "cruise_speed": 115.749,
        "stall_speed_clean": 77.16,
        "stall_speed_takeoff": 61.9,
        "stall_speed_landing": 61.9,
        "stall_speed_high": 82.3,
        "high_altitude": 3048.0,
        "cargo_width": 3.5,
        "cargo_height": 4,
        "cargo_length": 7.32,
        "cargo_density": 160
    },
    "outputs": {
        "general": {
            "d_fuselage": 8.832726010325398,
            "r_fuselage": 4.416363005162699,
            "l_fuselage": 75.07817108776588,
            "l_tailcone": 39.747267046464295,
            "l_nose": 13.249089015488098,
            "l_cargo_straight": 15.316351424067726,
            "Re": 4850602117.146465,
            "Cd": 0.0012696487711144299,
            "hull_surface": 69.21817427258117,
            "take_off_power": 14712949.11143404,
            "take_off_thrust": null,
            "V_lof": 64.995,
            "LD_g": 16.95969262720334
        },
        "design": {
            "MTOW": 2669083.614031617,
            "total_fuel": 475428.42553183343,
            "fuel_mission": 450277.68191987305,
            "fuel_reserve": 25150.74361196038,
            "OEW": 1303916.8548857516,
            "EW": 1303491.8548857516,
            "ZFW": 2193655.1884997836,
            "MTOM": 272077.8403701954,
            "S": 749.9273656321101,
            "b": 86.5983467297217,
            "MAC": 8.65983467297217,
            "fuel_economy": 0.16791290467176329,
            "h_b": 0.11547564564033262,
            "k": 1.345549746670062,
            "WP": 0.09375416161982598,
            "TW": null,
            "WS": 3559.122838225619,
            "P": 28468961.461729843,
            "T": null,
            "LD": 22.820110118135574
        },
        "ferry": {
            "MTOW": 799327.0324863612,
            "total_fuel": 150752.04131415565,
            "fuel_mission": 147901.27778085365,
            "fuel_reserve": 2850.7635333020007,
            "OEW": 643606.4141397192,
            "EW": 643181.4141397192,
            "ZFW": 648574.9911722055,
            "MTOM": 81480.83919330899,
            "S": 224.58540174402773,
            "b": 47.39044225833177,
            "MAC": 4.739044225833177,
            "fuel_economy": 0,
            "h_b": 0.21101301282416052,
            "k": 1.1756024208303033,
            "WP": 0.0934057433276688,
            "TW": null,
            "WS": 3559.122838225619,
            "P": 8557579.052524742,
            "T": null,
            "LD": 19.937855709078093
        },
        "altitude": {
            "MTOW": 2470898.9781631553,
            "total_fuel": 347431.50424716756,
            "fuel_mission": 323128.92362936673,
            "fuel_reserve": 24302.58061780082,
            "OEW": 1233927.3249378244,
            "EW": 1233502.3249378244,
            "ZFW": 2123467.4739159876,
            "MTOM": 251875.53294221766,
            "S": 694.2438040140944,
            "b": 83.32129403784451,
            "MAC": 8.332129403784451,
            "fuel_economy": 0.30124475589555466,
            "h_b": 0.12001733909050911,
            "k": 1.3323317694956187,
            "WP": 0.09375416161982598,
            "TW": null,
            "WS": 3559.122838225619,
            "P": 26355085.848697297,
            "T": null,
            "LD": 22.595937288103624
        },
        "max": {
            "MTOM": 272077.8403701954,
            "S": 749.9273656321101,
            "b": 86.5983467297217,
            "MAC": 8.65983467297217,
            "fuel_economy": 0.16791290467176329
        },
        "wing_design": {
            "taper_ratio": 0.4,
            "sweep_c_4": 0,
            "dihedral": 1,
            "sweep_x_c": 2.454031674527076,
            "chord_root": 12.371192389960244,
            "chord_tip": 4.948476955984098,
            "y_MAC": 18.556788584940367,
            "X_LEMAC": 21.056440000000002,
            "X_LE": 20.261149060645415,
            "MAC": 9.190028632541896,
            "S": 749.9273656321101,
            "b": 86.5983467297217,
            "aspect_ratio": 10
        }
    },
    "kinematic_viscosity": 1.006e-06,
    "rho_water": 1000,
    "viscosity_air": 1.484e-05,
    "rho_air": 1.225
}