{
    "design_id": 2,
    "inputs": {
        "cruise_altitude": 8,
        "aircraft_type": "PROP",
        "wing_type": "HIGH",
        "n_wings": 1,
        "n_fuselages": 2,
        "depth": 0.1,
        "jet_consumption": 2.7e-05,
        "prop_consumption": 2.1e-08,
        "prop_efficiency": 0.82,
        "Cd0": 0.02338881420110402,
        "oswald_factor": 0.85,
        "aspect_ratio": 10,
        "tfo": 0.001,
        "reserve_fuel": 0,
        "n_engines": 8,
        "CLmax_clean": 1.5,
        "CLmax_takeoff": 1.7,
        "CLmax_landing": 1.7,
        "CL_hydro": 0.5,
        "r_float": 3.1024023952751247,
        "upsweep": 11,
        "xcg_OEW": 0.4,
        "xcg_payload": 0.55,
        "V_h": 0.9,
        "V_v": 0.0838
    },
    "requirements": {
        "design_range": 3704000,
        "design_payload": 90000,
        "design_crew": 425,
        "ferry_range": 12038000,
        "reserve_range": 185200,
        "ferry_payload": 0,
        "ferry_crew": 170,
        "altitude_range_WIG": 943600,
        "altitude_range_WOG": 538000,
        "altitude_payload": 90000,
        "altitude_crew": 425,
        "cruise_speed": 115.749,
        "stall_speed_clean": 77.16,
        "stall_speed_takeoff": 61.9,
        "stall_speed_landing": 61.9,
        "stall_speed_high": 82.3,
        "high_altitude": 3048.0,
        "cargo_width": 3.5,
        "cargo_height": 4,
        "cargo_length": 7.32,
        "cargo_density": 160
    },
    "outputs": {
        "general": {
            "d_fuselage": 6.2048047905502495,
            "r_fuselage": 3.1024023952751247,
            "l_fuselage": 52.740840719677124,
            "l_tailcone": 27.921621557476122,
            "l_nose": 9.307207185825375,
            "l_cargo_straight": 8.74654837462985,
            "Re": 3407446264.9855022,
            "Cd_water": 0.0013218773711531056,
            "hull_surface": 224.16418708256532,
            "take_off_power": 49608191.445975795,
            "take_off_thrust": null,
            "V_lof": 64.995,
            "LD_g": 16.894692888828708
        },
        "design": {
            "MTOW": 2597048.611488786,
            "total_fuel": 428904.8465984237,
            "OEW": 1278477.4662788734,
            "EW": 1278052.4662788734,
            "ZFW": 2168143.7648903625,
            "MTOM": 264734.8227817315,
            "S": 729.547706525866,
            "b": 85.41356487852887,
            "MAC": 8.541356487852886,
            "fuel_economy": 0.07649160288323885,
            "h_b": 0.09366193778912309,
            "k": 1.423286944126012,
            "WP": 0.0932381217375605,
            "TW": null,
            "WS": 3559.8064228808703,
            "P": 27853935.311982784,
            "T": null,
            "LD": 24.045995813688478,
            "max_fuel": 471795.3312582661,
            "mission_fuel": 420498.0342925604,
            "reserve_fuel": 8406.812305863306,
            "fuel_mission": 420498.0342925604,
            "fuel_reserve": 8406.812305863306,
            "Mff": 0.8348491265427067
        },
        "ferry": {
            "MTOW": 784909.2523138735,
            "total_fuel": 141440.36351556802,
            "OEW": 638514.7295459916,
            "EW": 638344.7295459916,
            "ZFW": 643468.8887983055,
            "MTOM": 80011.13683117976,
            "S": 220.4921164445409,
            "b": 46.95658808352039,
            "MAC": 4.695658808352039,
            "fuel_economy": 0,
            "h_b": 0.17037012965615433,
            "k": 1.2272343166522415,
            "WP": 0.0932381217375605,
            "TW": null,
            "WS": 3559.8064228808703,
            "P": 8418329.73129999,
            "T": null,
            "LD": 20.733746882471184,
            "max_fuel": 155584.39986712483,
            "mission_fuel": 138545.88624295263,
            "reserve_fuel": 2894.4772726153897,
            "fuel_mission": 138545.88624295263,
            "fuel_reserve": 2894.4772726153897,
            "Mff": 0.8198003615085325
        },
        "altitude": {
            "MTOW": 2419163.0452005654,
            "total_fuel": 314018.01530548924,
            "OEW": 1215656.6168498753,
            "EW": 1215231.6168498753,
            "ZFW": 2105145.029895076,
            "MTOM": 246601.7375331871,
            "S": 679.5771336472818,
            "b": 82.43646848617921,
            "MAC": 8.24364684861792,
            "fuel_economy": 0.13414869424704443,
            "h_b": 0.09704442884208742,
            "k": 1.409388082818706,
            "WP": 0.0932381217375605,
            "TW": null,
            "WS": 3559.8064228808703,
            "P": 25946072.27298979,
            "T": null,
            "LD": 23.811178820397117,
            "max_fuel": 345419.8168360382,
            "mission_fuel": 305774.8224699165,
            "reserve_fuel": 8243.192835572758,
            "fuel_mission": 305774.8224699165,
            "fuel_reserve": 8243.192835572758,
            "Mff": 0.8701955968083768
        },
        "max": {
            "MTOM": 264734.8227817315,
            "S": 729.547706525866,
            "b": 85.41356487852887,
            "MAC": 8.541356487852886,
            "fuel_economy": 0.07649160288323885,
            "OEW": 1278477.4662788734,
            "total_fuel": 428904.8465984237,
            "max_fuel": 471795.3312582661,
            "mission_fuel": 420498.0342925604,
            "reserve_fuel": 8406.812305863306,
            "Mff": 0.8198003615085325,
            "MTOW": 1720912.5750032095
        },
        "wing_design": {
            "taper_ratio": 0.4,
            "sweep_c_4": 0,
            "dihedral": 1,
            "sweep_x_c": 2.454031674527076,
            "chord_root": 12.201937839789839,
            "chord_tip": 4.880775135915936,
            "y_MAC": 18.30290675968476,
            "X_LEMAC": 21.056440000000002,
            "X_LE": 20.272029710299226,
            "MAC": 9.064296680986738,
            "S": 729.547706525866,
            "b": 85.41356487852887,
            "aspect_ratio": 10
        },
        "cg_range": {
            "most_aft_cg": 24.552232610204143,
            "most_aft_mission": "ALTITUDE_OEW_PAYLOAD_FUEL",
            "most_forward_cg": 21.09633628787085,
            "most_forward_mission": "DESIGN_OEW"
        },
        "empennage_design": {
            "S_h": 244.7440899719504,
            "S_v": 227.8839415516605,
            "l_h": 22.914524037505267,
            "l_v": 22.914524037505267
        }
    },
    "kinematic_viscosity": 1.006e-06,
    "rho_water": 1000,
    "viscosity_air": 1.48e-05,
    "rho_air": 1.225
}