{
    "design_id": 3,
    "inputs": {
        "cruise_altitude": 10,
        "aircraft_type": "PROP",
        "wing_type": "HIGH",
        "tail_type": "CONVENTIONAL",
        "n_wings": 1,
        "n_fuselages": 1,
        "depth": 0.1,
        "jet_consumption": 2.7e-05,
        "prop_consumption": 2.1e-08,
        "prop_efficiency": 0.85,
        "Cd0": 0.025728487501933375,
        "oswald_factor": 0.85,
        "aspect_ratio": 10,
        "aspect_h": 4.5,
        "aspect_v": 1.5,
        "sweep_h": 21,
        "sweep_hc4": 30,
        "taper_h": 0.3,
        "sweep_v": 33,
        "taper_v": 0.29,
        "h_position": 0.9253549135577286,
        "v_position": 0.8486681899732466,
        "tfo": 0.001,
        "n_engines": 6.0,
        "CLmax_clean": 1.5,
        "CLmax_takeoff": 1.7,
        "CLmax_landing": 1.7,
        "CL_hydro": 0.5,
        "r_float": 4.416363005162699,
        "upsweep": 11,
        "xcg_OEW": 0.4,
        "V_h": 0.9,
        "V_v": 0.083867,
        "xc_OEW": 0.2,
        "xc_wing": 0.4,
        "xc_fuselage": 0.4,
        "mf_wing": 0.12,
        "mf_fuselage": 0.2,
        "engine_power": 8202000
    },
    "requirements": {
        "design_range": 3704000,
        "design_payload": 90000,
        "design_crew": 425,
        "ferry_range": 12038000,
        "reserve_range": 185200,
        "ferry_payload": 0,
        "ferry_crew": 170,
        "altitude_range_WIG": 943600,
        "altitude_range_WOG": 538000,
        "altitude_payload": 90000,
        "altitude_crew": 425,
        "cruise_speed": 115.749,
        "stall_speed_clean": 77.16,
        "stall_speed_takeoff": 61.73,
        "stall_speed_landing": 61.73,
        "stall_speed_high": 82.3,
        "high_altitude": 3048.0,
        "cargo_width": 3.5,
        "cargo_height": 4,
        "cargo_length": 7.32,
        "cargo_density": 160
    },
    "outputs": {
        "general": {
            "d_fuselage": 8.832726010325398,
            "r_fuselage": 4.416363005162699,
            "l_fuselage": 75.07817108776588,
            "l_tailcone": 39.747267046464295,
            "l_nose": 13.249089015488098,
            "l_cargo_straight": 15.316351424067726,
            "Re": 4837280592.753655,
            "Cd": 0.0012700434697589557,
            "hull_surface": 227.12738815886908,
            "take_off_power": 46205736.735140644,
            "take_off_thrust": null,
            "V_lof": 64.8165,
            "LD_g": 16.10820972840889,
            "Cd_water": 0.0012700434697589557,
            "xcg_payload": 0.44404883931977346
        },
        "design": {
            "MTOW": 2528964.454538485,
            "total_fuel": 384932.9088156961,
            "OEW": 1254433.3312682502,
            "EW": 1254008.3312682502,
            "ZFW": 2144031.545722789,
            "MTOM": 257794.5417470423,
            "S": 714.447174630326,
            "b": 84.52497705591679,
            "MAC": 8.452497705591679,
            "fuel_economy": 0.06941323822638794,
            "h_b": 0.11830822495680281,
            "k": 1.786480856241628,
            "WP": 0.0898079017143921,
            "TW": null,
            "WS": 3539.6003814507203,
            "P": 28159709.85026597,
            "T": null,
            "LD": 28.777008308062346,
            "max_fuel": 423426.1996972657,
            "mission_fuel": 381586.07125322986,
            "reserve_fuel": 3346.837562466215,
            "Mff": 0.8477903047925823
        },
        "ferry": {
            "MTOW": 748606.5284480916,
            "total_fuel": 117994.36393691505,
            "OEW": 625694.3079827284,
            "EW": 625524.3079827284,
            "ZFW": 630612.1645111765,
            "MTOM": 76310.55335862299,
            "S": 211.4946456587347,
            "b": 45.988547015396634,
            "MAC": 4.598854701539664,
            "fuel_economy": 0,
            "h_b": 0.21744544346339256,
            "k": 1.5207138371950226,
            "WP": 0.08980790171469831,
            "TW": null,
            "WS": 3539.6003814507203,
            "P": 8335642.12229637,
            "T": null,
            "LD": 24.495977426430876,
            "max_fuel": 129793.80033060657,
            "mission_fuel": 116837.78338127738,
            "reserve_fuel": 1156.5805556376727,
            "Mff": 0.8423813319107372
        },
        "altitude": {
            "MTOW": 2404396.92187834,
            "total_fuel": 304481.3611835776,
            "OEW": 1210441.913772884,
            "EW": 1210016.913772884,
            "ZFW": 2099915.5606947625,
            "MTOM": 245096.52618535576,
            "S": 679.2848521766988,
            "b": 82.41873889939707,
            "MAC": 8.241873889939708,
            "fuel_economy": 0.13209467607295494,
            "h_b": 0.12133163081039516,
            "k": 1.728299462961795,
            "WP": 0.08980790171469831,
            "TW": null,
            "WS": 3539.6003814507203,
            "P": 26772665.61150295,
            "T": null,
            "LD": 27.839810222885045,
            "max_fuel": 334929.4973019354,
            "mission_fuel": 301092.95026789885,
            "reserve_fuel": 3388.4109156787745,
            "Mff": 0.873364768348766
        },
        "max": {
            "MTOM": 257794.5417470423,
            "S": 714.447174630326,
            "b": 84.52497705591679,
            "MAC": 8.452497705591679,
            "fuel_economy": 0.06941323822638794,
            "OEW": 1254433.3312682502,
            "total_fuel": 384932.9088156961,
            "max_fuel": 423426.1996972657,
            "mission_fuel": 381586.07125322986,
            "reserve_fuel": 3388.4109156787745,
            "Mff": 0.8423813319107372,
            "MTOW": 1733790.843393344,
            "LD": 28.777008308062346
        },
        "wing_design": {
            "taper_ratio": 0.4,
            "sweep_c_4": 0,
            "dihedral": 1,
            "sweep_x_c": 2.454031674527076,
            "chord_root": 12.074996722236238,
            "chord_tip": 4.829998688894495,
            "y_MAC": 18.112495083354357,
            "X_LEMAC": 29.313668629899173,
            "X_LE": 28.537418840612556,
            "MAC": 8.969997565089777,
            "S": 714.4471746258777,
            "b": 84.52497705565365,
            "aspect_ratio": 10
        },
        "cg_range": {
            "most_aft_cg": 31.751655697777874,
            "most_aft_mission": "DESIGN_OEW_PAYLOAD_FUEL",
            "most_forward_cg": 30.031268435106355,
            "most_forward_mission": "DESIGN_OEW"
        },
        "empennage_design": {
            "vertical_tail": {
                "S": 158.44345469868392,
                "l_v": 31.96479986688028,
                "mac": 11.941273556683253,
                "b": 15.41639328922384,
                "chord_root": 15.934256629688726,
                "chord_tip": 4.62093442260973,
                "abs_pos": 0.8850201690521673,
                "sweep": 33,
                "taper": 0.29,
                "relative_pos_fus": 0.8486681899732466,
                "MAC": 11.315380896566035,
                "aspect_ratio": 1.5,
                "LE_pos": 58.84391445807716
            },
            "horizontal_tail": {
                "S": 152.89976103353888,
                "l_h": 37.72229881926559,
                "mac": 6.890369749157854,
                "b": 26.230686698043666,
                "chord_root": 8.967756136083304,
                "chord_tip": 2.690326840824991,
                "abs_pos": 1.0541825989753077,
                "sweep": 21,
                "sweep_hc4": 30,
                "taper": 0.3,
                "relative_pos_fus": 0.9253549135577286,
                "MAC": 6.3924005277722005,
                "sweep_c_4": 30,
                "aspect_ratio": 4.5,
                "tail_height": 8.832726010325398,
                "LE_pos": 65.81041495168257
            }
        }
    },
    "kinematic_viscosity": 1.006e-06,
    "rho_water": 1000,
    "viscosity_air": 1.484e-05,
    "rho_air": 1.225
}