{
    "aircraft_type": "JET",
    "design_range": 3704000,
    "design_payload": 90000,
    "design_crew": 425,
    "ferry_range": 12038000,
    "ferry_payload": 0,
    "ferry_crew": 425,
    "altitude_range_WIG": 943600,
    "altitude_range_WOG": 538000,
    "altitude_payload": 90000,
    "altitude_crew": 425,
    "cruise_speed": 115.749,
    "jet_consumption": 1.9e-05,
    "prop_consumption": 9e-08,
    "prop_efficiency": 0.82,
    "Cd0": 0.02,
    "oswald_factor": 0.85,
    "aspect_ratio": 8,
    "tfo": 0.001,
    "reserve_fuel": 0,
    "k": 1.5688095017271526,
    "n_engines": 8,
    "CLmax_clean": 1.5,
    "CLmax_takeoff": 1.6,
    "CLmax_landing": 1.8,
    "aspect_ratios": 10,
    "stall_speed_clean": 77.16,
    "stall_speed_takeoff": 61.728,
    "stall_speed_landing": 51.44,
    "cruise_altitude": 9,
    "high_altitude": 3048.0,
    "L": 40,
    "r": 3,
    "hull_surface": 251.32741228718345,
    "rho_water": 1000.0,
    "kinematic_viscosity": 1.002e-06,
    "MTOW": 7480146.7724276865,
    "fuel_used": 3582638.374891858,
    "fuel_res": 0.0,
    "fuel": 3582638.374891858,
    "OEW": 3002959.0007634,
    "ZFW": 3897508.3975358284,
    "EW": 3002534.0007634,
    "MTOM": 762502.2194115889,
    "TW": 0.1390615928149485,
    "WP": null,
    "WS": 3331.4926193385054,
    "Fuel": 3582638.374891858,
    "Fuel_used": 3582638.374891858,
    "Fuel_reserve": 0.0,
    "S": 2245.3975542906837,
    "A": 8,
    "b": 134.0267899873957,
    "MAC": 16.75334874842446,
    "h_b": 0.06715075397124999,
    "fuel_economy": 0.8983267477474352,
    "gravitational_acceleration": 9.81
}