{
    "design_id": 1,
    "aircraft_type": "PROP",
    "cruise_altitude": 6,
    "n_wings": 1,
    "design_range": 3704000,
    "design_payload": 90000,
    "design_crew": 425,
    "ferry_range": 12038000,
    "ferry_payload": 0,
    "ferry_crew": 425,
    "altitude_range_WIG": 943600,
    "altitude_range_WOG": 538000,
    "altitude_payload": 90000,
    "altitude_crew": 425,
    "cruise_speed": 115.749,
    "jet_consumption": 2.7e-05,
    "prop_consumption": 2.1e-08,
    "prop_efficiency": 0.82,
    "Cd0": 0.02,
    "oswald_factor": 0.85,
    "aspect_ratio": 12,
    "Cl_alpha": 5.0,
    "tfo": 0.001,
    "reserve_fuel": 0,
    "k": 1.5916356253488595,
    "n_engines": 8,
    "CLmax_clean": 1.5,
    "CLmax_takeoff": 1.6,
    "CLmax_landing": 1.8,
    "stall_speed_clean": 77.16,
    "stall_speed_takeoff": 61.728,
    "stall_speed_landing": 51.44,
    "high_altitude": 3048.0,
    "L": 70,
    "r": 4,
    "hull_surface": 251.32741228718345,
    "design": {
        "take_off_power": 53392355.25717556,
        "take_off_thrust": null,
        "MTOM": 261126.21877319962,
        "MTOW": 2561648.2061650883,
        "OEW": 1265975.7013579237,
        "ZFW": 2155606.5995640885,
        "EW": 1265550.7013579237,
        "Fuel": 406041.6066009997,
        "Fuel_used": 406041.6066009997,
        "Fuel_reserve": 0.0,
        "S": 768.6880208012235,
        "aspect_ratio": 12,
        "b": 96.04299167359731,
        "MAC": 8.003582639466442,
        "cruise_altitude": 4,
        "h_b": 0.06247202315803568,
        "k": 1.6041660262360502,
        "WP": 0.10624597713233164,
        "TW": null,
        "WS": 3332.4524300554363,
        "fuel_economy": 0.15141684413773776,
        "design_payload": 90000,
        "P": 24110543.05589849,
        "T": null
    },
    "ferry": {
        "take_off_power": 53392355.25717556,
        "take_off_thrust": null,
        "MTOM": 76068.22832973761,
        "MTOW": 746229.319914726,
        "OEW": 624854.7892828595,
        "ZFW": 629770.2686027742,
        "EW": 624429.7892828595,
        "Fuel": 116459.05131195174,
        "Fuel_used": 116459.05131195174,
        "Fuel_reserve": 0.0,
        "S": 223.923534674416,
        "aspect_ratio": 12,
        "b": 51.83707569002125,
        "MAC": 4.319756307501771,
        "cruise_altitude": 4,
        "h_b": 0.11574727007902981,
        "k": 1.3447350683578152,
        "WP": 0.10624597713233164,
        "TW": null,
        "WS": 3332.4524300554363,
        "ferry_payload": 0,
        "P": 7023600.705232174,
        "T": null
    },
    "altitude": {
        "take_off_power": 53392355.25717556,
        "take_off_thrust": null,
        "MTOM": 248257.6271818328,
        "MTOW": 2435407.3226537798,
        "OEW": 1221393.3347256696,
        "ZFW": 2110897.992048323,
        "EW": 1220968.3347256696,
        "Fuel": 324509.3306054566,
        "Fuel_used": 324509.3306054566,
        "Fuel_reserve": 0.0,
        "S": 730.802119981028,
        "aspect_ratio": 12,
        "b": 93.6462783017688,
        "MAC": 7.803856525147402,
        "cruise_altitude": 4,
        "h_b": 0.06407088577151358,
        "k": 1.5916356253488595,
        "WP": 0.10624597713233164,
        "TW": null,
        "WS": 3332.4524300554363,
        "fuel_economy": 0.30253167369256895,
        "altitude_payload": 90000,
        "P": 22922348.57627059,
        "T": null
    },
    "gravitational_acceleration": 9.81,
    "kinematic_viscosity": 1.002e-06,
    "rho_water": 1000.0,
    "MTOW": 2435407.3226537798,
    "fuel_used": 324509.3306054566,
    "fuel_res": 0.0,
    "fuel": 324509.3306054566,
    "OEW": 1221393.3347256696,
    "ZFW": 2110897.992048323,
    "EW": 1220968.3347256696,
    "MTOM": 248257.6271818328,
    "TW": 0.13716682347628203,
    "WP": 0.12334479778165412,
    "WS": 3400.7881775177657
}