{
    "design_id": 1,
    "inputs": {
        "cruise_altitude": 4,
        "aircraft_type": "PROP",
        "wing_type": "LOW",
        "n_wings": 1,
        "n_fuselages": 1,
        "depth": 0.05,
        "jet_consumption": 2.7e-05,
        "prop_consumption": 2.1e-08,
        "prop_efficiency": 0.85,
        "Cd0": 0.02434723936958912,
        "oswald_factor": 0.85,
        "aspect_ratio": 10,
        "tfo": 0.001,
        "reserve_fuel": 0,
        "n_engines": 8,
        "CLmax_clean": 1.5,
        "CLmax_takeoff": 1.7,
        "CLmax_landing": 1.7,
        "r_float": 4.4,
        "upsweep": 11,
        "k": 1.4,
        "xcg_OEW": 0.45,
        "xcg_payload": 0.55
    },
    "requirements": {
        "design_range": 3704000,
        "design_payload": 90000,
        "design_crew": 425,
        "ferry_range": 12038000,
        "ferry_payload": 0,
        "reserve_range": 185200,
        "ferry_crew": 425,
        "altitude_range_WIG": 943600,
        "altitude_range_WOG": 538000,
        "altitude_payload": 90000,
        "altitude_crew": 425,
        "cruise_speed": 115.749,
        "stall_speed_clean": 77.16,
        "stall_speed_takeoff": 61.9,
        "stall_speed_landing": 61.9,
        "stall_speed_high": 82.3,
        "high_altitude": 3048.0,
        "cargo_width": 3.5,
        "cargo_height": 4,
        "cargo_length": 7.32,
        "cargo_density": 160
    },
    "outputs": {
        "general": {
            "d_fuselage": 8.832726010325398,
            "r_fuselage": 4.416363005162699,
            "l_fuselage": 75.07817108776588,
            "l_tailcone": 39.747267046464295,
            "l_nose": 13.249089015488098,
            "l_cargo_straight": 15.316351424067726,
            "LD_g": 16.558825930206265,
            "Re": 4850602117.146465,
            "Cd": 0.0012696487711144299,
            "hull_surface": 297.98795964264247,
            "take_off_power": 61104505.81607803,
            "take_off_thrust": null,
            "V_lof": 64.995
        },
        "design": {
            "MTOW": 2526797.7331256154,
            "total_fuel": 383533.5386328679,
            "OEW": 1253668.146759622,
            "EW": 1253243.146759622,
            "ZFW": 2143264.1944927475,
            "MTOM": 257573.67310148984,
            "S": 709.5406872445589,
            "b": 84.23423812468175,
            "MAC": 8.423423812468174,
            "fuel_economy": 0.1371177552622408,
            "h_b": 0.047486628822822424,
            "k": 1.7515366984924756,
            "WP": 0.09385590949149301,
            "TW": null,
            "WS": 3561.1738935188127,
            "P": 26922095.228906617,
            "T": null,
            "LD": 29.003391300705076,
            "max_fuel": 421886.89249615476,
            "mission_fuel": 376889.3864231915,
            "reserve_fuel": 6644.152209676395,
            "fuel_mission": 376889.3864231915,
            "fuel_reserve": 6644.152209676395
        },
        "ferry": {
            "MTOW": 751466.6574867615,
            "total_fuel": 119841.56924534989,
            "OEW": 626704.3715839249,
            "EW": 626279.3715839249,
            "ZFW": 631625.0882414116,
            "MTOM": 76602.10575807966,
            "S": 211.01593327443493,
            "b": 45.93647061697654,
            "MAC": 4.593647061697654,
            "fuel_economy": 0,
            "h_b": 0.0870767811779109,
            "k": 1.452801849464934,
            "WP": 0.09385590949149301,
            "TW": null,
            "WS": 3561.1738935188127,
            "P": 8006599.281368356,
            "T": null,
            "LD": 24.056692936371565,
            "max_fuel": 131825.7261698849,
            "mission_fuel": 117480.14304452707,
            "reserve_fuel": 2361.426200822825,
            "fuel_mission": 117480.14304452707,
            "fuel_reserve": 2361.426200822825
        },
        "altitude": {
            "MTOW": 2400285.7904133163,
            "total_fuel": 301826.19990826584,
            "OEW": 1208990.0547146373,
            "EW": 1208565.0547146373,
            "ZFW": 2098459.5905050505,
            "MTOM": 244677.45060278452,
            "S": 674.0152872584276,
            "b": 82.09843404465323,
            "MAC": 8.209843404465323,
            "fuel_economy": 0.2590763783987129,
            "h_b": 0.04872200117513088,
            "k": 1.736827823827163,
            "WP": 0.09385590949149301,
            "TW": null,
            "WS": 3561.1738935188127,
            "P": 25574157.273824885,
            "T": null,
            "LD": 28.759829605492946,
            "max_fuel": 332008.8198990924,
            "mission_fuel": 295265.7648129165,
            "reserve_fuel": 6560.435095349327,
            "fuel_mission": 295265.7648129165,
            "fuel_reserve": 6560.435095349327
        },
        "max": {
            "MTOM": 257573.67310148984,
            "S": 709.5406872445589,
            "b": 84.23423812468175,
            "MAC": 8.423423812468174,
            "fuel_economy": 0.1371177552622408,
            "OEW": 1253668.146759622,
            "total_fuel": 383533.5386328679,
            "max_fuel": 421886.89249615476,
            "mission_fuel": 376889.3864231915,
            "reserve_fuel": 6644.152209676395
        },
        "wing_design": {
            "taper_ratio": 0.4,
            "sweep_c_4": 0,
            "dihedral": 5,
            "sweep_x_c": 2.454031674527076,
            "chord_root": 12.033462589240251,
            "chord_tip": 4.8133850356961005,
            "y_MAC": 18.050193883860377,
            "X_LEMAC": 21.056440000000002,
            "X_LE": 20.28286026212027,
            "MAC": 8.939143637721328,
            "S": 709.5406872445589,
            "b": 84.23423812468175,
            "aspect_ratio": 10
        },
        "cg_range": {
            "most_aft_cg": 35.35328047689787,
            "most_aft_mission": "ALTITUDE"
        },
        "empennage_design": {
            "S_h": 242.48927936696495,
            "S_v": 180.98858931042025
        }
    },
    "kinematic_viscosity": 1.006e-06,
    "rho_water": 1000
}