{
    "design_id": 3,
    "inputs": {
        "cruise_altitude": 10,
        "aircraft_type": "PROP",
        "wing_type": "HIGH",
        "tail_type": "CONVENTIONAL",
        "n_wings": 1,
        "n_fuselages": 1,
        "depth": 0.1,
        "jet_consumption": 2.7e-05,
        "prop_consumption": 2.1e-08,
        "prop_efficiency": 0.85,
        "Cd0": 0.025543242163131103,
        "oswald_factor": 0.85,
        "aspect_ratio": 10,
        "aspect_h": 4.5,
        "aspect_v": 1.5,
        "sweep_h": 21,
        "sweep_hc4": 30,
        "taper_h": 0.3,
        "sweep_v": 33,
        "taper_v": 0.29,
        "h_position": 0.9326026317870532,
        "v_position": 0.8878346291697256,
        "tfo": 0.001,
        "n_engines": 6.0,
        "CLmax_clean": 1.5,
        "CLmax_takeoff": 1.7,
        "CLmax_landing": 1.7,
        "CL_hydro": 0.5,
        "r_float": 4.416363005162699,
        "upsweep": 11,
        "xcg_OEW": 0.4,
        "V_h": 0.9,
        "V_v": 0.083867,
        "xc_OEW": 0.2,
        "xc_wing": 0.4,
        "xc_fuselage": 0.4,
        "mf_wing": 0.12,
        "mf_fuselage": 0.2,
        "engine_power": 8202000
    },
    "requirements": {
        "design_range": 3704000,
        "design_payload": 90000,
        "design_crew": 425,
        "ferry_range": 12038000,
        "reserve_range": 185200,
        "ferry_payload": 0,
        "ferry_crew": 170,
        "altitude_range_WIG": 943600,
        "altitude_range_WOG": 538000,
        "altitude_payload": 90000,
        "altitude_crew": 425,
        "cruise_speed": 115.749,
        "stall_speed_clean": 77.16,
        "stall_speed_takeoff": 61.73,
        "stall_speed_landing": 61.73,
        "stall_speed_high": 82.3,
        "high_altitude": 3048.0,
        "cargo_width": 3.5,
        "cargo_height": 4,
        "cargo_length": 7.32,
        "cargo_density": 160
    },
    "outputs": {
        "general": {
            "d_fuselage": 8.832726010325398,
            "r_fuselage": 4.416363005162699,
            "l_fuselage": 75.07817108776588,
            "l_tailcone": 39.747267046464295,
            "l_nose": 13.249089015488098,
            "l_cargo_straight": 15.316351424067726,
            "Re": 4837280592.753655,
            "Cd": 0.0012700434697589557,
            "hull_surface": 227.12738815886908,
            "take_off_power": 46205736.735140644,
            "take_off_thrust": null,
            "V_lof": 64.8165,
            "LD_g": 16.16651439020486,
            "Cd_water": 0.0012700434697589557,
            "xcg_payload": 0.44404883931977346
        },
        "design": {
            "MTOW": 2528065.1495331316,
            "total_fuel": 384352.0955176486,
            "OEW": 1254115.7388659497,
            "EW": 1253690.7388659497,
            "ZFW": 2143713.054015483,
            "MTOM": 257702.86947330597,
            "S": 714.1936927570378,
            "b": 84.50998123044624,
            "MAC": 8.450998123044625,
            "fuel_economy": 0.06930964745369797,
            "h_b": 0.11832921809237511,
            "k": 1.7858212899071568,
            "WP": 0.09029639622436153,
            "TW": null,
            "WS": 3539.6003814507203,
            "P": 27997409.146336142,
            "T": null,
            "LD": 28.870505588725194,
            "max_fuel": 422787.3050694135,
            "mission_fuel": 381016.6006885526,
            "reserve_fuel": 3335.4948290960165,
            "Mff": 0.847965905629992
        },
        "ferry": {
            "MTOW": 748053.993828192,
            "total_fuel": 117637.51119734503,
            "OEW": 625499.1786370187,
            "EW": 625329.1786370187,
            "ZFW": 630416.482630847,
            "MTOM": 76254.2297480318,
            "S": 211.3386188005179,
            "b": 45.971580220884064,
            "MAC": 4.597158022088407,
            "fuel_economy": 0,
            "h_b": 0.21752569635309554,
            "k": 1.5206109072255227,
            "WP": 0.09029639619101873,
            "TW": null,
            "WS": 3539.6003814507203,
            "P": 8284428.010235437,
            "T": null,
            "LD": 24.58297811356388,
            "max_fuel": 129401.26231707954,
            "mission_fuel": 116485.38521119389,
            "reserve_fuel": 1152.1259861511353,
            "Mff": 0.8427419515597651
        },
        "altitude": {
            "MTOW": 2403899.58923118,
            "total_fuel": 304160.16046379483,
            "OEW": 1210266.2791781537,
            "EW": 1209841.2791781537,
            "ZFW": 2099739.428767385,
            "MTOM": 245045.8296871743,
            "S": 679.1443495041502,
            "b": 82.41021474939562,
            "MAC": 8.241021474939561,
            "fuel_economy": 0.131959210834519,
            "h_b": 0.12134418082041629,
            "k": 1.7282542817895776,
            "WP": 0.09029639619101873,
            "TW": null,
            "WS": 3539.6003814507203,
            "P": 26622320.387469485,
            "T": null,
            "LD": 27.939847716484373,
            "max_fuel": 334576.17651017435,
            "mission_fuel": 300784.1745510267,
            "reserve_fuel": 3375.985912768112,
            "Mff": 0.8734721858490471
        },
        "max": {
            "MTOM": 257702.86947330597,
            "S": 714.1936927570378,
            "b": 84.50998123044624,
            "MAC": 8.450998123044625,
            "fuel_economy": 0.06930964745369797,
            "OEW": 1254115.7388659497,
            "total_fuel": 384352.0955176486,
            "max_fuel": 422787.3050694135,
            "mission_fuel": 381016.6006885526,
            "reserve_fuel": 3375.985912768112,
            "Mff": 0.8427419515597651,
            "MTOW": 1733790.843393344,
            "LD": 28.870505588725194
        },
        "wing_design": {
            "taper_ratio": 0.4,
            "sweep_c_4": 0,
            "dihedral": 1,
            "sweep_x_c": 2.454031674527076,
            "chord_root": 12.074963427745585,
            "chord_tip": 4.829985371098235,
            "y_MAC": 18.112445141618377,
            "X_LEMAC": 29.313670608543188,
            "X_LE": 28.537422959616684,
            "MAC": 8.969972832039577,
            "S": 714.4432347288275,
            "b": 84.52474399421908,
            "aspect_ratio": 10
        },
        "cg_range": {
            "most_aft_cg": 31.751651587708555,
            "most_aft_mission": "DESIGN_OEW_PAYLOAD_FUEL",
            "most_forward_cg": 30.031268435106355,
            "most_forward_mission": "DESIGN_OEW"
        },
        "empennage_design": {
            "vertical_tail": {
                "S": 145.09442331870818,
                "l_v": 34.90534859873928,
                "mac": 11.941273556683253,
                "b": 14.752682297740376,
                "chord_root": 15.248250436940957,
                "chord_tip": 4.4219926267128775,
                "abs_pos": 0.8850201690521673,
                "sweep": 33,
                "taper": 0.29,
                "relative_pos_fus": 0.8878346291697256,
                "MAC": 10.828227868424067,
                "aspect_ratio": 1.5
            },
            "horizontal_tail": {
                "S": 150.72427707327617,
                "l_h": 38.266448358500554,
                "mac": 6.890369749157854,
                "b": 26.043410814057033,
                "chord_root": 8.90373019284001,
                "chord_tip": 2.6711190578520028,
                "abs_pos": 1.0541825989753077,
                "sweep": 21,
                "sweep_hc4": 30,
                "taper": 0.3,
                "relative_pos_fus": 0.9326026317870532,
                "MAC": 6.346761522075699,
                "sweep_c_4": 30,
                "aspect_ratio": 4.5,
                "tail_height": 8.832726010325398
            }
        }
    },
    "kinematic_viscosity": 1.006e-06,
    "rho_water": 1000,
    "viscosity_air": 1.484e-05,
    "rho_air": 1.225
}