{
    "design_id": 3,
    "inputs": {
        "cruise_altitude": 10,
        "aircraft_type": "PROP",
        "wing_type": "HIGH",
        "n_wings": 1,
        "n_fuselages": 1,
        "depth": 0.1,
        "jet_consumption": 2.7e-05,
        "prop_consumption": 2.1e-08,
        "prop_efficiency": 0.85,
        "Cd0": 0.025687772483346947,
        "oswald_factor": 0.85,
        "aspect_ratio": 10,
        "tfo": 0.001,
        "n_engines": 8,
        "CLmax_clean": 1.5,
        "CLmax_takeoff": 1.7,
        "CLmax_landing": 1.7,
        "CL_hydro": 0.5,
        "r_float": 4.416363005162699,
        "upsweep": 11,
        "xcg_OEW": 0.45,
        "xcg_payload": 0.55,
        "V_h": 0.9,
        "V_v": 0.0838,
        "k": 1.1744700387202258,
        "xc_OEW": 0.2,
        "xc_wing": 0.4,
        "xc_fuselage": 0.4,
        "mf_wing": 0.08,
        "mf_fuselage": 0.08
    },
    "requirements": {
        "design_range": 3704000,
        "design_payload": 90000,
        "design_crew": 425,
        "ferry_range": 12038000,
        "reserve_range": 185200,
        "ferry_payload": 0,
        "ferry_crew": 170,
        "altitude_range_WIG": 943600,
        "altitude_range_WOG": 538000,
        "altitude_payload": 90000,
        "altitude_crew": 425,
        "cruise_speed": 115.749,
        "stall_speed_clean": 77.16,
        "stall_speed_takeoff": 61.73,
        "stall_speed_landing": 61.73,
        "stall_speed_high": 82.3,
        "high_altitude": 3048.0,
        "cargo_width": 3.5,
        "cargo_height": 4,
        "cargo_length": 7.32,
        "cargo_density": 160
    },
    "outputs": {
        "general": {
            "d_fuselage": 8.832726010325398,
            "r_fuselage": 4.416363005162699,
            "l_fuselage": 75.07817108776588,
            "l_tailcone": 39.747267046464295,
            "l_nose": 13.249089015488098,
            "l_cargo_straight": 15.316351424067726,
            "Re": 4837280592.753655,
            "Cd": 0.0012700434697589557,
            "hull_surface": 227.12738815886908,
            "take_off_power": 46205736.735140644,
            "take_off_thrust": null,
            "V_lof": 64.8165,
            "LD_g": 16.12097039861304,
            "Cd_water": 0.0012700434697589557
        },
        "design": {
            "MTOW": 2622660.3477805224,
            "total_fuel": 445446.10561041295,
            "OEW": 1287522.3318223287,
            "EW": 1287097.3318223287,
            "ZFW": 2177214.2421701094,
            "MTOM": 267345.6012008687,
            "S": 740.9481508340841,
            "b": 86.07834517659387,
            "MAC": 8.607834517659388,
            "fuel_economy": 0.07938480293292836,
            "h_b": 0.11617323706077898,
            "k": 1.3434638315959537,
            "WP": 0.0899148118458515,
            "TW": null,
            "WS": 3539.6003814507203,
            "P": 29168279.32951435,
            "T": null,
            "LD": 21.6579403064363,
            "max_fuel": 489990.7161714543,
            "mission_fuel": 436402.8511332617,
            "reserve_fuel": 9043.254477151262,
            "Mff": 0.8301548631764764
        },
        "ferry": {
            "MTOW": 796332.279696166,
            "total_fuel": 148817.88968088746,
            "OEW": 642548.8077355823,
            "EW": 642378.8077355823,
            "ZFW": 647514.3900152786,
            "MTOM": 81175.56367952762,
            "S": 224.97806798661702,
            "b": 47.431853008987225,
            "MAC": 4.7431853008987215,
            "fuel_economy": 0,
            "h_b": 0.21082878626110674,
            "k": 1.1757948622907652,
            "WP": 0.08991481405556657,
            "TW": null,
            "WS": 3539.6003814507203,
            "P": 8856519.22945689,
            "T": null,
            "LD": 18.95495416983072,
            "max_fuel": 163699.6786489762,
            "mission_fuel": 145743.94626182603,
            "reserve_fuel": 3073.9434190614265,
            "Mff": 0.8131208623896702
        },
        "altitude": {
            "MTOW": 2426247.72473757,
            "total_fuel": 318593.63321376627,
            "OEW": 1218158.593799066,
            "EW": 1217733.593799066,
            "ZFW": 2107654.091523804,
            "MTOM": 247323.9270884373,
            "S": 685.4580408542099,
            "b": 82.79239342199317,
            "MAC": 8.279239342199318,
            "fuel_economy": 0.1358934232620683,
            "h_b": 0.12078404291357975,
            "k": 1.3301821753254373,
            "WP": 0.08991481405556657,
            "TW": null,
            "WS": 3539.6003814507203,
            "P": 26983848.548451316,
            "T": null,
            "LD": 21.443827473184076,
            "max_fuel": 350452.99653514294,
            "mission_fuel": 309751.7095191826,
            "reserve_fuel": 8841.923694583646,
            "Mff": 0.86868874519059
        },
        "max": {
            "MTOM": 267345.6012008687,
            "S": 740.9481508340841,
            "b": 86.07834517659387,
            "MAC": 8.607834517659388,
            "fuel_economy": 0.07938480293292836,
            "OEW": 1287522.3318223287,
            "total_fuel": 445446.10561041295,
            "max_fuel": 489990.7161714543,
            "mission_fuel": 436402.8511332617,
            "reserve_fuel": 9043.254477151262,
            "Mff": 0.8131208623896702,
            "MTOW": 1733790.843393344
        },
        "wing_design": {
            "taper_ratio": 0.4,
            "sweep_c_4": 0,
            "dihedral": 1,
            "sweep_x_c": 2.454031674527076,
            "chord_root": 12.256987470386788,
            "chord_tip": 4.9027949881547155,
            "y_MAC": 18.38548120558018,
            "X_LEMAC": 30.031268435106355,
            "X_LE": 29.24331924058149,
            "MAC": 9.105190692287326,
            "S": 736.1453350611716,
            "b": 85.79891229270751,
            "aspect_ratio": 10
        },
        "cg_range": {
            "most_aft_cg": 36.94391438638043,
            "most_aft_mission": "ALTITUDE_OEW_PAYLOAD",
            "most_forward_cg": 33.785176989494644,
            "most_forward_mission": "DESIGN_OEW"
        },
        "empennage_design": {
            "S_h": 185.60571483326356,
            "S_v": 172.81954336697206,
            "l_h": 30.62643959260886,
            "l_v": 30.62643959260886
        }
    },
    "kinematic_viscosity": 1.006e-06,
    "rho_water": 1000,
    "viscosity_air": 1.484e-05,
    "rho_air": 1.225
}