{
    "design_id": 2,
    "inputs": {
        "cruise_altitude": 8,
        "aircraft_type": "PROP",
        "wing_type": "HIGH",
        "tail_type": "H_TAIL",
        "n_wings": 1,
        "n_fuselages": 2,
        "depth": 0.1,
        "jet_consumption": 2.7e-05,
        "prop_consumption": 2.1e-08,
        "prop_efficiency": 0.85,
        "Cd0": 0.026538925924888043,
        "oswald_factor": 0.85,
        "aspect_ratio": 10,
        "aspect_h": 4.5,
        "aspect_v": 1.5,
        "sweep_h": 21,
        "sweep_hc4": 30,
        "taper_h": 0.3,
        "sweep_v": 33,
        "taper_v": 0.29,
        "h_position": 0.8414973617800361,
        "v_position": 0.7962002666101748,
        "tfo": 0.001,
        "n_engines": 6.0,
        "CLmax_clean": 1.5,
        "CLmax_takeoff": 1.7,
        "CLmax_landing": 1.7,
        "CL_hydro": 0.5,
        "r_float": 3.1024023952751247,
        "upsweep": 11,
        "xcg_OEW": 0.4,
        "V_h": 0.9,
        "V_v": 0.083867,
        "xc_OEW": 0.2,
        "xc_wing": 0.4,
        "xc_fuselage": 0.4,
        "mf_wing": 0.12,
        "mf_fuselage": 0.2,
        "engine_power": 8202000
    },
    "requirements": {
        "design_range": 3704000,
        "design_payload": 90000,
        "design_crew": 425,
        "ferry_range": 12038000,
        "reserve_range": 185200,
        "ferry_payload": 0,
        "ferry_crew": 170,
        "altitude_range_WIG": 943600,
        "altitude_range_WOG": 538000,
        "altitude_payload": 90000,
        "altitude_crew": 425,
        "cruise_speed": 115.749,
        "stall_speed_clean": 77.16,
        "stall_speed_takeoff": 61.9,
        "stall_speed_landing": 61.9,
        "stall_speed_high": 82.3,
        "high_altitude": 3048.0,
        "cargo_width": 3.5,
        "cargo_height": 4,
        "cargo_length": 7.32,
        "cargo_density": 160
    },
    "outputs": {
        "general": {
            "d_fuselage": 6.2048047905502495,
            "r_fuselage": 3.1024023952751247,
            "l_fuselage": 52.740840719677124,
            "l_tailcone": 27.921621557476122,
            "l_nose": 9.307207185825375,
            "l_cargo_straight": 8.74654837462985,
            "Re": 3407446264.9855022,
            "Cd_water": 0.0013218773711531056,
            "hull_surface": 224.16418708256532,
            "take_off_power": 47857314.10082371,
            "take_off_thrust": null,
            "V_lof": 64.995,
            "LD_g": 15.860348739531535,
            "xcg_payload": 0.36692342744070505
        },
        "design": {
            "MTOW": 2522917.615179693,
            "total_fuel": 381027.57670941704,
            "OEW": 1252297.8708550958,
            "EW": 1251872.8708550958,
            "ZFW": 2141890.0384702757,
            "MTOM": 257178.14629762413,
            "S": 708.6912941433585,
            "b": 84.183804507955,
            "MAC": 8.4183804507955,
            "fuel_economy": 0.06871671163485989,
            "h_b": 0.0950301551083265,
            "k": 1.8548478924641931,
            "WP": 0.08798760888068367,
            "TW": null,
            "WS": 3559.8064228808703,
            "P": 28673555.825353958,
            "T": null,
            "LD": 29.41853443310067,
            "max_fuel": 419130.3343803588,
            "mission_fuel": 377757.048830767,
            "reserve_fuel": 3270.5278786500567,
            "Mff": 0.8489734367793541
        },
        "ferry": {
            "MTOW": 743534.9630332957,
            "total_fuel": 114718.90942782527,
            "OEW": 623903.2686424371,
            "EW": 623733.2686424371,
            "ZFW": 628816.0536054705,
            "MTOM": 75793.57421338386,
            "S": 208.8440781545338,
            "b": 45.69946150169975,
            "MAC": 4.569946150169976,
            "fuel_economy": 0,
            "h_b": 0.17505676734730116,
            "k": 1.5965655913992371,
            "WP": 0.08798760888143574,
            "TW": null,
            "WS": 3559.8064228808703,
            "P": 8450450.836040074,
            "T": null,
            "LD": 25.32208706512831,
            "max_fuel": 126190.80037060782,
            "mission_fuel": 113603.28130391565,
            "reserve_fuel": 1115.628123909628,
            "Mff": 0.8457114794443256
        },
        "altitude": {
            "MTOW": 2401975.0332169184,
            "total_fuel": 302917.19203899294,
            "OEW": 1209586.6161447084,
            "EW": 1209161.6161447084,
            "ZFW": 2099057.8411779255,
            "MTOM": 244849.64660722917,
            "S": 674.7466135861725,
            "b": 82.14296157225965,
            "MAC": 8.214296157225965,
            "fuel_economy": 0.13147930217792916,
            "h_b": 0.09739118053300948,
            "k": 1.8423369303575954,
            "WP": 0.08798760888143574,
            "TW": null,
            "WS": 3559.8064228808703,
            "P": 27299014.756198294,
            "T": null,
            "LD": 29.220106211189485,
            "max_fuel": 333208.91124289227,
            "mission_fuel": 299690.2840357729,
            "reserve_fuel": 3226.9080032200436,
            "Mff": 0.8738882844950716
        },
        "max": {
            "MTOM": 257178.14629762413,
            "S": 708.6912941433585,
            "b": 84.183804507955,
            "MAC": 8.4183804507955,
            "fuel_economy": 0.06871671163485989,
            "OEW": 1252297.8708550958,
            "total_fuel": 381027.57670941704,
            "max_fuel": 419130.3343803588,
            "mission_fuel": 377757.048830767,
            "reserve_fuel": 3270.5278786500567,
            "Mff": 0.8457114794443256,
            "MTOW": 1720912.5750032095,
            "LD": 29.41853443310067
        },
        "wing_design": {
            "taper_ratio": 0.4,
            "sweep_c_4": 0,
            "dihedral": 1,
            "sweep_x_c": 2.454031674527076,
            "chord_root": 12.026257786761127,
            "chord_tip": 4.810503114704451,
            "y_MAC": 18.039386680141686,
            "X_LEMAC": 20.381632967971903,
            "X_LE": 19.608516395965832,
            "MAC": 8.933791498736838,
            "S": 708.6912941327996,
            "b": 84.18380450732786,
            "aspect_ratio": 10
        },
        "cg_range": {
            "most_aft_cg": 21.972620091464762,
            "most_aft_mission": "DESIGN_OEW_FUEL",
            "most_forward_cg": 20.3602709320659,
            "most_forward_mission": "ALTITUDE_OEW_PAYLOAD"
        },
        "empennage_design": {
            "vertical_tail": {
                "S": 125.02119381486207,
                "l_v": 20.010738539080755,
                "mac": 14.401771856330363,
                "b": 9.683279163648365,
                "chord_root": 15.189457511605275,
                "chord_tip": 3.3660003986922375,
                "sweep": 33,
                "taper": 0.7,
                "relative_pos_fus": 0.7962002666101748,
                "MAC": 13.045063509966884,
                "aspect_ratio": 1.5,
                "LE_pos": 37.25138320807185
            },
            "horizontal_tail": {
                "S": 254.3535205926318,
                "l_h": 22.402560890844768,
                "mac": 7.64605310200267,
                "b": 33.83180223793647,
                "chord_root": 11.566428115533835,
                "chord_tip": 3.4699284346601504,
                "sweep": 21,
                "sweep_hc4": 30,
                "taper": 0.3,
                "relative_pos_fus": 0.8414973617800361,
                "MAC": 8.244787220816425,
                "sweep_c_4": 30,
                "aspect_ratio": 4.5,
                "tail_height": 15.888083954198613,
                "LE_pos": 39.656120058039754
            }
        }
    },
    "kinematic_viscosity": 1.006e-06,
    "rho_water": 1000,
    "viscosity_air": 1.48e-05,
    "rho_air": 1.225
}