{
    "design_id": 4,
    "inputs": {
        "cruise_altitude": 5,
        "aircraft_type": "PROP",
        "wing_type": "HIGH",
        "n_wings": 2,
        "n_fuselages": 1,
        "depth": 0.05,
        "jet_consumption": 2.7e-05,
        "prop_consumption": 2.18e-08,
        "prop_efficiency": 0.82,
        "Cd0": 0.023484175557793377,
        "oswald_factor": 0.85,
        "aspect_ratio": 6,
        "Cl_alpha": 5.0,
        "tfo": 0.001,
        "reserve_fuel": 0,
        "n_engines": 8,
        "CLmax_clean": 1.5,
        "CLmax_takeoff": 1.7,
        "CLmax_landing": 1.7,
        "r_float": 1.5,
        "k": 1.3677489048110705,
        "upsweep": 11
    },
    "requirements": {
        "design_range": 3704000,
        "design_payload": 90000,
        "design_crew": 425,
        "ferry_range": 12038000,
        "reserve_range": 185200,
        "ferry_payload": 0,
        "ferry_crew": 425,
        "altitude_range_WIG": 943600,
        "altitude_range_WOG": 538000,
        "altitude_payload": 90000,
        "altitude_crew": 425,
        "cruise_speed": 115.749,
        "stall_speed_clean": 77.16,
        "stall_speed_takeoff": 61.9,
        "stall_speed_landing": 61.9,
        "stall_speed_high": 82.3,
        "high_altitude": 3048.0,
        "cargo_width": 3.5,
        "cargo_height": 4,
        "cargo_length": 7.32,
        "cargo_density": 160
    },
    "outputs": {
        "general": {
            "d_fuselage": 8.832726010325398,
            "r_fuselage": 4.416363005162699,
            "l_fuselage": 75.07817108776588,
            "l_tailcone": 39.747267046464295,
            "l_nose": 13.249089015488098,
            "l_cargo_straight": 15.316351424067726,
            "LD": 17.862767489355765,
            "Re": 4850602117.146465,
            "Cd": 0.0012696487711144299,
            "hull_surface": 101.58680442362811,
            "take_off_power": 21593194.26704531,
            "take_off_thrust": null,
            "V_lof": 64.995,
            "LD_g": 13.059975721072268
        },
        "design": {
            "MTOW": 2790909.34952662,
            "total_fuel": 554109.1921223871,
            "fuel_mission": 529886.1369111368,
            "fuel_reserve": 24223.05521125032,
            "OEW": 1346939.9980547065,
            "EW": 1346514.9980547065,
            "ZFW": 2236800.157404233,
            "MTOM": 284496.3659048542,
            "S": 783.7263891282321,
            "b": 48.48895923181582,
            "MAC": 16.16298641060527,
            "fuel_economy": 0.19759966786424404,
            "h_b": 0.10311625737512782,
            "k": 1.3863063574021577,
            "WP": 0.07886208937847018,
            "TW": null,
            "WS": 3560.831988190202,
            "P": 35389746.47416018,
            "T": null
        },
        "ferry": {
            "MTOW": 871040.28448969,
            "total_fuel": 197067.81867759174,
            "fuel_mission": 194599.9918916749,
            "fuel_reserve": 2467.826785916841,
            "OEW": 668932.1755276086,
            "EW": 668507.1755276086,
            "ZFW": 673972.4658120982,
            "MTOM": 88791.05856164015,
            "S": 244.60032556335074,
            "b": 27.088761077060212,
            "MAC": 9.029587025686736,
            "fuel_economy": 0,
            "h_b": 0.18457839344429042,
            "k": 1.2068327352054136,
            "WP": 0.07886208937847018,
            "TW": null,
            "WS": 3560.831988190202,
            "P": 11045107.875717647,
            "T": null
        },
        "altitude": {
            "MTOW": 2522585.8090618066,
            "total_fuel": 380813.280775896,
            "fuel_mission": 357697.67361765524,
            "fuel_reserve": 23115.607158240746,
            "OEW": 1252180.692476849,
            "EW": 1251755.692476849,
            "ZFW": 2141772.528285911,
            "MTOM": 257144.323044017,
            "S": 708.3978529276578,
            "b": 46.09982167842923,
            "MAC": 15.366607226143076,
            "fuel_economy": 0.3334723093280076,
            "h_b": 0.10846028938848525,
            "k": 1.3677489048110705,
            "WP": 0.07886208937847018,
            "TW": null,
            "WS": 3560.831988190202,
            "P": 31987306.30830189,
            "T": null
        },
        "max": {
            "MTOM": 284496.3659048542,
            "S": 783.7263891282321,
            "b": 48.48895923181582,
            "MAC": 16.16298641060527,
            "fuel_economy": 0.19759966786424404
        },
        "wing_design": {
            "taper_ratio": 0.4,
            "sweep_c_4": 0,
            "dihedral": 1,
            "sweep_x_c": 4.085616779974877,
            "chord_root": 23.08998058657896,
            "chord_tip": 9.235992234631585,
            "y_MAC": 10.390491263960534,
            "X_LEMAC": 21.056440000000002,
            "X_LE": 20.31426205257425,
            "MAC": 17.15255700717294,
            "S": 783.7263891282321,
            "b": 48.48895923181582,
            "aspect_ratio": 6
        }
    },
    "kinematic_viscosity": 1.006e-06,
    "rho_water": 1000
}