{
    "design_id": 4,
    "aircraft_type": "PROP",
    "cruise_altitude": 5,
    "n_wings": 2,
    "design_range": 3704000,
    "design_payload": 90000,
    "design_crew": 425,
    "ferry_range": 12038000,
    "ferry_payload": 0,
    "ferry_crew": 425,
    "altitude_range_WIG": 943600,
    "altitude_range_WOG": 538000,
    "altitude_payload": 90000,
    "altitude_crew": 425,
    "cruise_speed": 115.749,
    "jet_consumption": 2.7e-05,
    "prop_consumption": 2.18e-08,
    "prop_efficiency": 0.82,
    "Cd0": 0.02,
    "oswald_factor": 0.85,
    "aspect_ratio": 10,
    "Cl_alpha": 5.0,
    "tfo": 0.001,
    "reserve_fuel": 0,
    "k": 1.4762546120610627,
    "n_engines": 8,
    "CLmax_clean": 1.5,
    "CLmax_takeoff": 1.6,
    "CLmax_landing": 1.8,
    "stall_speed_clean": 77.16,
    "stall_speed_takeoff": 61.728,
    "stall_speed_landing": 51.44,
    "high_altitude": 3048.0,
    "L": 70,
    "r": 4,
    "hull_surface": 251.32741228718345,
    "design": {
        "take_off_power": 53392355.25717556,
        "take_off_thrust": null,
        "MTOM": 267081.4204547131,
        "MTOW": 2620068.734660736,
        "OEW": 1286607.0954657581,
        "ZFW": 2176296.4142004186,
        "EW": 1286182.0954657581,
        "Fuel": 443772.3204603173,
        "Fuel_used": 443772.3204603173,
        "Fuel_reserve": 0.0,
        "S": 786.1360868668564,
        "aspect_ratio": 10,
        "b": 62.69513884133507,
        "MAC": 12.539027768267015,
        "cruise_altitude": 5,
        "h_b": 0.0797509997171182,
        "k": 1.4901186000821505,
        "WP": 0.10139945256551712,
        "TW": null,
        "WS": 3332.77241396741,
        "fuel_economy": 0.16548699243477144,
        "design_payload": 90000,
        "P": 25839081.65547377,
        "T": null
    },
    "ferry": {
        "take_off_power": 53392355.25717556,
        "take_off_thrust": null,
        "MTOM": 79170.9153763923,
        "MTOW": 776666.6798424084,
        "OEW": 635603.8390508157,
        "ZFW": 640549.7557306581,
        "EW": 635178.8390508157,
        "Fuel": 136116.92411175036,
        "Fuel_used": 136116.92411175036,
        "Fuel_reserve": 0.0,
        "S": 233.03290057810696,
        "aspect_ratio": 10,
        "b": 34.13450604433196,
        "MAC": 6.826901208866391,
        "cruise_altitude": 5,
        "h_b": 0.1464793424432826,
        "k": 1.2693261920639418,
        "WP": 0.10035988147343484,
        "TW": null,
        "WS": 3332.77241396741,
        "ferry_payload": 0,
        "P": 7738816.232540004,
        "T": null
    },
    "altitude": {
        "take_off_power": 53392355.25717556,
        "take_off_thrust": null,
        "MTOM": 250461.4791437874,
        "MTOW": 2457027.1104005547,
        "OEW": 1229028.4310354313,
        "ZFW": 2118554.7081458317,
        "EW": 1228603.4310354313,
        "Fuel": 338472.4022547232,
        "Fuel_used": 338472.4022547232,
        "Fuel_reserve": 0.0,
        "S": 737.2154081133032,
        "aspect_ratio": 10,
        "b": 60.71307141437102,
        "MAC": 12.142614282874204,
        "cruise_altitude": 5,
        "h_b": 0.08235458828749817,
        "k": 1.4762546120610627,
        "WP": 0.10139945256551712,
        "TW": null,
        "WS": 3332.77241396741,
        "fuel_economy": 0.31554908501957274,
        "altitude_payload": 90000,
        "P": 24231167.410031117,
        "T": null
    },
    "gravitational_acceleration": 9.81,
    "kinematic_viscosity": 1.002e-06,
    "rho_water": 1000.0,
    "MTOW": 2457027.1104005547,
    "fuel_used": 338472.4022547232,
    "fuel_res": 0.0,
    "fuel": 338472.4022547232,
    "OEW": 1229028.4310354313,
    "ZFW": 2118554.7081458317,
    "EW": 1228603.4310354313,
    "MTOM": 250461.4791437874,
    "TW": 0.13610126506754436,
    "WP": 0.12121896352293766,
    "WS": 3400.1351731096174
}