{
    "design_id": 1,
    "inputs": {
        "cruise_altitude": 4,
        "aircraft_type": "PROP",
        "wing_type": "LOW",
        "n_wings": 1,
        "n_fuselages": 1,
        "depth": 0.05,
        "jet_consumption": 2.7e-05,
        "prop_consumption": 2.1e-08,
        "prop_efficiency": 0.85,
        "Cd0": 0.02367017989484911,
        "oswald_factor": 0.85,
        "aspect_ratio": 10,
        "tfo": 0.001,
        "reserve_fuel": 0,
        "n_engines": 8,
        "CLmax_clean": 1.5,
        "CLmax_takeoff": 1.7,
        "CLmax_landing": 1.7,
        "r_float": 4.4,
        "upsweep": 11,
        "k": 1.4538956222501158
    },
    "requirements": {
        "design_range": 3704000,
        "design_payload": 90000,
        "design_crew": 425,
        "ferry_range": 12038000,
        "ferry_payload": 0,
        "reserve_range": 185200,
        "ferry_crew": 425,
        "altitude_range_WIG": 943600,
        "altitude_range_WOG": 538000,
        "altitude_payload": 90000,
        "altitude_crew": 425,
        "cruise_speed": 115.749,
        "stall_speed_clean": 77.16,
        "stall_speed_takeoff": 61.9,
        "stall_speed_landing": 61.9,
        "stall_speed_high": 82.3,
        "high_altitude": 3048.0,
        "cargo_width": 3.5,
        "cargo_height": 4,
        "cargo_length": 7.32,
        "cargo_density": 160
    },
    "outputs": {
        "general": {
            "d_fuselage": 8.832726010325398,
            "r_fuselage": 4.416363005162699,
            "l_fuselage": 75.07817108776588,
            "l_tailcone": 39.747267046464295,
            "l_nose": 13.249089015488098,
            "l_cargo_straight": 15.316351424067726,
            "LD_g": 16.793979713429522,
            "Re": 4850602117.146465,
            "Cd": 0.0012696487711144299,
            "hull_surface": 297.98795964264247,
            "take_off_power": 61104505.81607803,
            "take_off_thrust": null,
            "V_lof": 64.995
        },
        "design": {
            "MTOW": 2574437.0663553374,
            "total_fuel": 414301.251572563,
            "fuel_mission": 388403.49604577967,
            "fuel_reserve": 25897.755526783352,
            "OEW": 1270492.1277164188,
            "EW": 1270067.1277164188,
            "ZFW": 2160135.8147827745,
            "MTOM": 262429.8742462117,
            "S": 722.9181004164603,
            "b": 85.02459058510428,
            "MAC": 8.502459058510428,
            "fuel_economy": 0.14483942203762196,
            "h_b": 0.04704521330210054,
            "k": 1.7569333118030364,
            "WP": 0.09582402833789944,
            "TW": null,
            "WS": 3561.1738935188127,
            "P": 26866299.72679952,
            "T": null,
            "LD": 29.505902396268738
        },
        "ferry": {
            "MTOW": 755462.6635777603,
            "total_fuel": 122422.37716136954,
            "fuel_mission": 119324.87730521841,
            "fuel_reserve": 3097.499856151131,
            "OEW": 628115.573752813,
            "EW": 627690.573752813,
            "ZFW": 633040.2864163908,
            "MTOM": 77009.44582851787,
            "S": 212.1336740619713,
            "b": 46.0579715208965,
            "MAC": 4.60579715208965,
            "fuel_economy": 0,
            "h_b": 0.08684707267633791,
            "k": 1.4538956222501158,
            "WP": 0.09582402804821047,
            "TW": null,
            "WS": 3561.1738935188127,
            "P": 7883854.174838862,
            "T": null,
            "LD": 24.416693535168182
        },
        "altitude": {
            "MTOW": 2446848.9568250095,
            "total_fuel": 331898.8739066586,
            "fuel_mission": 306570.16415516246,
            "fuel_reserve": 25328.70975149615,
            "OEW": 1225433.9839615256,
            "EW": 1225008.9839615256,
            "ZFW": 2114950.082918351,
            "MTOM": 249423.950746688,
            "S": 687.1111611603715,
            "b": 82.89216857824215,
            "MAC": 8.289216857824215,
            "fuel_economy": 0.28580745180122524,
            "h_b": 0.04825546331586667,
            "k": 1.7423157257145092,
            "WP": 0.09582402834559833,
            "TW": null,
            "WS": 3561.1738935188127,
            "P": 25534816.257152326,
            "T": null,
            "LD": 29.260414953642105
        },
        "max": {
            "MTOM": 262429.8742462117,
            "S": 722.9181004164603,
            "b": 85.02459058510428,
            "MAC": 8.502459058510428,
            "fuel_economy": 0.14483942203762196
        },
        "wing_design": {
            "taper_ratio": 0.4,
            "sweep_c_4": 0,
            "dihedral": 5,
            "sweep_x_c": 2.454031674527076,
            "chord_root": 12.146370083552348,
            "chord_tip": 4.85854803342094,
            "y_MAC": 18.219555125328522,
            "X_LEMAC": 21.056440000000002,
            "X_LE": 20.27560192320021,
            "MAC": 9.023017776353173,
            "S": 722.9181004124157,
            "b": 85.02459058486643,
            "aspect_ratio": 10
        }
    },
    "kinematic_viscosity": 1.006e-06,
    "rho_water": 1000,
    "viscosity_air": 1.484e-05,
    "rho_air": 1.225
}