{
    "design_id": 1,
    "inputs": {
        "cruise_altitude": 4,
        "aircraft_type": "PROP",
        "wing_type": "LOW",
        "tail_type": "T_TAIL",
        "n_wings": 1,
        "n_fuselages": 1,
        "depth": 0.1,
        "jet_consumption": 2.7e-05,
        "prop_consumption": 2.1e-08,
        "prop_efficiency": 0.85,
        "Cd0": 0.01667921366737694,
        "oswald_factor": 0.85,
        "aspect_ratio": 5,
        "aspect_h": 4.5,
        "aspect_v": 1.5,
        "sweep_hc4": 10,
        "sweep_vc4": 10,
        "tfo": 0.001,
        "n_engines": 6.0,
        "CLmax_clean": 1.6,
        "CLmax_takeoff": 2.4,
        "CLmax_landing": 2.4,
        "CL_hydro": 0.5,
        "r_float": 4.416363005162699,
        "upsweep": 11,
        "xcg_OEW": 0.4,
        "V_h": 0.9,
        "V_v": 0.083867,
        "h_position": 0.9444966772703247,
        "v_position": 0.906736432777081,
        "xc_OEW": 0.2,
        "xc_wing": 0.4,
        "xc_fuselage": 0.4,
        "mf_wing": 0.08,
        "mf_fuselage": 0.08,
        "ltcd": 4.5,
        "lnd": 1.5,
        "lfd": 8.5,
        "engine_power": 8202000
    },
    "requirements": {
        "design_range": 3704000,
        "design_payload": 90000,
        "design_crew": 425,
        "ferry_range": 12038000,
        "ferry_payload": 0,
        "reserve_range": 185200,
        "ferry_crew": 170,
        "altitude_range_WIG": 943600,
        "altitude_range_WOG": 538000,
        "altitude_payload": 90000,
        "altitude_crew": 425,
        "cruise_speed": 131.3804350261617,
        "stall_speed_clean": 77.16,
        "stall_speed_takeoff": 61.73,
        "stall_speed_landing": 61.73,
        "stall_speed_high": 82.3,
        "high_altitude": 3048.0,
        "cargo_width": 3.5,
        "cargo_height": 4,
        "cargo_length": 7.32,
        "cargo_density": 160
    },
    "outputs": {
        "general": {
            "d_fuselage": 8.832726010325398,
            "r_fuselage": 4.416363005162699,
            "l_fuselage": 75.07817108776588,
            "l_tailcone": 39.747267046464295,
            "l_nose": 13.249089015488098,
            "l_cargo_straight": 15.316351424067726,
            "LD_g": 14.146585202733041,
            "Re": 4837280592.753655,
            "Cd_water": 0.0012700434697589557,
            "hull_surface": 227.12738815886908,
            "take_off_power": 46205736.735140644,
            "take_off_thrust": null,
            "V_lof": 64.8165,
            "xcg_payload": 0.44404883931977346,
            "l_bottom": 35.33090404130159
        },
        "design": {
            "MTOW": 2603073.740147683,
            "total_fuel": 432796.1569177287,
            "OEW": 1280605.2594898066,
            "EW": 1280180.2594898066,
            "ZFW": 2170277.5832299544,
            "MTOM": 265349.0051118943,
            "S": 520.5921084574364,
            "b": 51.019217382151034,
            "MAC": 10.203843476430206,
            "h_b": 0.07840182984459874,
            "k": 1.6126452879238886,
            "WP": 0.08110745476187838,
            "TW": null,
            "WS": 4999.962615982123,
            "P": 32094136.69544915,
            "T": null,
            "LD": 22.81380675134853,
            "max_fuel": 476075.7726095016,
            "mission_fuel": 428521.95347248524,
            "reserve_fuel": 4274.203445243475,
            "Mff": 0.833736497647902,
            "fuel_economy": 0.07795121122721269,
            "total_fuel_L": 53802.26211652231,
            "mission_fuel_L": 53270.922338142416,
            "reserve_fuel_L": 531.3397783798855,
            "max_fuel_L": 59182.48832817454
        },
        "ferry": {
            "MTOW": 791018.6053909217,
            "total_fuel": 145386.06990938768,
            "OEW": 640672.2668761432,
            "EW": 640502.2668761432,
            "ZFW": 645632.535481534,
            "MTOM": 80633.90472894207,
            "S": 158.20566885378932,
            "b": 28.12522611942785,
            "MAC": 5.625045223885571,
            "fuel_economy": 0,
            "h_b": 0.1422210787929257,
            "k": 1.3763042669580579,
            "WP": 0.08175298277664124,
            "TW": null,
            "WS": 4999.962615982123,
            "P": 9675715.533854924,
            "T": null,
            "LD": 19.425335601488573,
            "max_fuel": 159924.67690032645,
            "mission_fuel": 143892.48783519937,
            "reserve_fuel": 1493.5820741883072,
            "Mff": 0.8162039819056622,
            "fuel_mission": 116627.08222187468,
            "fuel_reserve": 2339.5820760255447,
            "max_fuel_L": 19880.743504677463,
            "total_fuel_L": 18073.40318607042,
            "mission_fuel_L": 17887.731264165406,
            "reserve_fuel_L": 185.6719219050132
        },
        "altitude": {
            "MTOW": 2558669.3290656246,
            "OEW": 1264923.701504098,
            "EW": 1264498.701504098,
            "ZFW": 2154551.6208331636,
            "MTOM": 260822.56157651625,
            "S": 511.73580113974845,
            "b": 50.58338665707094,
            "MAC": 10.116677331414188,
            "h_b": 0.07907734662208207,
            "k": 1.6085913458746834,
            "WP": 0.08118668247257665,
            "TW": null,
            "WS": 4999.962615982123,
            "P": 31515874.90879302,
            "T": null,
            "LD": 22.756074530795225,
            "Mff": 0.8420594237630398,
            "total_fuel": 404117.7082324612,
            "mission_fuel": 333612.63721154875,
            "reserve_fuel": 70505.07102091244,
            "max_fuel": 444529.47905570734,
            "fuel_economy": 0.14636162423296079,
            "max_fuel_L": 55260.86858304211,
            "total_fuel_L": 50237.153257311,
            "mission_fuel_L": 41472.44439615484,
            "reserve_fuel_L": 8764.708861156167
        },
        "max": {
            "MTOM": 265349.0051118943,
            "S": 520.5921084574364,
            "b": 51.019217382151034,
            "MAC": 10.203843476430206,
            "fuel_economy": 0.07795121122721269,
            "OEW": 1280605.2594898066,
            "total_fuel": 432796.1569177287,
            "max_fuel": 476075.7726095016,
            "mission_fuel": 428521.95347248524,
            "reserve_fuel": 70505.07102091244,
            "Mff": 0.8162039819056622,
            "LD": 22.81380675134853,
            "MTOW": 2603073.740147683,
            "total_fuel_L": 53802.26211652231,
            "mission_fuel_L": 53270.922338142416,
            "reserve_fuel_L": 8764.708861156167,
            "max_fuel_L": 59182.48832817454
        },
        "wing_design": {
            "taper_ratio": 0.4,
            "sweep_c_4": 0,
            "dihedral": 5,
            "sweep_x_c": 4.899092453787766,
            "chord_root": 14.576919252043153,
            "chord_tip": 5.830767700817262,
            "y_MAC": 10.932689439032366,
            "X_LEMAC": 30.031268435106355,
            "X_LE": 29.09418076890358,
            "MAC": 10.828568587232056,
            "S": 520.5921084574364,
            "b": 51.019217382151034,
            "aspect_ratio": 5
        },
        "cg_range": {
            "most_aft_cg": 32.11396779493635,
            "most_aft_mission": "DESIGN_OEW_PAYLOAD_FUEL",
            "most_forward_cg": 30.031268435106355,
            "most_forward_mission": "DESIGN_OEW"
        },
        "empennage_design": {
            "vertical_tail": {
                "S": 61.94081143341091,
                "l_v": 35.96214523661134,
                "mac": 10.731668352743815,
                "b": 9.639046485525233,
                "chord_root": 9.414785713456714,
                "chord_tip": 3.4372762672436,
                "sweep": 25.938031088089183,
                "taper": 0.36509341496011344,
                "MAC": 6.889388792820854,
                "aspect_ratio": 1.5,
                "LE_pos": 65.36338537430917,
                "relative_pos_mac/4": 0.906736432777081,
                "sweep_c_4": 10
            },