{
    "design_id": 3,
    "requirements": {
        "design_range": 3704000,
        "design_payload": 90000,
        "design_crew": 425,
        "ferry_range": 12038000,
        "ferry_payload": 0,
        "ferry_crew": 425,
        "altitude_range_WIG": 943600,
        "altitude_range_WOG": 538000,
        "altitude_payload": 90000,
        "altitude_crew": 425,
        "cruise_speed": 115.749,
        "stall_speed_clean": 77.16,
        "stall_speed_takeoff": 61.728,
        "stall_speed_landing": 51.44,
        "high_altitude": 3048.0,
        "cargo_width": 3.5,
        "cargo_height": 4,
        "cargo_length": 7.32,
        "cargo_density": 160
    },
    "inputs": {
        "cruise_altitude": 6,
        "aircraft_type": "PROP",
        "n_wings": 1,
        "n_fuselages": 1,
        "depth": 0.2,
        "jet_consumption": 2.7e-05,
        "prop_consumption": 2.18e-08,
        "prop_efficiency": 0.82,
        "Cd0": 0.028115017191112573,
        "oswald_factor": 0.85,
        "aspect_ratio": 10,
        "Cl_alpha": 5.0,
        "tfo": 0.001,
        "reserve_fuel": 0,
        "n_engines": 8,
        "CLmax_clean": 1.5,
        "CLmax_takeoff": 1.6,
        "CLmax_landing": 1.8,
        "L": 128.07452714971828,
        "r_fuselage": 4.416363005162699,
        "r_float": 1.5,
        "k": 1.5519880990849444,
        "upsweep": 11,
        "d_fuselage": 8.832726010325398,
        "l_fuselage": 75.07817108776588,
        "l_tailcone": 39.747267046464295,
        "l_nose": 13.249089015488098
    },
    "design": {
        "take_off_power": 141515408.18152842,
        "take_off_thrust": null,
        "MTOM": 271295.5054247321,
        "MTOW": 2661408.908216622,
        "OEW": 1301206.5082934122,
        "ZFW": 2190937.167201629,
        "EW": 1300781.5082934122,
        "Fuel": 470471.74101499317,
        "Fuel_used": 470471.74101499317,
        "Fuel_reserve": 0.0,
        "S": 798.6069866520369,
        "b": 89.36481335805703,
        "MAC": 8.936481335805704,
        "h_b": 0.06714051956847786,
        "k": 1.5688826583760584,
        "WP": 0.078321684164432,
        "TW": null,
        "WS": 3332.4524300554363,
        "fuel_economy": 0.1754434647148841,
        "design_payload": 90000,
        "P": 33980486.20391184,
        "T": null,
        "Re": 8284504623.246209,
        "Cd": 0.0011961923747502632,
        "hull_surface": 712.5773794425086,
        "stall_speed_clean": 77.16,
        "LD": 15.40938218960205,
        "V_lof": 64.8144
    },
    "ferry": {
        "take_off_power": 141515408.18152842,
        "take_off_thrust": null,
        "MTOM": 81765.52932311886,
        "MTOW": 802119.842659796,
        "OEW": 644592.7038710897,
        "ZFW": 649564.0737137496,
        "EW": 644167.7038710897,
        "Fuel": 152555.76894604636,
        "Fuel_used": 152555.76894604636,
        "Fuel_reserve": 0.0,
        "S": 240.68724049267507,
        "aspect_ratio": 10,
        "b": 49.059885904135065,
        "MAC": 4.905988590413507,
        "cruise_altitude": 7,
        "h_b": 0.12229950986278758,
        "k": 1.3259995429886517,
        "WP": 0.078321684164432,
        "TW": null,
        "WS": 3332.4524300554363,
        "ferry_payload": 0,
        "P": 10241350.798532246,
        "T": null,
        "Re": 8284504623.246209,
        "Cd": 0.0011961923747502632,
        "hull_surface": 712.5773794425086,
        "stall_speed_clean": 77.16,
        "LD": 15.40938218960205,
        "V_lof": 64.8144
    },
    "altitude": {
        "take_off_power": 141515408.18152842,
        "take_off_thrust": null,
        "MTOM": 252678.3708130601,
        "MTOW": 2478774.8176761195,
        "OEW": 1236708.7025307047,
        "ZFW": 2126256.7273483807,
        "EW": 1236283.7025307047,
        "Fuel": 352518.09032773867,
        "Fuel_used": 352518.09032773867,
        "Fuel_reserve": 0.0,
        "S": 743.8052474856798,
        "aspect_ratio": 10,
        "b": 86.24414458301966,
        "MAC": 8.624414458301965,
        "cruise_altitude": 7,
        "h_b": 0.06956994041751237,
        "k": 1.5519880990849444,
        "WP": 0.078321684164432,
        "TW": null,
        "WS": 3332.4524300554363,
        "fuel_economy": 0.3286435175061981,
        "altitude_payload": 90000,
        "P": 31648640.40042947,
        "T": null,
        "Re": 8284504623.246209,
        "Cd": 0.0011961923747502632,
        "hull_surface": 712.5773794425086,
        "stall_speed_clean": 77.16,
        "LD": 15.40938218960205,
        "V_lof": 64.8144
    },
    "max": {
        "MTOM": 271295.5054247321,
        "S": 798.6069866520369,
        "b": 89.36481335805703,
        "MAC": 8.936481335805704,
        "fuel_economy": 0.1754434647148841
    },
    "hull_surface": 251.32741228718345,
    "kinematic_viscosity": 1.002e-06,
    "rho_water": 1000.0,
    "V_lof": 64.8144,
    "LD": 20.43312933822085
}