{
    "design_id": 3,
    "aircraft_type": "PROP",
    "cruise_altitude": 7,
    "n_wings": 1,
    "design_range": 3704000,
    "design_payload": 90000,
    "design_crew": 425,
    "ferry_range": 12038000,
    "ferry_payload": 0,
    "ferry_crew": 425,
    "altitude_range_WIG": 943600,
    "altitude_range_WOG": 538000,
    "altitude_payload": 90000,
    "altitude_crew": 425,
    "cruise_speed": 115.749,
    "jet_consumption": 2.7e-05,
    "prop_consumption": 2.18e-08,
    "prop_efficiency": 0.82,
    "Cd0": 0.02,
    "oswald_factor": 0.85,
    "aspect_ratio": 10,
    "Cl_alpha": 5.0,
    "tfo": 0.001,
    "reserve_fuel": 0,
    "k": 1.4757641742981342,
    "n_engines": 8,
    "CLmax_clean": 1.5,
    "CLmax_takeoff": 1.6,
    "CLmax_landing": 1.8,
    "stall_speed_clean": 77.16,
    "stall_speed_takeoff": 61.728,
    "stall_speed_landing": 51.44,
    "high_altitude": 3048.0,
    "L": 70,
    "r": 4,
    "design": {
        "take_off_power": 53392355.25717556,
        "take_off_thrust": null,
        "MTOM": 260940.59976314925,
        "MTOW": 2559827.2836764944,
        "OEW": 1272061.7141149782,
        "ZFW": 2154961.7141149784,
        "EW": 1267892.4641149782,
        "Fuel": 404865.5695615161,
        "Fuel_used": 404865.5695615161,
        "Fuel_reserve": 0.0,
        "S": 768.2089714424337,
        "aspect_ratio": 10,
        "b": 87.6475311370739,
        "MAC": 8.764753113707389,
        "cruise_altitude": 7,
        "h_b": 0.07986534143275008,
        "k": 1.4894947783862913,
        "WP": 0.1013906496250647,
        "TW": null,
        "WS": 3332.132469647425,
        "fuel_economy": 0.15097828854586545,
        "design_payload": 90000,
        "P": 25247173.118453734,
        "T": null,
        "Fuel_max": 445352.1265176678
    },
    "ferry": {
        "take_off_power": 53392355.25717556,
        "take_off_thrust": null,
        "MTOM": 78228.30974851608,
        "MTOW": 767419.7186329429,
        "OEW": -245625.08478002774,
        "ZFW": 637274.9152199723,
        "EW": -249794.33478002774,
        "Fuel": 130144.80341297064,
        "Fuel_used": 130144.80341297064,
        "Fuel_reserve": 0.0,
        "S": 230.3027789271083,
        "aspect_ratio": 10,
        "b": 47.98987173634748,
        "MAC": 4.798987173634749,
        "cruise_altitude": 7,
        "h_b": 0.1458641114620485,
        "k": 1.270567764905419,
        "WP": 0.10041367403975861,
        "TW": null,
        "WS": 3332.132469647425,
        "ferry_payload": 0,
        "P": 7642581.809416559,
        "T": null,
        "Fuel_max": 143159.2837542677
    },
    "altitude": {
        "take_off_power": 53392355.25717556,
        "take_off_thrust": null,
        "MTOM": 244842.41827368923,
        "MTOW": 2401904.1232648916,
        "OEW": 1216132.7281945087,
        "ZFW": 2099032.7281945087,
        "EW": 1211963.4781945087,
        "Fuel": 302871.3950703828,
        "Fuel_used": 302871.3950703828,
        "Fuel_reserve": 0.0,
        "S": 720.8149603314785,
        "aspect_ratio": 10,
        "b": 84.90082215923934,
        "MAC": 8.490082215923932,
        "cruise_altitude": 7,
        "h_b": 0.08244914268169103,
        "k": 1.4757641742981342,
        "WP": 0.1013906496250647,
        "TW": null,
        "WS": 3332.132469647425,
        "fuel_economy": 0.2823591848446698,
        "altitude_payload": 90000,
        "P": 23689601.87302241,
        "T": null,
        "Fuel_max": 333158.5345774211
    },
    "hull_surface": 251.32741228718345,
    "kinematic_viscosity": 1.002e-06,
    "rho_water": 1000.0
}