{
    "design_id": 4,
    "inputs": {
        "cruise_altitude": 4,
        "aircraft_type": "PROP",
        "wing_type": "LOW",
        "tail_type": "NONE",
        "n_wings": 2,
        "n_fuselages": 1,
        "depth": 0.05,
        "jet_consumption": 2.7e-05,
        "prop_consumption": 2.1e-08,
        "prop_efficiency": 0.85,
        "Cd0": 0.02639967047871812,
        "oswald_factor": 0.85,
        "aspect_ratio": 6,
        "aspect_h": 4.5,
        "aspect_v": 1.5,
        "sweep_h": 21,
        "sweep_hc4": 30,
        "taper_h": 0.3,
        "sweep_v": 33,
        "taper_v": 0.29,
        "Cl_alpha": 5.0,
        "tfo": 0.001,
        "n_engines": 5.0,
        "CLmax_clean": 1.5,
        "CLmax_takeoff": 1.7,
        "CLmax_landing": 1.7,
        "CL_hydro": 0.5,
        "r_float": 1.5,
        "upsweep": 11,
        "xcg_OEW": 0.45,
        "xcg_payload": 0.55,
        "V_h": 0.9,
        "V_v": 0.083867,
        "k": 1.4662715103188428,
        "xc_OEW": 0.2,
        "xc_wing": 0.4,
        "xc_fuselage": 0.4,
        "mf_wing": 0.12,
        "mf_fuselage": 0.2,
        "engine_power": 8202000
    },
    "requirements": {
        "design_range": 3704000,
        "design_payload": 90000,
        "design_crew": 425,
        "ferry_range": 12038000,
        "reserve_range": 185200,
        "ferry_payload": 0,
        "ferry_crew": 170,
        "altitude_range_WIG": 943600,
        "altitude_range_WOG": 538000,
        "altitude_payload": 90000,
        "altitude_crew": 425,
        "cruise_speed": 115.749,
        "stall_speed_clean": 77.16,
        "stall_speed_takeoff": 61.9,
        "stall_speed_landing": 61.9,
        "stall_speed_high": 82.3,
        "high_altitude": 3048.0,
        "cargo_width": 3.5,
        "cargo_height": 4,
        "cargo_length": 7.32,
        "cargo_density": 160
    },
    "outputs": {
        "general": {
            "d_fuselage": 8.832726010325398,
            "r_fuselage": 4.416363005162699,
            "l_fuselage": 75.07817108776588,
            "l_tailcone": 39.747267046464295,
            "l_nose": 13.249089015488098,
            "l_cargo_straight": 15.316351424067726,
            "Re": 4850602117.146465,
            "Cd_water": 0.0012696487711144299,
            "hull_surface": 50.9373226662635,
            "take_off_power": 10445052.655311173,
            "take_off_thrust": null,
            "V_lof": 64.995,
            "LD_g": 12.317732706639665
        },
        "design": {
            "MTOW": 2700962.3996851137,
            "total_fuel": 496017.2385851803,
            "OEW": 1315174.948700248,
            "EW": 1314749.948700248,
            "ZFW": 2204945.1610999336,
            "MTOM": 275327.4617416018,
            "S": 758.4472088264423,
            "b": 47.70054115499453,
            "MAC": 15.900180384998176,
            "fuel_economy": 0.08823363572945549,
            "h_b": 0.08385649099876462,
            "k": 1.4685683184479428,
            "WP": 0.07590211392804731,
            "TW": null,
            "WS": 3561.1738935188127,
            "P": 35584811.27739784,
            "T": null,
            "LD": 18.08943200808104,
            "max_fuel": 545618.9624436984,
            "mission_fuel": 485047.6259381905,
            "reserve_fuel": 10969.612646989815,
            "Mff": 0.8163553707215593
        },
        "ferry": {
            "MTOW": 846706.4890874127,
            "total_fuel": 181351.9137538138,
            "OEW": 660338.6188445115,
            "EW": 660168.6188445115,
            "ZFW": 665354.5753335989,
            "MTOM": 86310.54934632138,
            "S": 237.7605010045656,
            "b": 26.707330510811012,
            "MAC": 8.90244350360367,
            "fuel_economy": 0,
            "h_b": 0.1497716141409497,
            "k": 1.2628323008950473,
            "WP": 0.07590211392804734,
            "TW": null,
            "WS": 3561.1738935188127,
            "P": 11155242.525788704,
            "T": null,
            "LD": 15.555230735735947,
            "max_fuel": 199487.1051291952,
            "mission_fuel": 177500.9374970706,
            "reserve_fuel": 3850.97625674319,
            "Mff": 0.7858149003330819
        },
        "altitude": {
            "MTOW": 2466449.4426061204,
            "total_fuel": 344557.7857575813,
            "OEW": 1232355.9574059327,
            "EW": 1231930.9574059327,
            "ZFW": 2121891.656848539,
            "MTOM": 251421.96152967587,
            "S": 692.5944973074623,
            "b": 45.58271044949375,
            "MAC": 15.194236816497918,
            "fuel_economy": 0.14647144605597426,
            "h_b": 0.08775257023015455,
            "k": 1.4496105260524534,
            "WP": 0.07590211392804734,
            "TW": null,
            "WS": 3561.1738935188127,
            "P": 32495135.049126983,
            "T": null,
            "LD": 17.855914988645438,
            "max_fuel": 379013.56433333945,
            "mission_fuel": 333862.9620367269,
            "reserve_fuel": 10694.823720854416,
            "Mff": 0.8603021088510487
        },
        "max": {
            "MTOM": 275327.4617416018,
            "S": 758.4472088264423,
            "b": 47.70054115499453,
            "MAC": 15.900180384998176,
            "fuel_economy": 0.08823363572945549,
            "OEW": 1315174.948700248,
            "total_fuel": 496017.2385851803,
            "max_fuel": 545618.9624436984,
            "mission_fuel": 485047.6259381905,
            "reserve_fuel": 10969.612646989815,
            "Mff": 0.7858149003330819,
            "MTOW": 1744319.4513770815,
            "LD": 18.08943200808104
        },
        "wing_design": {
            "taper_ratio": 0.4,
            "sweep_c_4": 0,
            "dihedral": 5,
            "sweep_x_c": 4.085616779974877,
            "chord_root": 22.714543407140514,
            "chord_tip": 9.085817362856206,
            "y_MAC": 10.221544533213232,
            "X_LEMAC": 28.681375569767717,
            "X_LE": 27.95126524596677,
            "MAC": 16.873660816732954,
            "S": 758.4472088264596,
            "b": 47.70054115499507,
            "aspect_ratio": 6
        },
        "cg_range": {
            "most_aft_cg": 36.9189120356628,
            "most_aft_mission": "ALTITUDE_OEW_PAYLOAD",
            "most_forward_cg": 33.785176989494644,
            "most_forward_mission": "DESIGN_OEW"
        },
        "empennage_design": {
            "S_h": 354.0943590720161,
            "S_v": 98.98943870764256,
            "l_h": 30.65144194332649,
            "l_v": 30.65144194332649
        }
    },
    "kinematic_viscosity": 1.006e-06,
    "rho_water": 1000,
    "viscosity_air": 1.48e-05,
    "rho_air": 1.225
}