{
    "design_id": 4,
    "inputs": {
        "cruise_altitude": 4,
        "aircraft_type": "PROP",
        "wing_type": "LOW",
        "n_wings": 2,
        "n_fuselages": 1,
        "depth": 0.05,
        "jet_consumption": 2.7e-05,
        "prop_consumption": 2.1e-08,
        "prop_efficiency": 0.85,
        "Cd0": 0.026399669017269967,
        "oswald_factor": 0.85,
        "aspect_ratio": 6,
        "Cl_alpha": 5.0,
        "tfo": 0.001,
        "n_engines": 8,
        "CLmax_clean": 1.5,
        "CLmax_takeoff": 1.7,
        "CLmax_landing": 1.7,
        "CL_hydro": 0.5,
        "r_float": 1.5,
        "upsweep": 11,
        "xcg_OEW": 0.45,
        "xcg_payload": 0.55,
        "V_h": 0.9,
        "V_v": 0.083867,
        "k": 1.4662715103188428,
        "xc_OEW": 0.2,
        "xc_wing": 0.4,
        "xc_fuselage": 0.4,
        "mf_wing": 0.12,
        "mf_fuselage": 0.2
    },
    "requirements": {
        "design_range": 3704000,
        "design_payload": 90000,
        "design_crew": 425,
        "ferry_range": 12038000,
        "reserve_range": 185200,
        "ferry_payload": 0,
        "ferry_crew": 170,
        "altitude_range_WIG": 943600,
        "altitude_range_WOG": 538000,
        "altitude_payload": 90000,
        "altitude_crew": 425,
        "cruise_speed": 115.749,
        "stall_speed_clean": 77.16,
        "stall_speed_takeoff": 61.9,
        "stall_speed_landing": 61.9,
        "stall_speed_high": 82.3,
        "high_altitude": 3048.0,
        "cargo_width": 3.5,
        "cargo_height": 4,
        "cargo_length": 7.32,
        "cargo_density": 160
    },
    "outputs": {
        "general": {
            "d_fuselage": 8.832726010325398,
            "r_fuselage": 4.416363005162699,
            "l_fuselage": 75.07817108776588,
            "l_tailcone": 39.747267046464295,
            "l_nose": 13.249089015488098,
            "l_cargo_straight": 15.316351424067726,
            "Re": 4850602117.146465,
            "Cd_water": 0.0012696487711144299,
            "hull_surface": 50.9373226662635,
            "take_off_power": 10445052.655311173,
            "take_off_thrust": null,
            "V_lof": 64.995,
            "LD_g": 12.31773304758575
        },
        "design": {
            "MTOW": 2700962.4425421297,
            "total_fuel": 496017.2662642486,
            "OEW": 1315174.9638353386,
            "EW": 1314749.9638353386,
            "ZFW": 2204945.176277881,
            "MTOM": 275327.46611030883,
            "S": 758.4472282173982,
            "b": 47.70054176476609,
            "MAC": 15.900180588255367,
            "fuel_economy": 0.08823364057409375,
            "h_b": 0.08385648992679978,
            "k": 1.4685683238559555,
            "WP": 0.07590210488416256,
            "TW": null,
            "WS": 3561.1738935188127,
            "P": 35584816.08203334,
            "T": null,
            "LD": 18.089430410688127,
            "max_fuel": 545618.9928906735,
            "mission_fuel": 485047.6525706677,
            "reserve_fuel": 10969.613693580905,
            "Mff": 0.8163553633876522
        },
        "ferry": {
            "MTOW": 846706.4813249232,
            "total_fuel": 181351.9087404345,
            "OEW": 660338.6161031637,
            "EW": 660168.6161031637,
            "ZFW": 665354.5725844887,
            "MTOM": 86310.54855503804,
            "S": 237.76049844311348,
            "b": 26.707330366948707,
            "MAC": 8.902443455649568,
            "fuel_economy": 0,
            "h_b": 0.14977161494771285,
            "k": 1.2628322993340433,
            "WP": 0.07590211664936741,
            "TW": null,
            "WS": 3561.1738935188127,
            "P": 11155242.023569837,
            "T": null,
            "LD": 15.555231147065644,
            "max_fuel": 199487.09961447798,
            "mission_fuel": 177500.9326017289,
            "reserve_fuel": 3850.9761387055914,
            "Mff": 0.7858149042904978
        },
        "altitude": {
            "MTOW": 2466449.4369240645,
            "total_fuel": 344557.78208784363,
            "OEW": 1232355.9553992967,
            "EW": 1231930.9553992967,
            "ZFW": 2121891.6548362207,
            "MTOM": 251421.9609504653,
            "S": 692.5944957068291,
            "b": 45.582710396821376,
            "MAC": 15.194236798940457,
            "fuel_economy": 0.14647144457910047,
            "h_b": 0.08775257033155563,
            "k": 1.4496105255765417,
            "WP": 0.07590211664936741,
            "TW": null,
            "WS": 3561.1738935188127,
            "P": 32495133.80921796,
            "T": null,
            "LD": 17.855915477022315,
            "max_fuel": 379013.56029662804,
            "mission_fuel": 333862.95867038163,
            "reserve_fuel": 10694.823417462001,
            "Mff": 0.8603021100170838
        },
        "max": {
            "MTOM": 275327.46611030883,
            "S": 758.4472282173982,
            "b": 47.70054176476609,
            "MAC": 15.900180588255367,
            "fuel_economy": 0.08823364057409375,
            "OEW": 1315174.9638353386,
            "total_fuel": 496017.2662642486,
            "max_fuel": 545618.9928906735,
            "mission_fuel": 485047.6525706677,
            "reserve_fuel": 10969.613693580905,
            "Mff": 0.7858149042904978,
            "MTOW": 1744319.4513770815,
            "LD": 18.089430410688127
        },
        "wing_design": {
            "taper_ratio": 0.4,
            "sweep_c_4": 0,
            "dihedral": 5,
            "sweep_x_c": 4.085616779974877,
            "chord_root": 22.714541892572587,
            "chord_tip": 9.085816757029034,
            "y_MAC": 10.221543851657666,
            "X_LEMAC": 28.681375659776325,
            "X_LE": 27.95126538465792,
            "MAC": 16.87365969162535,
            "S": 758.4471076824697,
            "b": 47.70053797440244,
            "aspect_ratio": 6
        },
        "cg_range": {
            "most_aft_cg": 36.91891224227255,
            "most_aft_mission": "ALTITUDE_OEW_PAYLOAD",
            "most_forward_cg": 33.785176989494644,
            "most_forward_mission": "DESIGN_OEW"
        },
        "empennage_design": {
            "S_h": 354.0942906275699,
            "S_v": 98.98941957354133,
            "l_h": 30.65144173671674,
            "l_v": 30.65144173671674
        }
    },
    "kinematic_viscosity": 1.006e-06,
    "rho_water": 1000,
    "viscosity_air": 1.48e-05,
    "rho_air": 1.225
}