{
    "design_id": 4,
    "requirements": {
        "design_range": 3704000,
        "design_payload": 90000,
        "design_crew": 425,
        "ferry_range": 12038000,
        "reserve_range": 185200,
        "ferry_payload": 0,
        "ferry_crew": 425,
        "altitude_range_WIG": 943600,
        "altitude_range_WOG": 538000,
        "altitude_payload": 90000,
        "altitude_crew": 425,
        "cruise_speed": 115.749,
        "stall_speed_clean": 77.16,
        "stall_speed_takeoff": 61.728,
        "stall_speed_landing": 51.44,
        "stall_speed_high": 82.3,
        "high_altitude": 3048.0,
        "cargo_width": 3.5,
        "cargo_height": 4,
        "cargo_length": 7.32,
        "cargo_density": 160
    },
    "inputs": {
        "cruise_altitude": 5,
        "aircraft_type": "PROP",
        "wing_type": "HIGH",
        "n_wings": 2,
        "n_fuselages": 1,
        "depth": 0.05,
        "jet_consumption": 2.7e-05,
        "prop_consumption": 2.18e-08,
        "prop_efficiency": 0.82,
        "Cd0": 0.023484175557793377,
        "oswald_factor": 0.85,
        "aspect_ratio": 6,
        "Cl_alpha": 5.0,
        "tfo": 0.001,
        "reserve_fuel": 0,
        "n_engines": 8,
        "CLmax_clean": 1.5,
        "CLmax_takeoff": 1.6,
        "CLmax_landing": 1.8,
        "r_float": 1.5,
        "k": 1.3772324688477224,
        "upsweep": 11,
        "V_h": 3.662649875,
        "V_v": 0.273372017
    },
    "outputs": {
        "general": {
            "d_fuselage": 8.832726010325398,
            "r_fuselage": 4.416363005162699,
            "l_fuselage": 75.07817108776588,
            "l_tailcone": 39.747267046464295,
            "l_nose": 13.249089015488098,
            "L": 128.07452714971828,
            "l_cargo_straight": 15.316351424067726,
            "LD": 13.059975721072268,
            "Re": 4856433744.661571,
            "Cd": 0.0012694763866858833,
            "hull_surface": 101.58680442362811,
            "V_lof": 64.8144
        },
        "design": {
            "take_off_power": 21410785.135613106,
            "take_off_thrust": null,
            "MTOM": 278747.04386929667,
            "MTOW": 2734508.5003578006,
            "OEW": 1333925.6185788703,
            "ZFW": 2216825.6185788703,
            "EW": 1329756.3685788703,
            "Fuel": 517682.88177893026,
            "Fuel_used": 517682.88177893026,
            "Fuel_reserve": 0.0,
            "S": 820.4359107652293,
            "b": 49.611568532910624,
            "MAC": 16.53718951097021,
            "h_b": 0.10078294534636957,
            "k": 1.3949091653749177,
            "WP": 0.07745536694056192,
            "TW": null,
            "WS": 3332.77241396741,
            "fuel_economy": 0.18834044482088655,
            "design_payload": 90000,
            "P": 35304312.77223464,
            "T": null,
            "Re": 4856433744.661571,
            "Cd": 0.0012698173027415375,
            "hull_surface": 101.34572461062017,
            "stall_speed_clean": 77.16,
            "LD": 13.059975721072268,
            "V_lof": 64.8144,
            "fuel_used": 517682.88177893026,
            "fuel_res": 0.0,
            "fuel": 517682.88177893026
        },
        "ferry": {
            "take_off_power": 21410785.135613106,
            "take_off_thrust": null,
            "MTOM": 88002.8863468929,
            "MTOW": 863308.3150630194,
            "OEW": -211665.83557494843,
            "ZFW": 671234.1644250515,
            "EW": -215835.08557494843,
            "Fuel": 192074.15063796783,
            "Fuel_used": 192074.15063796783,
            "Fuel_reserve": 0.0,
            "S": 259.0173834951257,
            "b": 27.875655157957762,
            "MAC": 9.291885052652587,
            "h_b": 0.17936798154760614,
            "k": 1.2139764914897426,
            "WP": 0.07745536694056192,
            "TW": null,
            "WS": 3332.77241396741,
            "ferry_payload": 0,
            "P": 11145881.159216626,
            "T": null,
            "Re": 4856433744.661571,
            "Cd": 0.0012698173027415375,
            "hull_surface": 101.34572461062017,
            "stall_speed_clean": 77.16,
            "LD": 13.059975721072268,
            "fuel_used": 192074.15063796783,
            "fuel_res": 0.0,
            "fuel": 192074.15063796783
        },
        "altitude": {
            "take_off_power": 21410785.135613106,
            "take_off_thrust": null,
            "MTOM": 253537.46113815493,
            "MTOW": 2487202.4937653,
            "OEW": 1246341.4154467294,
            "ZFW": 2129241.4154467294,
            "EW": 1242172.1654467294,
            "Fuel": 357961.07831857086,
            "Fuel_used": 357961.07831857086,
            "Fuel_reserve": 0.0,
            "S": 746.2442110237342,
            "b": 47.31524736352123,
            "MAC": 15.771749121173743,
            "cruise_altitude": 5,
            "h_b": 0.10567418070511587,
            "k": 1.3772324688477224,
            "WP": 0.07745536694056192,
            "TW": null,
            "WS": 3332.77241396741,
            "fuel_economy": 0.2966381108733191,
            "altitude_payload": 90000,
            "P": 32111428.71060106,
            "T": null,
            "Re": 4856433744.661571,
            "Cd": 0.0012698173027415375,
            "hull_surface": 101.34572461062017,
            "stall_speed_clean": 77.16,
            "LD": 13.059975721072268,
            "V_lof": 64.8144,
            "fuel_used": 357961.07831857086,
            "fuel_res": 0.0,
            "fuel": 357961.07831857086
        },
        "max": {
            "MTOM": 278747.04386929667,
            "S": 820.4359107652293,
            "b": 49.611568532910624,
            "MAC": 16.53718951097021,
            "fuel_economy": 0.18834044482088655,
            "LD": 13.059975721072268
        },
        "wing_design": {
            "taper_ratio": 0.4,
            "sweep_c_4": 0,
            "dihedral": 1,
            "sweep_x_c": 4.085616779974877,
            "chord_root": 23.624556444243158,
            "chord_tip": 9.449822577697264,
            "y_MAC": 10.63105039990942,
            "X_LEMAC": 21.056440000000002,
            "X_LE": 20.297079257149328,
            "MAC": 17.549670501437774,
            "S": 820.4359107652293,
            "b": 49.611568532910624,
            "aspect_ratio": 6
        }
    },
    "gravitational_acceleration": 9.81,
    "kinematic_viscosity": 1.002e-06,
    "rho_water": 1000.0
}