{
    "design_id": 2,
    "requirements": {
        "design_range": 3704000,
        "design_payload": 90000,
        "design_crew": 425,
        "ferry_range": 12038000,
        "ferry_payload": 0,
        "ferry_crew": 425,
        "altitude_range_WIG": 943600,
        "altitude_range_WOG": 538000,
        "altitude_payload": 90000,
        "altitude_crew": 425,
        "cruise_speed": 115.749,
        "stall_speed_clean": 77.16,
        "stall_speed_takeoff": 61.728,
        "stall_speed_landing": 51.44,
        "high_altitude": 3048.0,
        "cargo_width": 3.5,
        "cargo_height": 4,
        "cargo_length": 7.32,
        "cargo_density": 160
    },
    "inputs": {
        "cruise_altitude": 5,
        "aircraft_type": "PROP",
        "n_wings": 1,
        "n_fuselages": 2,
        "depth": 0.2,
        "jet_consumption": 2.7e-05,
        "prop_consumption": 2.18e-08,
        "prop_efficiency": 0.82,
        "Cd0": 0.02422111472806403,
        "oswald_factor": 0.85,
        "aspect_ratio": 10,
        "tfo": 0.001,
        "reserve_fuel": 0,
        "n_engines": 8,
        "CLmax_clean": 1.5,
        "CLmax_takeoff": 1.6,
        "CLmax_landing": 1.8,
        "L": 89.96966946297863,
        "r_fuselage": 3.1024023952751247,
        "r_float": 3.1,
        "k": 1.6405131236892263,
        "upsweep": 11,
        "d_fuselage": 6.2048047905502495,
        "l_fuselage": 52.740840719677124,
        "l_tailcone": 27.921621557476122,
        "l_nose": 9.307207185825375
    },
    "design": {
        "MTOW": 2616835.1948333983,
        "fuel_used": 439780.7189899248,
        "fuel_res": 0.0,
        "fuel": 439780.7189899248,
        "OEW": 1285465.1606654555,
        "ZFW": 2175151.2458602893,
        "EW": 1285040.1606654555,
        "MTOM": 266751.8037546787,
        "WS": 3332.77241396741,
        "Fuel": 441683.94897310913,
        "Fuel_used": 441683.94897310913,
        "Fuel_reserve": 0.0,
        "S": 785.1642092798554,
        "b": 88.60949211455032,
        "MAC": 8.860949211455031,
        "h_b": 0.0564273632618978,
        "fuel_economy": 0.16470821849919534,
        "TW": null,
        "WP": 0.08792647788303459,
        "take_off_thrust": null,
        "take_off_power": 213646625.11546907,
        "k": 1.6563836125460398,
        "design_payload": 90000,
        "P": 29761628.781656414,
        "T": null,
        "Re": 5819690762.915451,
        "Cd": 0.001243911662176466,
        "hull_surface": 517.2563544008758,
        "stall_speed_clean": 77.16,
        "LD": 16.6018826655351,
        "V_lof": 64.8144
    },
    "ferry": {
        "take_off_power": 213646625.11546907,
        "take_off_thrust": null,
        "MTOM": 79331.80959759184,
        "MTOW": 778245.0521523759,
        "OEW": 636161.2462159735,
        "ZFW": 641108.741268126,
        "EW": 635736.2462159735,
        "Fuel": 137136.31088425,
        "Fuel_used": 137136.31088425,
        "Fuel_reserve": 0.0,
        "S": 233.5030950376943,
        "b": 48.32215796481923,
        "MAC": 4.832215796481924,
        "h_b": 0.1034722001372586,
        "k": 1.385021813402116,
        "WP": 0.08792647788303459,
        "TW": null,
        "WS": 3332.77241396741,
        "ferry_payload": 0,
        "P": 8851088.669645645,
        "T": null,
        "Re": 5819690762.915451,
        "Cd": 0.001243911662176466,
        "hull_surface": 517.2563544008758,
        "stall_speed_clean": 77.16,
        "LD": 16.6018826655351,
        "V_lof": 64.8144
    },
    "altitude": {
        "take_off_power": 213646625.11546907,
        "take_off_thrust": null,
        "MTOM": 251043.12157747263,
        "MTOW": 2462733.0226750067,
        "OEW": 1231043.491972233,
        "ZFW": 2120575.474994908,
        "EW": 1230618.491972233,
        "Fuel": 342157.5476800987,
        "Fuel_used": 342157.5476800987,
        "Fuel_reserve": 0.0,
        "S": 738.9238262097047,
        "b": 85.96067858094797,
        "MAC": 8.596067858094797,
        "h_b": 0.05816612993918574,
        "k": 1.6405131236892263,
        "WP": 0.08792647788303459,
        "TW": null,
        "WS": 3332.77241396741,
        "fuel_economy": 0.3189846509900774,
        "altitude_payload": 90000,
        "P": 28009003.45344313,
        "T": null,
        "Re": 5819690762.915451,
        "Cd": 0.001243911662176466,
        "hull_surface": 517.2563544008758,
        "stall_speed_clean": 77.16,
        "LD": 16.6018826655351,
        "V_lof": 64.8144
    },
    "max": {
        "MTOM": 266751.8037546787,
        "S": 785.1642092798554,
        "b": 88.60949211455032,
        "MAC": 8.860949211455031,
        "fuel_economy": 0.16470821849919534
    },
    "gravitational_acceleration": 9.81,
    "kinematic_viscosity": 1.002e-06,
    "rho_water": 1000.0,
    "V_lof": 64.8144,
    "LD": 16.6018826655351
}