{
    "design_id": 1,
    "aircraft_type": "PROP",
    "wing_type": "HIGH",
    "cruise_altitude": 4,
    "n_wings": 1,
    "n_fuselages": 1,
    "depth": 0.05,
    "design_range": 3704000,
    "design_payload": 90000,
    "design_crew": 425,
    "ferry_range": 12038000,
    "ferry_payload": 0,
    "ferry_crew": 425,
    "altitude_range_WIG": 943600,
    "altitude_range_WOG": 538000,
    "altitude_payload": 90000,
    "altitude_crew": 425,
    "cruise_speed": 115.749,
    "jet_consumption": 2.7e-05,
    "prop_consumption": 2.1e-08,
    "prop_efficiency": 0.82,
    "Cd0": 0.02434723936958912,
    "oswald_factor": 0.85,
    "aspect_ratio": 10,
    "Cl_alpha": 5.0,
    "tfo": 0.001,
    "reserve_fuel": 0,
    "k": 1.7070698328572314,
    "n_engines": 8,
    "CLmax_clean": 1.5,
    "CLmax_takeoff": 1.5,
    "CLmax_landing": 1.5,
    "stall_speed_clean": 77.16,
    "stall_speed_takeoff": 77.16,
    "stall_speed_landing": 77.16,
    "high_altitude": 3048.0,
    "L": 74.9,
    "r_fuselage": 4.4,
    "r_float": 4.4,
    "design": {
        "take_off_power": 119378064.39288813,
        "take_off_thrust": null,
        "MTOM": 258374.0977001222,
        "MTOW": 2534649.898438199,
        "OEW": 1256441.163733884,
        "ZFW": 2146045.063632322,
        "EW": 1256016.163733884,
        "Fuel": 388604.834805877,
        "Fuel_used": 388604.834805877,
        "Fuel_reserve": 0.0,
        "S": 640.2669453401072,
        "b": 80.01668234437787,
        "MAC": 8.001668234437785,
        "cruise_altitude": 4,
        "h_b": 0.04998957570853408,
        "k": 1.7223104468616917,
        "WP": 0.09480807888231751,
        "TW": null,
        "WS": 3958.6653998038614,
        "fuel_economy": 0.1449145032095042,
        "design_payload": 90000,
        "P": 26734534.950174294,
        "T": null,
        "Re": 6056135928.143713,
        "Cd": 0.0012383886905922182,
        "stall_speed_clean": 77.16,
        "hull_surface": 297.2807921911525,
        "LD": 16.558825930206265
    },
    "ferry": {
        "take_off_power": 119378064.39288813,
        "take_off_thrust": null,
        "MTOM": 77178.461779017,
        "MTOW": 757120.7100521568,
        "OEW": 628701.1181007212,
        "ZFW": 633627.4888107732,
        "EW": 628276.1181007212,
        "Fuel": 123493.22124138358,
        "Fuel_used": 123493.22124138358,
        "Fuel_reserve": 0.0,
        "S": 191.24957802769117,
        "b": 43.73209096621052,
        "MAC": 4.373209096621052,
        "cruise_altitude": 4,
        "h_b": 0.09146601298096149,
        "k": 1.4327503482828934,
        "WP": 0.09480807888231751,
        "TW": null,
        "WS": 3958.6653998038614,
        "ferry_payload": 0,
        "P": 7985824.826088382,
        "T": null,
        "Re": 6056135928.143713,
        "Cd": 0.0012383886905922182,
        "stall_speed_clean": 77.16,
        "hull_surface": 297.2807921911525,
        "LD": 16.558825930206265
    },
    "altitude": {
        "take_off_power": 119378064.39288813,
        "take_off_thrust": null,
        "MTOM": 244630.0328346299,
        "MTOW": 2399820.6221077195,
        "OEW": 1208825.779058693,
        "ZFW": 2098294.8496808005,
        "EW": 1208400.779058693,
        "Fuel": 301525.7724269191,
        "Fuel_used": 301525.7724269191,
        "Fuel_reserve": 0.0,
        "S": 606.2045750401971,
        "b": 77.85914044222407,
        "MAC": 7.785914044222406,
        "cruise_altitude": 4,
        "h_b": 0.05137482866213028,
        "k": 1.7070698328572314,
        "WP": 0.09480807888231751,
        "TW": null,
        "WS": 3958.6653998038614,
        "fuel_economy": 0.28110469558321727,
        "altitude_payload": 90000,
        "P": 25312406.394043133,
        "T": null,
        "Re": 6056135928.143713,
        "Cd": 0.0012383886905922182,
        "stall_speed_clean": 77.16,
        "hull_surface": 297.2807921911525,
        "LD": 16.558825930206265
    },
    "max": {
        "MTOM": 258374.0977001222,
        "S": 640.2669453401072,
        "b": 80.01668234437787,
        "MAC": 8.001668234437785,
        "fuel_economy": 0.1449145032095042,
        "LD": 16.558825930206265
    },
    "wing_design": {
        "taper_ratio": 0.4,
        "sweep_c_4": 0,
        "dihedral": 1,
        "sweep_x_c": 2.454031674527076,
        "chord_root": 11.562314278049922,
        "chord_tip": 4.624925711219968,
        "y_MAC": 17.343471417074884,
        "X_LEMAC": 21.056440000000002,
        "X_LE": 20.31314836783965
    },
    "gravitational_acceleration": 9.81,
    "kinematic_viscosity": 1.002e-06,
    "rho_water": 1000.0,
    "V_lof": 81.018,
    "LD": 16.558825930206265
}