{
    "design_id": 2,
    "inputs": {
        "cruise_altitude": 8,
        "aircraft_type": "PROP",
        "wing_type": "HIGH",
        "tail_type": "H_TAIL",
        "n_wings": 1,
        "n_fuselages": 2,
        "depth": 0.1,
        "jet_consumption": 2.7e-05,
        "prop_consumption": 2.1e-08,
        "prop_efficiency": 0.85,
        "Cd0": 0.020850399605493963,
        "oswald_factor": 0.85,
        "aspect_ratio": 10,
        "aspect_h": 4.5,
        "aspect_v": 1.5,
        "sweep_h": 10,
        "sweep_hc4": 0,
        "taper_h": 0.3,
        "sweep_v": 10,
        "taper_v": 0.6,
        "h_position": 0.8050784543581808,
        "v_position": 0.8024368495147635,
        "tfo": 0.001,
        "n_engines": 6.0,
        "CLmax_clean": 1.6,
        "CLmax_takeoff": 2.4,
        "CLmax_landing": 2.4,
        "CL_hydro": 0.5,
        "r_float": 3.1024023952751247,
        "upsweep": 11,
        "xcg_OEW": 0.4,
        "V_h": 0.9,
        "V_v": 0.083867,
        "xc_OEW": 0.2,
        "xc_wing": 0.4,
        "xc_fuselage": 0.4,
        "mf_wing": 0.12,
        "mf_fuselage": 0.2,
        "ltcd": 4.5,
        "lnd": 1.5,
        "lfd": 8.5,
        "engine_power": 8202000
    },
    "requirements": {
        "design_range": 3704000,
        "design_payload": 90000,
        "design_crew": 425,
        "ferry_range": 12038000,
        "reserve_range": 185200,
        "ferry_payload": 0,
        "ferry_crew": 170,
        "altitude_range_WIG": 943600,
        "altitude_range_WOG": 538000,
        "altitude_payload": 90000,
        "altitude_crew": 425,
        "cruise_speed": 115.749,
        "stall_speed_clean": 77.16,
        "stall_speed_takeoff": 61.9,
        "stall_speed_landing": 61.9,
        "stall_speed_high": 82.3,
        "high_altitude": 3048.0,
        "cargo_width": 3.5,
        "cargo_height": 4,
        "cargo_length": 7.32,
        "cargo_density": 160
    },
    "outputs": {
        "general": {
            "d_fuselage": 6.2048047905502495,
            "r_fuselage": 3.1024023952751247,
            "l_fuselage": 52.740840719677124,
            "l_tailcone": 27.921621557476122,
            "l_nose": 9.307207185825375,
            "l_cargo_straight": 8.74654837462985,
            "Re": 3407446264.9855022,
            "Cd_water": 0.0013218773711531056,
            "hull_surface": 224.16418708256532,
            "take_off_power": 47857314.10082371,
            "take_off_thrust": null,
            "V_lof": 64.995,
            "LD_g": 17.89357888008719,
            "xcg_payload": 0.36692342744070505,
            "fuselage_separation": 12.409609581100499
        },
        "design": {
            "MTOW": 2505131.455810243,
            "total_fuel": 369540.44184251945,
            "OEW": 1246016.6325119128,
            "EW": 1245591.6325119128,
            "ZFW": 2135591.0139677236,
            "MTOM": 255365.08214171688,
            "S": 498.4583613440194,
            "b": 70.60158364682901,
            "MAC": 7.060158364682901,
            "fuel_economy": 0.06666805535102044,
            "h_b": 0.11331190586345029,
            "k": 1.7602865405071482,
            "WP": 0.11404108706409831,
            "TW": null,
            "WS": 5025.609067596522,
            "P": 21966920.17151854,
            "T": null,
            "LD": 31.497826064120453,
            "max_fuel": 406494.4860267714,
            "mission_fuel": 366494.95066803705,
            "reserve_fuel": 3045.491174482391,
            "Mff": 0.8524866066467567
        },
        "ferry": {
            "MTOW": 732209.3030709529,
            "total_fuel": 107404.26770323147,
            "OEW": 619903.5760646504,
            "EW": 619733.5760646504,
            "ZFW": 624805.0353677215,
            "MTOM": 74639.07268817052,
            "S": 145.6848484704488,
            "b": 38.168684607993605,
            "MAC": 3.816868460799361,
            "fuel_economy": 0,
            "h_b": 0.20959590518151033,
            "k": 1.532381971624654,
            "WP": 0.1065403106268407,
            "TW": null,
            "WS": 5025.609067596522,
            "P": 6872603.418958752,
            "T": null,
            "LD": 27.41979768368928,
            "max_fuel": 118144.69447355463,
            "mission_fuel": 106380.63029146666,
            "reserve_fuel": 1023.6374117648083,
            "Mff": 0.8533148004911053
        },
        "altitude": {
            "MTOW": 2389845.6214355878,
            "total_fuel": 295083.4497400454,
            "OEW": 1205303.0760741066,
            "EW": 1204878.0760741066,
            "ZFW": 2094762.1716955423,
            "MTOM": 243613.21319424952,
            "S": 475.53252242655594,
            "b": 68.95886617589909,
            "MAC": 6.895886617589909,
            "fuel_economy": 0.128139629121317,
            "h_b": 0.11601118817112999,
            "k": 1.7496010479582818,
            "WP": 0.11372333777292165,
            "TW": null,
            "WS": 5025.609067596522,
            "P": 21014557.506283704,
            "T": null,
            "LD": 31.306624360324726,
            "max_fuel": 324591.79471404996,
            "mission_fuel": 292077.92566191824,
            "reserve_fuel": 3005.5240781271714,
            "Mff": 0.8765261458341448
        },
        "max": {
            "MTOM": 255365.08214171688,
            "S": 498.4583613440194,
            "b": 70.60158364682901,
            "MAC": 7.060158364682901,
            "fuel_economy": 0.06666805535102044,
            "OEW": 1246016.6325119128,
            "total_fuel": 369540.44184251945,
            "max_fuel": 406494.4860267714,
            "mission_fuel": 366494.95066803705,
            "reserve_fuel": 3045.491174482391,
            "Mff": 0.8524866066467567,
            "MTOW": 2505131.455810243,
            "LD": 31.497826064120453
        },
        "wing_design": {
            "taper_ratio": 0.4,
            "sweep_c_4": 0,
            "dihedral": 1,
            "sweep_x_c": 2.454031674527076,
            "chord_root": 10.085940520975575,
            "chord_tip": 4.03437620839023,
            "y_MAC": 15.128910781463363,
            "X_LEMAC": 20.49694325119573,
            "X_LE": 19.848561360561586,
            "MAC": 7.492412958438998,
            "S": 498.4583613440194,
            "b": 70.60158364682901,
            "aspect_ratio": 10
        },
        "cg_range": {
            "most_aft_cg": 21.870408122304486,
            "most_aft_mission": "DESIGN_OEW_FUEL",
            "most_forward_cg": 20.35876103799613,
            "most_forward_mission": "ALTITUDE_OEW_PAYLOAD"
        },
        "empennage_design": {
            "vertical_tail": {
                "S": 72.1387390072455,
                "l_v": 20.456714973887056,
                "mac": 14.401771856330363,
                "b": 7.355545816282714,
                "chord_root": 12.94480367010521,
                "chord_tip": 6.669985173315361,
                "sweep": 10,
                "taper": 0.5152635252954091,
                "MAC": 10.141949362899155,
                "aspect_ratio": 1.5,
                "LE_pos": 39.49603704957191,
                "relative_pos_mac/4": 0.8024368495147635
            },
            "horizontal_tail": {
                "S": 163.19393831646914,
                "l_h": 20.596293783170356,
                "mac": 7.64605310200267,
                "b": 27.099312213119195,
                "chord_root": 6.6694114343221065,
                "chord_tip": 5.374315978017583,
                "sweep": 10,
                "taper": 0.8058156302009339,
                "MAC": 6.045074574692466,
                "sweep_c_4": 0,
                "aspect_ratio": 4.5,
                "tail_height": 13.560350606832962,
                "LE_pos": 39.797479922352935,
                "relative_pos_mac/4": 0.8050784543581808
            }
        }
    },
    "kinematic_viscosity": 1.006e-06,
    "rho_water": 1000,
    "viscosity_air": 1.48e-05,
    "rho_air": 1.225
}