{
    "design_id": 3,
    "aircraft_type": "PROP",
    "cruise_altitude": 6,
    "n_wings": 1,
    "n_fuselages": 1,
    "depth": 0.2,
    "design_range": 3704000,
    "design_payload": 90000,
    "design_crew": 425,
    "ferry_range": 12038000,
    "ferry_payload": 0,
    "ferry_crew": 425,
    "altitude_range_WIG": 943600,
    "altitude_range_WOG": 538000,
    "altitude_payload": 90000,
    "altitude_crew": 425,
    "cruise_speed": 115.749,
    "jet_consumption": 2.7e-05,
    "prop_consumption": 2.18e-08,
    "prop_efficiency": 0.82,
    "Cd0": 0.028115017191112573,
    "oswald_factor": 0.85,
    "aspect_ratio": 10,
    "Cl_alpha": 5.0,
    "tfo": 0.001,
    "reserve_fuel": 0,
    "k": 1.546672126434765,
    "n_engines": 8,
    "CLmax_clean": 1.5,
    "CLmax_takeoff": 1.6,
    "CLmax_landing": 1.8,
    "stall_speed_clean": 77.16,
    "stall_speed_takeoff": 61.728,
    "stall_speed_landing": 51.44,
    "stall_speed_high": 82.3,
    "high_altitude": 3048.0,
    "L": 74.9,
    "r_fuselage": 4.4,
    "r_float": 1.5,
    "design": {
        "take_off_power": 87854294.55685715,
        "take_off_thrust": null,
        "MTOM": 265132.54451338405,
        "MTOW": 2600950.261676298,
        "OEW": 1279855.3463625074,
        "ZFW": 2169525.546624183,
        "EW": 1279430.3463625074,
        "Fuel": 431424.7150521146,
        "Fuel_used": 431424.7150521146,
        "Fuel_reserve": 0.0,
        "S": 780.4657999845086,
        "b": 88.34397545868697,
        "MAC": 8.834397545868697,
        "h_b": 0.06791634595169231,
        "k": 1.563385537481879,
        "WP": 0.078321684164432,
        "TW": null,
        "WS": 3332.4524300554363,
        "fuel_economy": 0.16088245089722075,
        "design_payload": 90000,
        "P": 33208558.899419837,
        "T": null,
        "Re": 4844908742.514971,
        "Cd": 0.0012698173027415375,
        "hull_surface": 416.7264709699246,
        "stall_speed_clean": 77.16,
        "LD": 15.40938218960205
    },
    "ferry": {
        "take_off_power": 87854294.55685715,
        "take_off_thrust": null,
        "MTOM": 80829.22487855336,
        "MTOW": 792934.6960586085,
        "OEW": 641348.9403457153,
        "ZFW": 646311.1250417739,
        "EW": 640923.9403457153,
        "Fuel": 146623.5710168346,
        "Fuel_used": 146623.5710168346,
        "Fuel_reserve": 0.0,
        "S": 237.93143255279023,
        "aspect_ratio": 10,
        "b": 48.77821568618416,
        "MAC": 4.877821568618415,
        "cruise_altitude": 7,
        "h_b": 0.12300572941415377,
        "k": 1.3240798496122972,
        "WP": 0.078321684164432,
        "TW": null,
        "WS": 3332.4524300554363,
        "ferry_payload": 0,
        "P": 10124076.167640707,
        "T": null,
        "Re": 4844908742.514971,
        "Cd": 0.0012698173027415375,
        "hull_surface": 416.7264709699246,
        "stall_speed_clean": 77.16,
        "LD": 15.40938218960205
    },
    "altitude": {
        "take_off_power": 87854294.55685715,
        "take_off_thrust": null,
        "MTOM": 247016.38406309826,
        "MTOW": 2423230.727658994,
        "OEW": 1217093.1317542498,
        "ZFW": 2106585.6124819084,
        "EW": 1216668.1317542498,
        "Fuel": 316645.11517708556,
        "Fuel_used": 316645.11517708556,
        "Fuel_reserve": 0.0,
        "S": 727.1387985045188,
        "aspect_ratio": 10,
        "b": 85.27243391064424,
        "MAC": 8.527243391064422,
        "cruise_altitude": 7,
        "h_b": 0.07036271541501107,
        "k": 1.546672126434765,
        "WP": 0.078321684164432,
        "TW": null,
        "WS": 3332.4524300554363,
        "fuel_economy": 0.2952000686154975,
        "altitude_payload": 90000,
        "P": 30939461.446865167,
        "T": null,
        "Re": 4844908742.514971,
        "Cd": 0.0012698173027415375,
        "hull_surface": 416.7264709699246,
        "stall_speed_clean": 77.16,
        "LD": 15.40938218960205
    },
    "max": {
        "MTOM": 265132.54451338405,
        "S": 780.4657999845086,
        "b": 88.34397545868697,
        "MAC": 8.834397545868697,
        "fuel_economy": 0.16088245089722075,
        "LD": 15.40938218960205
    },
    "hull_surface": 251.32741228718345,
    "kinematic_viscosity": 1.002e-06,
    "rho_water": 1000.0,
    "V_lof": 64.8144,
    "LD": 20.43312933822085
}