{
    "design_id": 2,
    "inputs": {
        "cruise_altitude": 8,
        "aircraft_type": "PROP",
        "wing_type": "HIGH",
        "tail_type": "H_TAIL",
        "n_wings": 1,
        "n_fuselages": 2,
        "depth": 0.1,
        "jet_consumption": 2.7e-05,
        "prop_consumption": 2.1e-08,
        "prop_efficiency": 0.85,
        "Cd0": 0.025591644611454904,
        "oswald_factor": 0.85,
        "aspect_ratio": 10,
        "aspect_h": 4.5,
        "aspect_v": 1.5,
        "sweep_h": 21,
        "sweep_hc4": 30,
        "taper_h": 0.3,
        "sweep_v": 33,
        "taper_v": 0.29,
        "h_position": 0.9758448761022448,
        "v_position": 0.8089435963219702,
        "tfo": 0.001,
        "n_engines": 6.0,
        "CLmax_clean": 1.5,
        "CLmax_takeoff": 1.7,
        "CLmax_landing": 1.7,
        "CL_hydro": 0.5,
        "r_float": 3.1024023952751247,
        "upsweep": 11,
        "xcg_OEW": 0.4,
        "V_h": 0.9,
        "V_v": 0.083867,
        "xc_OEW": 0.2,
        "xc_wing": 0.4,
        "xc_fuselage": 0.4,
        "mf_wing": 0.12,
        "mf_fuselage": 0.2,
        "engine_power": 8202000
    },
    "requirements": {
        "design_range": 3704000,
        "design_payload": 90000,
        "design_crew": 425,
        "ferry_range": 12038000,
        "reserve_range": 185200,
        "ferry_payload": 0,
        "ferry_crew": 170,
        "altitude_range_WIG": 943600,
        "altitude_range_WOG": 538000,
        "altitude_payload": 90000,
        "altitude_crew": 425,
        "cruise_speed": 115.749,
        "stall_speed_clean": 77.16,
        "stall_speed_takeoff": 61.9,
        "stall_speed_landing": 61.9,
        "stall_speed_high": 82.3,
        "high_altitude": 3048.0,
        "cargo_width": 3.5,
        "cargo_height": 4,
        "cargo_length": 7.32,
        "cargo_density": 160
    },
    "outputs": {
        "general": {
            "d_fuselage": 6.2048047905502495,
            "r_fuselage": 3.1024023952751247,
            "l_fuselage": 52.740840719677124,
            "l_tailcone": 27.921621557476122,
            "l_nose": 9.307207185825375,
            "l_cargo_straight": 8.74654837462985,
            "Re": 3407446264.9855022,
            "Cd_water": 0.0013218773711531056,
            "hull_surface": 224.16418708256532,
            "take_off_power": 47857314.10082371,
            "take_off_thrust": null,
            "V_lof": 64.995,
            "LD_g": 16.151218983598692,
            "xcg_payload": 0.36692342744070505
        },
        "design": {
            "MTOW": 2556988.1009643585,
            "total_fuel": 403031.8923719319,
            "OEW": 1264329.9704914622,
            "EW": 1263904.9704914622,
            "ZFW": 2153956.2085924265,
            "MTOM": 260651.18256517415,
            "S": 718.2606155799213,
            "b": 84.75025755594618,
            "MAC": 8.475025755594618,
            "fuel_economy": 0.07264147471616256,
            "h_b": 0.09439499336882795,
            "k": 1.6195940170649674,
            "WP": 0.09042453289891896,
            "TW": null,
            "WS": 3559.8064228808703,
            "P": 28277592.584555425,
            "T": null,
            "LD": 26.158417606641844,
            "max_fuel": 443335.08160912513,
            "mission_fuel": 399332.6871824823,
            "reserve_fuel": 3699.2051894496544,
            "Mff": 0.8423802237406072
        },
        "ferry": {
            "MTOW": 766213.4164452606,
            "total_fuel": 129365.71695409513,
            "OEW": 631912.2360747202,
            "EW": 631742.2360747202,
            "ZFW": 636847.6994911655,
            "MTOM": 78105.34316465449,
            "S": 215.24020598659467,
            "b": 46.39398732450086,
            "MAC": 4.639398732450086,
            "fuel_economy": 0,
            "h_b": 0.1724361379858197,
            "k": 1.365299928093752,
            "WP": 0.09042453304118087,
            "TW": null,
            "WS": 3559.8064228808703,
            "P": 8473512.559874808,
            "T": null,
            "LD": 22.051258116933734,
            "max_fuel": 142302.28864950466,
            "mission_fuel": 128068.07566890873,
            "reserve_fuel": 1297.6412851864006,
            "Mff": 0.8311622921531847
        },
        "altitude": {
            "MTOW": 2411314.3897991194,
            "total_fuel": 308948.9859975055,
            "OEW": 1212884.8394118147,
            "EW": 1212459.8394118147,
            "ZFW": 2102365.403801614,
            "MTOM": 245801.6707236615,
            "S": 677.3723356717936,
            "b": 82.3026327447545,
            "MAC": 8.230263274475451,
            "fuel_economy": 0.13390847527828548,
            "h_b": 0.09720223683257416,
            "k": 1.5712837295335638,
            "WP": 0.09042453304118087,
            "TW": null,
            "WS": 3559.8064228808703,
            "P": 26666594.879743155,
            "T": null,
            "LD": 25.37814760106225,
            "max_fuel": 339843.8845972561,
            "mission_fuel": 305227.27399813704,
            "reserve_fuel": 3721.7119993684464,
            "Mff": 0.8718752779378374
        },
        "max": {
            "MTOM": 260651.18256517415,
            "S": 718.2606155799213,
            "b": 84.75025755594618,
            "MAC": 8.475025755594618,
            "fuel_economy": 0.07264147471616256,
            "OEW": 1264329.9704914622,
            "total_fuel": 403031.8923719319,
            "max_fuel": 443335.08160912513,
            "mission_fuel": 399332.6871824823,
            "reserve_fuel": 3721.7119993684464,
            "Mff": 0.8311622921531847,
            "MTOW": 1720912.5750032095,
            "LD": 26.158417606641844
        },
        "wing_design": {
            "taper_ratio": 0.4,
            "sweep_c_4": 0,
            "dihedral": 1,
            "sweep_x_c": 2.454031674527076,
            "chord_root": 12.107469408670266,
            "chord_tip": 4.842987763468106,
            "y_MAC": 18.1612041130054,
            "X_LEMAC": 20.376806677298447,
            "X_LE": 19.598469358169645,
            "MAC": 8.994120132155054,
            "S": 718.2949958612428,
            "b": 84.75228586069186,
            "aspect_ratio": 10
        },
        "cg_range": {
            "most_aft_cg": 22.00979293102909,
            "most_aft_mission": "DESIGN_OEW_FUEL",
            "most_forward_cg": 20.36143757881832,
            "most_forward_mission": "ALTITUDE_OEW_PAYLOAD"
        },
        "empennage_design": {
            "vertical_tail": {
                "S": 123.68859126597211,
                "l_v": 20.63886121087385,
                "mac": 14.401771856330363,
                "b": 9.631533805655208,
                "chord_root": 15.512455370097936,
                "chord_tip": 1.9451138443718048,
                "abs_pos": 0.7895117139919796,
                "sweep": 33,
                "taper": 0.6569489006058333,
                "relative_pos_fus": 0.8089435963219702,
                "MAC": 13.035300473143073,
                "aspect_ratio": 1.5
            },
            "horizontal_tail": {
                "S": 197.45289130112332,
                "l_h": 29.446964774623048,
                "mac": 7.64605310200267,
                "b": 29.808354715667466,
                "chord_root": 10.190890501082894,
                "chord_tip": 3.057267150324868,
                "abs_pos": 0.9707603006784519,
                "sweep": 21,
                "sweep_hc4": 30,
                "taper": 0.3,
                "relative_pos_fus": 0.9758448761022448,
                "MAC": 7.264275793079601,
                "sweep_c_4": 30,
                "aspect_ratio": 4.5,
                "tail_height": 15.836338596205458
            }
        }
    },
    "kinematic_viscosity": 1.006e-06,
    "rho_water": 1000,
    "viscosity_air": 1.48e-05,
    "rho_air": 1.225
}