{
    "aircraft_type": "JET",
    "design_range": 3704000,
    "design_payload": 90000,
    "design_crew": 425,
    "ferry_range": 12038000,
    "ferry_payload": 0,
    "ferry_crew": 425,
    "altitude_range_WIG": 943600,
    "altitude_range_WOG": 538000,
    "altitude_payload": 90000,
    "altitude_crew": 425,
    "cruise_speed": 115.749,
    "jet_consumption": 1.9e-05,
    "prop_consumption": 9e-08,
    "prop_efficiency": 0.82,
    "Cd0": 0.02,
    "oswald_factor": 0.85,
    "aspect_ratio": 8,
    "tfo": 0.001,
    "reserve_fuel": 0,
    "k": 1.5687973554612227,
    "n_engines": 8,
    "CLmax_clean": 1.5,
    "CLmax_takeoff": 1.6,
    "CLmax_landing": 1.8,
    "aspect_ratios": 10,
    "stall_speed_clean": 77.16,
    "stall_speed_takeoff": 61.728,
    "stall_speed_landing": 51.44,
    "cruise_altitude": 9,
    "high_altitude": 3048.0,
    "L": 40,
    "r": 3,
    "hull_surface": 251.32741228718345,
    "rho_water": 1000.0,
    "kinematic_viscosity": 1.002e-06,
    "MTOW": 7480243.923676255,
    "fuel_used": 3582701.119718979,
    "fuel_res": 0.0,
    "fuel": 3582701.119718979,
    "OEW": 3002993.3100336003,
    "ZFW": 3897542.803957276,
    "EW": 3002568.3100336003,
    "MTOM": 762512.1226989047,
    "TW": 0.13906159282438843,
    "WP": null,
    "WS": 3331.4926193385054,
    "Fuel": 3582701.119718979,
    "Fuel_used": 3582701.119718979,
    "Fuel_reserve": 0.0,
    "S": 2245.2839048776946,
    "A": 8,
    "b": 134.02339810279977,
    "MAC": 16.752924762849975,
    "h_b": 0.06715245343277107,
    "fuel_economy": 0.898342480665633,
    "gravitational_acceleration": 9.81
}