{
    "design_id": 1,
    "inputs": {
        "cruise_altitude": 4,
        "aircraft_type": "PROP",
        "wing_type": "LOW",
        "n_wings": 1,
        "n_fuselages": 1,
        "depth": 0.1,
        "jet_consumption": 2.7e-05,
        "prop_consumption": 2.1e-08,
        "prop_efficiency": 0.85,
        "Cd0": 0.02339910199117182,
        "oswald_factor": 0.85,
        "aspect_ratio": 6,
        "tfo": 0.001,
        "n_engines": 8,
        "CLmax_clean": 1.5,
        "CLmax_takeoff": 1.7,
        "CLmax_landing": 1.7,
        "CL_hydro": 0.5,
        "r_float": 3,
        "upsweep": 11,
        "xcg_OEW": 0.45,
        "xcg_payload": 0.55,
        "V_h": 0.9,
        "V_v": 0.0838,
        "xc_OEW": 0.2,
        "xc_wing": 0.4,
        "xc_fuselage": 0.4,
        "mf_wing": 0.08,
        "mf_fuselage": 0.08
    },
    "requirements": {
        "design_range": 3704000,
        "design_payload": 90000,
        "design_crew": 425,
        "ferry_range": 12038000,
        "ferry_payload": 0,
        "reserve_range": 185200,
        "ferry_crew": 170,
        "altitude_range_WIG": 943600,
        "altitude_range_WOG": 538000,
        "altitude_payload": 90000,
        "altitude_crew": 425,
        "cruise_speed": 115.749,
        "stall_speed_clean": 77.16,
        "stall_speed_takeoff": 61.9,
        "stall_speed_landing": 61.9,
        "stall_speed_high": 82.3,
        "high_altitude": 3048.0,
        "cargo_width": 3.5,
        "cargo_height": 4,
        "cargo_length": 7.32,
        "cargo_density": 160
    },
    "outputs": {
        "general": {
            "d_fuselage": 8.832726010325398,
            "r_fuselage": 4.416363005162699,
            "l_fuselage": 75.07817108776588,
            "l_tailcone": 39.747267046464295,
            "l_nose": 13.249089015488098,
            "l_cargo_straight": 15.316351424067726,
            "LD_g": 13.083695662555932,
            "Re": 4850602117.146465,
            "Cd_water": 0.0012696487711144299,
            "hull_surface": 154.28581474848784,
            "take_off_power": 31637380.503370564,
            "take_off_thrust": null,
            "V_lof": 64.995
        },
        "design": {
            "MTOW": 2630224.6486996086,
            "total_fuel": 450331.4854738471,
            "OEW": 1290193.6885770618,
            "EW": 1289768.6885770618,
            "ZFW": 2179893.1632257616,
            "MTOM": 268116.6818246288,
            "S": 738.5836039870188,
            "b": 66.56952473859276,
            "MAC": 11.094920789765458,
            "h_b": 0.060087555314647684,
            "k": 1.6237997711359695,
            "WP": 0.08193335381292018,
            "TW": null,
            "WS": 3561.1738935188127,
            "P": 32102001.520714574,
            "T": null,
            "LD": 21.245302022471,
            "max_fuel": 495364.63402123185,
            "mission_fuel": 441100.8727192181,
            "reserve_fuel": 9230.612754628994,
            "Mff": 0.8287859230212551,
            "fuel_economy": 0.08023940669366754
        },
        "ferry": {
            "MTOW": 809459.808353519,
            "total_fuel": 157296.26261254412,
            "OEW": 647184.8359326213,
            "EW": 647014.8359326213,
            "ZFW": 652163.5457409748,
            "MTOM": 82513.74193206105,
            "S": 227.30139907761338,
            "b": 36.92977652878068,
            "MAC": 6.15496275479678,
            "fuel_economy": 0,
            "h_b": 0.10831368007013686,
            "k": 1.3682379693671516,
            "WP": 0.08193335381292018,
            "TW": null,
            "WS": 3561.1738935188127,
            "P": 9879490.716342118,
            "T": null,
            "LD": 17.901609185153337,
            "max_fuel": 173025.88887379854,
            "mission_fuel": 154017.61913574315,
            "reserve_fuel": 3278.643476800964,
            "Mff": 0.8056774888768197,
            "fuel_mission": 116627.08222187468,
            "fuel_reserve": 2339.5820760255447
        },
        "altitude": {
            "MTOW": 2443734.8899466656,
            "OEW": 1224334.241410411,
            "EW": 1223909.241410411,
            "ZFW": 2113847.226300358,
            "MTOM": 249106.51273666314,
            "S": 686.2161082316592,
            "b": 64.16616436557474,
            "MAC": 10.694360727595793,
            "h_b": 0.062338150325002235,
            "k": 1.6052376296658144,
            "WP": 0.08193335381292018,
            "TW": null,
            "WS": 3561.1738935188127,
            "P": 29825886.238301523,
            "T": null,
            "LD": 21.00244061263018,
            "Mff": 0.8650067709867221,
            "total_fuel": 329887.6636463078,
            "mission_fuel": 320832.992530357,
            "reserve_fuel": 9054.671115950798,
            "max_fuel": 362876.4300109386,
            "fuel_economy": 0.14075497345290275
        },
        "max": {
            "MTOM": 268116.6818246288,
            "S": 738.5836039870188,
            "b": 66.56952473859276,
            "MAC": 11.094920789765458,
            "fuel_economy": 0.08023940669366754,
            "OEW": 1290193.6885770618,
            "total_fuel": 450331.4854738471,
            "max_fuel": 495364.63402123185,
            "mission_fuel": 441100.8727192181,
            "reserve_fuel": 9230.612754628994,
            "Mff": 0.8056774888768197
        },
        "wing_design": {
            "taper_ratio": 0.4,
            "sweep_c_4": 0,
            "dihedral": 5,
            "sweep_x_c": 4.085616779974877,
            "chord_root": 15.849886842522086,
            "chord_tip": 6.339954737008835,
            "y_MAC": 14.26489815826988,
            "X_LEMAC": 30.031268435106355,
            "X_LE": 29.01234713808708,
            "MAC": 11.774201654444976,
            "S": 738.5836039870188,
            "b": 66.56952473859276,
            "aspect_ratio": 6
        },
        "cg_range": {
            "most_aft_cg": 36.93084138459397,
            "most_aft_mission": "ALTITUDE_OEW_PAYLOAD",
            "most_forward_cg": 33.785176989494644,
            "most_forward_mission": "DESIGN_OEW"
        },
        "empennage_design": {
            "S_h": 240.70467511023656,
            "S_v": 134.47367849491886,
            "l_h": 30.63951259439532,
            "l_v": 30.63951259439532
        }
    },
    "kinematic_viscosity": 1.006e-06,
    "rho_water": 1000,
    "viscosity_air": 1.484e-05,
    "rho_air": 1.225
}