{
    "design_id": 3,
    "inputs": {
        "cruise_altitude": 10,
        "aircraft_type": "PROP",
        "wing_type": "HIGH",
        "tail_type": "CONVENTIONAL",
        "n_wings": 1,
        "n_fuselages": 1,
        "depth": 0.1,
        "jet_consumption": 2.7e-05,
        "prop_consumption": 2.1e-08,
        "prop_efficiency": 0.85,
        "Cd0": 0.01873392195678794,
        "oswald_factor": 0.6560637537879077,
        "aspect_ratio": 8,
        "aspect_h": 4.5,
        "aspect_v": 1.5,
        "sweep_h": 21,
        "sweep_hc4": 30,
        "taper_h": 0.3,
        "sweep_v": 10,
        "taper_v": 0.6,
        "h_position": 0.9382637918074683,
        "v_position": 0.9072400533887215,
        "tfo": 0.001,
        "n_engines": 6.0,
        "CLmax_clean": 1.6,
        "CLmax_takeoff": 2.4,
        "CLmax_landing": 2.4,
        "CL_hydro": 0.5,
        "r_float": 4.416363005162699,
        "upsweep": 11,
        "xcg_OEW": 0.4,
        "V_h": 0.9,
        "V_v": 0.083867,
        "xc_OEW": 0.2,
        "xc_wing": 0.4,
        "xc_fuselage": 0.4,
        "mf_wing": 0.12,
        "mf_fuselage": 0.2,
        "ltcd": 4.5,
        "lnd": 1.5,
        "lfd": 8.5,
        "engine_power": 8202000
    },
    "requirements": {
        "design_range": 3704000,
        "design_payload": 90000,
        "design_crew": 425,
        "ferry_range": 12038000,
        "reserve_range": 185200,
        "ferry_payload": 0,
        "ferry_crew": 170,
        "altitude_range_WIG": 943600,
        "altitude_range_WOG": 538000,
        "altitude_payload": 90000,
        "altitude_crew": 425,
        "cruise_speed": 115.749,
        "stall_speed_clean": 77.16,
        "stall_speed_takeoff": 61.73,
        "stall_speed_landing": 61.73,
        "stall_speed_high": 82.3,
        "high_altitude": 3048.0,
        "cargo_width": 3.5,
        "cargo_height": 4,
        "cargo_length": 7.32,
        "cargo_density": 160
    },
    "outputs": {
        "general": {
            "d_fuselage": 8.832726010325398,
            "r_fuselage": 4.416363005162699,
            "l_fuselage": 75.07817108776588,
            "l_tailcone": 39.747267046464295,
            "l_nose": 13.249089015488098,
            "l_cargo_straight": 15.316351424067726,
            "Re": 4837280592.753655,
            "Cd": 0.0012700434697589557,
            "hull_surface": 227.12738815886908,
            "take_off_power": 46205736.735140644,
            "take_off_thrust": null,
            "V_lof": 64.8165,
            "LD_g": 14.83366965595746,
            "Cd_water": 0.0012700434697589557,
            "xcg_payload": 0.44404883931977346
        },
        "design": {
            "MTOW": 2576599.359620654,
            "total_fuel": 415697.761850276,
            "OEW": 1271255.7484107572,
            "EW": 1270830.7484107572,
            "ZFW": 2160901.597770378,
            "MTOM": 262650.29150057636,
            "S": 515.6019505348337,
            "b": 64.22472735853901,
            "MAC": 8.028090919817377,
            "fuel_economy": 0.07490085515794141,
            "h_b": 0.15570326899442177,
            "k": 1.6591827571361983,
            "WP": 0.09537792017760385,
            "TW": null,
            "WS": 4997.0828914598405,
            "P": 27014631.42436689,
            "T": null,
            "LD": 24.611767756580278,
            "max_fuel": 457267.5380353036,
            "mission_fuel": 411753.2013131287,
            "reserve_fuel": 3944.5605371472775,
            "Mff": 0.8386641833554294
        },
        "ferry": {
            "MTOW": 766842.3741144198,
            "total_fuel": 129771.92727871481,
            "OEW": 632134.3544615905,
            "EW": 631964.3544615905,
            "ZFW": 637070.446835705,
            "MTOM": 78169.45709627113,
            "S": 153.44589719735586,
            "b": 35.03665477152245,
            "MAC": 4.379581846440306,
            "fuel_economy": 0,
            "h_b": 0.2854153761313974,
            "k": 1.4813763452192457,
            "WP": 0.0915773596424709,
            "TW": null,
            "WS": 4997.0828914598405,
            "P": 8373711.33114413,
            "T": null,
            "LD": 21.974247341075948,
            "max_fuel": 142749.1200065863,
            "mission_fuel": 128469.27818131639,
            "reserve_fuel": 1302.6490973984182,
            "Mff": 0.8307710532707838
        },
        "altitude": {
            "MTOW": 2420244.436248204,
            "total_fuel": 314716.4282989893,
            "OEW": 1216038.5135129667,
            "EW": 1215613.5135129667,
            "ZFW": 2105528.007949215,
            "MTOM": 246711.97107525016,
            "S": 484.3302284519426,
            "b": 62.24662101363849,
            "MAC": 7.780827626704812,
            "fuel_economy": 0.13637350901017933,
            "h_b": 0.16065129057863173,
            "k": 1.6476426503174086,
            "WP": 0.0953779238273684,
            "TW": null,
            "WS": 4997.0828914598405,
            "P": 25375310.54490958,
            "T": null,
            "LD": 24.44058678587467,
            "max_fuel": 346188.0711288883,
            "mission_fuel": 310846.0036919507,
            "reserve_fuel": 3870.4246070386143,
            "Mff": 0.8699650235383439
        },
        "max": {
            "MTOM": 262650.29150057636,
            "S": 515.6019505348337,
            "b": 64.22472735853901,
            "MAC": 8.028090919817377,
            "fuel_economy": 0.07490085515794141,
            "OEW": 1271255.7484107572,
            "total_fuel": 415697.761850276,
            "max_fuel": 457267.5380353036,
            "mission_fuel": 411753.2013131287,
            "reserve_fuel": 3944.5605371472775,
            "Mff": 0.8307710532707838,
            "MTOW": 2576599.3596206545,
            "LD": 24.611767756580278
        },
        "wing_design": {
            "taper_ratio": 0.4,
            "sweep_c_4": 0,
            "dihedral": 1,
            "sweep_x_c": 3.066485501125894,
            "chord_root": 11.468701314024823,
            "chord_tip": 4.587480525609929,
            "y_MAC": 13.76244157682979,
            "X_LEMAC": 29.349699899872878,
            "X_LE": 28.61242624397128,
            "MAC": 8.51960669041844,
            "S": 515.6019505348337,
            "b": 64.22472735853901,
            "aspect_ratio": 8
        },
        "cg_range": {
            "most_aft_cg": 31.73289899401704,
            "most_aft_mission": "DESIGN_OEW_PAYLOAD_FUEL",
            "most_forward_cg": 30.031268435106355,
            "most_forward_mission": "DESIGN_OEW"
        },
        "empennage_design": {
            "vertical_tail": {
                "S": 76.3366327324786,
                "l_v": 36.38102495197497,
                "mac": 11.941273556683253,
                "b": 10.700698533213517,
                "chord_root": 8.91724877767793,
                "chord_tip": 5.350349266606758,
                "sweep": 10,
                "taper": 0.6,
                "MAC": 7.282419835103642,
                "aspect_ratio": 1.5,
                "LE_pos": 65.86092231008796,
                "relative_pos_mac/4": 0.9072400533887215
            },
            "horizontal_tail": {
                "S": 102.12941628885021,
                "l_h": 38.71023049276001,
                "mac": 6.890369749157854,
                "b": 21.43787240609072,
                "chord_root": 7.329187147381443,
                "chord_tip": 2.1987561442144328,
                "sweep": 21,
                "sweep_hc4": 30,
                "taper": 0.3,
                "MAC": 5.224394940953951,
                "sweep_c_4": 30,
                "aspect_ratio": 4.5,
                "tail_height": 8.832726010325398,
                "LE_pos": 67.44898394038444,
                "relative_pos_mac/4": 0.9382637918074683
            }
        }
    },
    "kinematic_viscosity": 1.006e-06,
    "rho_water": 1000,
    "viscosity_air": 1.484e-05,
    "rho_air": 1.225
}