{
    "design_id": 2,
    "inputs": {
        "cruise_altitude": 8,
        "aircraft_type": "PROP",
        "wing_type": "HIGH",
        "tail_type": "H_TAIL",
        "n_wings": 1,
        "n_fuselages": 2,
        "depth": 0.1,
        "jet_consumption": 2.7e-05,
        "prop_consumption": 2.1e-08,
        "prop_efficiency": 0.85,
        "Cd0": 0.026422039789104224,
        "oswald_factor": 0.85,
        "aspect_ratio": 10,
        "aspect_h": 4.5,
        "aspect_v": 1.5,
        "sweep_h": 21,
        "sweep_hc4": 30,
        "taper_h": 0.3,
        "sweep_v": 33,
        "taper_v": 0.29,
        "h_position": 0.858201682756303,
        "v_position": 0.7961952443076308,
        "tfo": 0.001,
        "n_engines": 6.0,
        "CLmax_clean": 1.5,
        "CLmax_takeoff": 1.7,
        "CLmax_landing": 1.7,
        "CL_hydro": 0.5,
        "r_float": 3.1024023952751247,
        "upsweep": 11,
        "xcg_OEW": 0.4,
        "V_h": 0.9,
        "V_v": 0.083867,
        "xc_OEW": 0.2,
        "xc_wing": 0.4,
        "xc_fuselage": 0.4,
        "mf_wing": 0.12,
        "mf_fuselage": 0.2,
        "engine_power": 8202000
    },
    "requirements": {
        "design_range": 3704000,
        "design_payload": 90000,
        "design_crew": 425,
        "ferry_range": 12038000,
        "reserve_range": 185200,
        "ferry_payload": 0,
        "ferry_crew": 170,
        "altitude_range_WIG": 943600,
        "altitude_range_WOG": 538000,
        "altitude_payload": 90000,
        "altitude_crew": 425,
        "cruise_speed": 115.749,
        "stall_speed_clean": 77.16,
        "stall_speed_takeoff": 61.9,
        "stall_speed_landing": 61.9,
        "stall_speed_high": 82.3,
        "high_altitude": 3048.0,
        "cargo_width": 3.5,
        "cargo_height": 4,
        "cargo_length": 7.32,
        "cargo_density": 160
    },
    "outputs": {
        "general": {
            "d_fuselage": 6.2048047905502495,
            "r_fuselage": 3.1024023952751247,
            "l_fuselage": 52.740840719677124,
            "l_tailcone": 27.921621557476122,
            "l_nose": 9.307207185825375,
            "l_cargo_straight": 8.74654837462985,
            "Re": 3407446264.9855022,
            "Cd_water": 0.0013218773711531056,
            "hull_surface": 224.16418708256532,
            "take_off_power": 47857314.10082371,
            "take_off_thrust": null,
            "V_lof": 64.995,
            "LD_g": 15.895391626782114,
            "xcg_payload": 0.36692342744070505,
            "fuselage_separation": 12.409609581100499
        },
        "design": {
            "MTOW": 2522565.4707734324,
            "total_fuel": 380800.1453565706,
            "OEW": 1252173.5099460883,
            "EW": 1251748.5099460883,
            "ZFW": 2141765.325416862,
            "MTOM": 257142.2498239992,
            "S": 708.5935075423722,
            "b": 84.17799638518206,
            "MAC": 8.417799638518204,
            "fuel_economy": 0.06867614919251258,
            "h_b": 0.09503671200955609,
            "k": 1.8531689210506446,
            "WP": 0.08828117633364574,
            "TW": null,
            "WS": 3559.8064228808703,
            "P": 28574216.78705058,
            "T": null,
            "LD": 29.456845754056438,
            "max_fuel": 418880.1598922277,
            "mission_fuel": 377534.06452098367,
            "reserve_fuel": 3266.0808355869376,
            "Mff": 0.8490425125656639
        },
        "ferry": {
            "MTOW": 743341.5297662216,
            "total_fuel": 114593.9811630735,
            "OEW": 623834.9570733819,
            "EW": 623664.9570733819,
            "ZFW": 628747.5486031482,
            "MTOM": 75773.85624528253,
            "S": 208.79065038079187,
            "b": 45.69361556944163,
            "MAC": 4.5693615569441635,
            "fuel_economy": 0,
            "h_b": 0.17507916369284057,
            "k": 1.5951078566555468,
            "WP": 0.08828117631838771,
            "TW": null,
            "WS": 3559.8064228808703,
            "P": 8420158.869262759,
            "T": null,
            "LD": 25.354864068496944,
            "max_fuel": 126053.37927938087,
            "mission_fuel": 113479.9179049289,
            "reserve_fuel": 1114.0632581446116,
            "Mff": 0.8458393933686001
        },
        "altitude": {
            "MTOW": 2401737.9729960556,
            "total_fuel": 302764.0874438937,
            "OEW": 1209502.8975791656,
            "EW": 1209077.8975791656,
            "ZFW": 2098973.885552162,
            "MTOM": 244825.48144710046,
            "S": 674.680096695678,
            "b": 82.13891262341363,
            "MAC": 8.213891262341365,
            "fuel_economy": 0.1314140396372825,
            "h_b": 0.09739598132590334,
            "k": 1.8406795334835357,
            "WP": 0.08828117631838771,
            "TW": null,
            "WS": 3559.8064228808703,
            "P": 27205550.18811873,
            "T": null,
            "LD": 29.258322044123403,
            "max_fuel": 333040.49618828314,
            "mission_fuel": 299541.5264060979,
            "reserve_fuel": 3222.561037795793,
            "Mff": 0.8739395842310768
        },
        "max": {
            "MTOM": 257142.2498239992,
            "S": 708.5935075423722,
            "b": 84.17799638518206,
            "MAC": 8.417799638518204,
            "fuel_economy": 0.06867614919251258,
            "OEW": 1252173.5099460883,
            "total_fuel": 380800.1453565706,
            "max_fuel": 418880.1598922277,
            "mission_fuel": 377534.06452098367,
            "reserve_fuel": 3266.0808355869376,
            "Mff": 0.8458393933686001,
            "MTOW": 1720912.5750032095,
            "LD": 29.456845754056438
        },
        "wing_design": {
            "taper_ratio": 0.4,
            "sweep_c_4": 0,
            "dihedral": 1,
            "sweep_x_c": 2.454031674527076,
            "chord_root": 12.026257786848662,
            "chord_tip": 4.810503114739465,
            "y_MAC": 18.03938668027299,
            "X_LEMAC": 20.381632967966702,
            "X_LE": 19.608516395955004,
            "MAC": 8.933791498801863,
            "S": 708.6912941431165,
            "b": 84.18380450794062,
            "aspect_ratio": 10
        },
        "cg_range": {
            "most_aft_cg": 21.972620091505327,
            "most_aft_mission": "DESIGN_OEW_FUEL",
            "most_forward_cg": 20.360270932068396,
            "most_forward_mission": "ALTITUDE_OEW_PAYLOAD"
        },
        "empennage_design": {
            "vertical_tail": {
                "S": 125.02753269055282,
                "l_v": 20.00972399830946,
                "mac": 14.401771856330363,
                "b": 9.683524643326654,
                "chord_root": 15.189842577767301,
                "chord_tip": 6.890902725630731,
                "sweep": 33,
                "taper": 0.7,
                "relative_pos_fus": 0.7961952443076308,
                "MAC": 13.045394213847212,
                "aspect_ratio": 1.5,
                "LE_pos": 37.250998141909825
            },
            "horizontal_tail": {
                "S": 244.73540086928733,
                "l_h": 23.28298322499318,
                "mac": 7.64605310200267,
                "b": 33.185980532625415,
                "chord_root": 11.345634370128346,
                "chord_tip": 3.403690311038504,
                "sweep": 21,
                "sweep_hc4": 30,
                "taper": 0.3,
                "relative_pos_fus": 0.858201682756303,
                "MAC": 8.087400909988924,
                "sweep_c_4": 30,
                "aspect_ratio": 4.5,
                "tail_height": 15.888329433876905,
                "LE_pos": 40.62731943449944
            }
        }
    },
    "kinematic_viscosity": 1.006e-06,
    "rho_water": 1000,
    "viscosity_air": 1.48e-05,
    "rho_air": 1.225
}