{
    "design_id": 3,
    "inputs": {
        "cruise_altitude": 10,
        "aircraft_type": "PROP",
        "wing_type": "HIGH",
        "tail_type": "CONVENTIONAL",
        "n_wings": 1,
        "n_fuselages": 1,
        "depth": 0.1,
        "jet_consumption": 2.7e-05,
        "prop_consumption": 2.1e-08,
        "prop_efficiency": 0.85,
        "Cd0": 0.018883959843808692,
        "oswald_factor": 0.85,
        "aspect_ratio": 8,
        "aspect_h": 4.5,
        "aspect_v": 1.5,
        "sweep_h": 30,
        "sweep_hc4": 0,
        "taper_h": 0.3,
        "sweep_v": 10,
        "taper_v": 0.6,
        "h_position": 0.9506383275514577,
        "v_position": 0.9082893585603768,
        "tfo": 0.001,
        "n_engines": 6.0,
        "CLmax_clean": 1.6,
        "CLmax_takeoff": 2.4,
        "CLmax_landing": 2.4,
        "CL_hydro": 0.5,
        "r_float": 4.416363005162699,
        "upsweep": 11,
        "xcg_OEW": 0.4,
        "V_h": 0.9,
        "V_v": 0.083867,
        "xc_OEW": 0.2,
        "xc_wing": 0.4,
        "xc_fuselage": 0.4,
        "mf_wing": 0.12,
        "mf_fuselage": 0.2,
        "ltcd": 4.5,
        "lnd": 1.5,
        "lfd": 8.5,
        "engine_power": 8202000
    },
    "requirements": {
        "design_range": 3704000,
        "design_payload": 90000,
        "design_crew": 425,
        "ferry_range": 12038000,
        "reserve_range": 185200,
        "ferry_payload": 0,
        "ferry_crew": 170,
        "altitude_range_WIG": 943600,
        "altitude_range_WOG": 538000,
        "altitude_payload": 90000,
        "altitude_crew": 425,
        "cruise_speed": 115.749,
        "stall_speed_clean": 77.16,
        "stall_speed_takeoff": 61.73,
        "stall_speed_landing": 61.73,
        "stall_speed_high": 82.3,
        "high_altitude": 3048.0,
        "cargo_width": 3.5,
        "cargo_height": 4,
        "cargo_length": 7.32,
        "cargo_density": 160
    },
    "outputs": {
        "general": {
            "d_fuselage": 8.832726010325398,
            "r_fuselage": 4.416363005162699,
            "l_fuselage": 75.07817108776588,
            "l_tailcone": 39.747267046464295,
            "l_nose": 13.249089015488098,
            "l_cargo_straight": 15.316351424067726,
            "Re": 4837280592.753655,
            "Cd": 0.0012700434697589557,
            "hull_surface": 227.12738815886908,
            "take_off_power": 46205736.735140644,
            "take_off_thrust": null,
            "V_lof": 64.8165,
            "LD_g": 16.817168007689872,
            "Cd_water": 0.0012700434697589557,
            "xcg_payload": 0.44404883931977346
        },
        "design": {
            "MTOW": 2538385.611296866,
            "total_fuel": 391017.5331597011,
            "OEW": 1257760.4425258678,
            "EW": 1257335.4425258678,
            "ZFW": 2147368.078137165,
            "MTOM": 258754.90431160713,
            "S": 507.9598733705383,
            "b": 63.74699198365603,
            "MAC": 7.968373997957004,
            "fuel_economy": 0.07049848337276755,
            "h_b": 0.15687014694848472,
            "k": 1.6551760160175546,
            "WP": 0.10563335576456269,
            "TW": null,
            "WS": 4997.0828914598405,
            "P": 24030152.151508473,
            "T": null,
            "LD": 27.835369961944846,
            "max_fuel": 430119.2864756712,
            "mission_fuel": 387551.9999771285,
            "reserve_fuel": 3465.5331825725734,
            "Mff": 0.8459581824686087
        },
        "ferry": {
            "MTOW": 746417.3305026946,
            "total_fuel": 116580.47735652687,
            "OEW": 624921.1858156649,
            "EW": 624751.1858156649,
            "ZFW": 629836.8531461677,
            "MTOM": 76087.39352728793,
            "S": 149.36208618189266,
            "b": 34.567277726994085,
            "MAC": 4.320909715874261,
            "fuel_economy": 0,
            "h_b": 0.2892909322793115,
            "k": 1.477353245596896,
            "WP": 0.09908062199687571,
            "TW": null,
            "WS": 4997.0828914598405,
            "P": 7533434.040474949,
            "T": null,
            "LD": 24.844897737809536,
            "max_fuel": 128238.52509217957,
            "mission_fuel": 115441.55640801578,
            "reserve_fuel": 1138.9209485110914,
            "Mff": 0.8438132763101673
        },
        "altitude": {
            "MTOW": 2402098.8849042184,
            "total_fuel": 302997.1812601595,
            "OEW": 1209630.3547591544,
            "EW": 1209205.3547591544,
            "ZFW": 2099101.7036440587,
            "MTOM": 244862.27165180614,
            "S": 480.6993221429057,
            "b": 62.01285815976591,
            "MAC": 7.751607269970739,
            "fuel_economy": 0.13143472640806703,
            "h_b": 0.16125687956901855,
            "k": 1.6450525927075554,
            "WP": 0.1052870293509869,
            "TW": null,
            "WS": 4997.0828914598405,
            "P": 22814765.500663284,
            "T": null,
            "LD": 27.66512583304878,
            "max_fuel": 333296.89938617544,
            "mission_fuel": 299588.6792591288,
            "reserve_fuel": 3408.5020010306616,
            "Mff": 0.8738614870668652
        },
        "max": {
            "MTOM": 258754.90431160713,
            "S": 507.9598733705383,
            "b": 63.74699198365603,
            "MAC": 7.968373997957004,
            "fuel_economy": 0.07049848337276755,
            "OEW": 1257760.4425258678,
            "total_fuel": 391017.5331597011,
            "max_fuel": 430119.2864756712,
            "mission_fuel": 387551.9999771285,
            "reserve_fuel": 3465.5331825725734,
            "Mff": 0.8438132763101673,
            "MTOW": 2538385.611296866,
            "LD": 27.835369961944846
        },
        "wing_design": {
            "taper_ratio": 0.4,
            "sweep_c_4": 0,
            "dihedral": 1,
            "sweep_x_c": 3.066485501125894,
            "chord_root": 11.383391425652864,
            "chord_tip": 4.553356570261146,
            "y_MAC": 13.660069710783436,
            "X_LEMAC": 29.354769744667557,
            "X_LE": 28.622980295875585,
            "MAC": 8.456233630484984,
            "S": 507.9598733705383,
            "b": 63.74699198365603,
            "aspect_ratio": 8
        },
        "cg_range": {
            "most_aft_cg": 31.76127414157109,
            "most_aft_mission": "DESIGN_OEW_PAYLOAD_FUEL",
            "most_forward_cg": 30.031268435106355,
            "most_forward_mission": "DESIGN_OEW"
        },
        "empennage_design": {
            "vertical_tail": {
                "S": 74.5425072102618,
                "l_v": 36.431429717621626,
                "b": 10.57420260896266,
                "chord_root": 8.811835507468881,
                "chord_tip": 5.287101304481329,
                "sweep": 10,
                "taper": 0.6,
                "aspect_ratio": 1.5,
                "LE_pos": 65.966335580297,
                "relative_pos_mac/4": 0.9082893585603768,
                "MAC": 7.196332331099585
            },
            "horizontal_tail": {
                "S": 97.59645382784237,
                "l_h": 39.61091285692487,
                "b": 20.956718307628478,
                "chord_root": 7.164690019702045,
                "chord_tip": 2.1494070059106134,
                "sweep": 30,
                "sweep_hc4": 30,
                "taper": 0.3,
                "MAC": 5.107138014044021,
                "sweep_c_4": 0,
                "aspect_ratio": 4.5,
                "tail_height": 8.832726010325398,
                "LE_pos": 67.61348106806383,
                "relative_pos_mac/4": 0.9506383275514577
            }
        }
    },
    "kinematic_viscosity": 1.006e-06,
    "rho_water": 1000,
    "viscosity_air": 1.484e-05,
    "rho_air": 1.225
}