{
    "design_id": 1,
    "inputs": {
        "cruise_altitude": 4,
        "aircraft_type": "PROP",
        "wing_type": "LOW",
        "n_wings": 1,
        "n_fuselages": 1,
        "depth": 0.05,
        "jet_consumption": 2.7e-05,
        "prop_consumption": 2.1e-08,
        "prop_efficiency": 0.85,
        "Cd0": 0.02434723936958912,
        "oswald_factor": 0.85,
        "aspect_ratio": 10,
        "tfo": 0.001,
        "reserve_fuel": 0,
        "n_engines": 8,
        "CLmax_clean": 1.5,
        "CLmax_takeoff": 1.7,
        "CLmax_landing": 1.7,
        "r_float": 4.4,
        "upsweep": 11,
        "k": 1.454493634276213
    },
    "requirements": {
        "design_range": 3704000,
        "design_payload": 90000,
        "design_crew": 425,
        "ferry_range": 12038000,
        "ferry_payload": 0,
        "reserve_range": 185200,
        "ferry_crew": 425,
        "altitude_range_WIG": 943600,
        "altitude_range_WOG": 538000,
        "altitude_payload": 90000,
        "altitude_crew": 425,
        "cruise_speed": 115.749,
        "stall_speed_clean": 77.16,
        "stall_speed_takeoff": 61.9,
        "stall_speed_landing": 61.9,
        "stall_speed_high": 82.3,
        "high_altitude": 3048.0,
        "cargo_width": 3.5,
        "cargo_height": 4,
        "cargo_length": 7.32,
        "cargo_density": 160
    },
    "outputs": {
        "general": {
            "d_fuselage": 8.832726010325398,
            "r_fuselage": 4.416363005162699,
            "l_fuselage": 75.07817108776588,
            "l_tailcone": 39.747267046464295,
            "l_nose": 13.249089015488098,
            "l_cargo_straight": 15.316351424067726,
            "LD_g": 16.558825930206265,
            "Re": 4850602117.146465,
            "Cd": 0.0012696487711144299,
            "hull_surface": 297.98795964264247,
            "take_off_power": 61104505.81607803,
            "take_off_thrust": null,
            "V_lof": 64.995
        },
        "design": {
            "MTOW": 2578223.849301993,
            "total_fuel": 416746.9333814532,
            "fuel_mission": 390879.5366014282,
            "fuel_reserve": 25867.39678002504,
            "OEW": 1271829.4420712378,
            "EW": 1271404.4420712378,
            "ZFW": 2161476.9159205398,
            "MTOM": 262815.8867790003,
            "S": 723.9814528510327,
            "b": 85.08709965976233,
            "MAC": 8.508709965976234,
            "fuel_economy": 0.14576276152007495,
            "h_b": 0.04701065162633107,
            "k": 1.757359077431981,
            "WP": 0.09385590949149301,
            "TW": null,
            "WS": 3561.1738935188127,
            "P": 27470021.47516007,
            "T": null,
            "LD": 29.099803060064044
        },
        "ferry": {
            "MTOW": 757622.3795832136,
            "total_fuel": 123817.22292393685,
            "fuel_mission": 120732.1205098329,
            "fuel_reserve": 3085.1024141039525,
            "OEW": 628878.2842796936,
            "EW": 628453.2842796936,
            "ZFW": 633805.1566592767,
            "MTOM": 77229.60036526131,
            "S": 212.7451234454626,
            "b": 46.12430199422671,
            "MAC": 4.612430199422671,
            "fuel_economy": 0,
            "h_b": 0.08672217956817367,
            "k": 1.454492245492022,
            "WP": 0.09385590949149301,
            "TW": null,
            "WS": 3561.1738935188127,
            "P": 8072186.223413919,
            "T": null,
            "LD": 24.08468390993723
        },
        "altitude": {
            "MTOW": 2448676.527093299,
            "total_fuel": 333079.2043936678,
            "fuel_mission": 307788.99078938033,
            "fuel_reserve": 25290.213604287477,
            "OEW": 1226079.3961725384,
            "EW": 1225654.3961725384,
            "ZFW": 2115597.3226996316,
            "MTOM": 249610.24741012222,
            "S": 687.6037509849718,
            "b": 82.92187594265894,
            "MAC": 8.292187594265892,
            "fuel_economy": 0.28694373241572424,
            "h_b": 0.048238175445596866,
            "k": 1.742520623761732,
            "WP": 0.09385590949149301,
            "TW": null,
            "WS": 3561.1738935188127,
            "P": 26089742.674277153,
            "T": null,
            "LD": 28.85409568866496
        },
        "max": {
            "MTOM": 262815.8867790003,
            "S": 723.9814528510327,
            "b": 85.08709965976233,
            "MAC": 8.508709965976234,
            "fuel_economy": 0.14576276152007495
        },
        "wing_design": {
            "taper_ratio": 0.4,
            "sweep_c_4": 0,
            "dihedral": 5,
            "sweep_x_c": 2.454031674527076,
            "chord_root": 12.15529995139462,
            "chord_tip": 4.862119980557848,
            "y_MAC": 18.232949927091926,
            "X_LEMAC": 21.056440000000002,
            "X_LE": 20.27502786026749,
            "MAC": 9.029651392464574,
            "S": 723.9814528510327,
            "b": 85.08709965976233,
            "aspect_ratio": 10
        }
    },
    "kinematic_viscosity": 1.006e-06,
    "rho_water": 1000
}