{
    "design_id": 3,
    "inputs": {
        "cruise_altitude": 10,
        "aircraft_type": "PROP",
        "wing_type": "HIGH",
        "tail_type": "CONVENTIONAL",
        "n_wings": 1,
        "n_fuselages": 1,
        "depth": 0.1,
        "jet_consumption": 2.7e-05,
        "prop_consumption": 2.1e-08,
        "prop_efficiency": 0.85,
        "Cd0": 0.018935595742190024,
        "oswald_factor": 0.85,
        "aspect_ratio": 8,
        "aspect_h": 4.5,
        "aspect_v": 1.5,
        "sweep_hc4": 10,
        "sweep_vc4": 10,
        "h_position": 0.9374134265694098,
        "v_position": 0.8967215480038735,
        "tfo": 0.001,
        "n_engines": 6.0,
        "CLmax_clean": 1.6,
        "CLmax_takeoff": 2.4,
        "CLmax_landing": 2.4,
        "CL_hydro": 0.5,
        "r_float": 4.416363005162699,
        "upsweep": 11,
        "xcg_OEW": 0.4,
        "V_h": 0.9,
        "V_v": 0.083867,
        "xc_OEW": 0.2,
        "xc_wing": 0.4,
        "xc_fuselage": 0.4,
        "mf_wing": 0.08,
        "mf_fuselage": 0.08,
        "ltcd": 4.5,
        "lnd": 1.5,
        "lfd": 8.5,
        "engine_power": 8202000
    },
    "requirements": {
        "design_range": 3704000,
        "design_payload": 90000,
        "design_crew": 425,
        "ferry_range": 12038000,
        "reserve_range": 185200,
        "ferry_payload": 0,
        "ferry_crew": 170,
        "altitude_range_WIG": 943600,
        "altitude_range_WOG": 538000,
        "altitude_payload": 90000,
        "altitude_crew": 425,
        "cruise_speed": 115.749,
        "stall_speed_clean": 77.16,
        "stall_speed_takeoff": 61.73,
        "stall_speed_landing": 61.73,
        "stall_speed_high": 82.3,
        "high_altitude": 3048.0,
        "cargo_width": 3.5,
        "cargo_height": 4,
        "cargo_length": 7.32,
        "cargo_density": 160
    },
    "outputs": {
        "general": {
            "d_fuselage": 8.832726010325398,
            "r_fuselage": 4.416363005162699,
            "l_fuselage": 75.07817108776588,
            "l_tailcone": 39.747267046464295,
            "l_nose": 13.249089015488098,
            "l_cargo_straight": 15.316351424067726,
            "Re": 4837280592.753655,
            "Cd": 0.0012700434697589557,
            "hull_surface": 227.12738815886908,
            "take_off_power": 46205736.735140644,
            "take_off_thrust": null,
            "V_lof": 64.8165,
            "LD_g": 16.79422279929057,
            "Cd_water": 0.0012700434697589557,
            "xcg_payload": 0.44404883931977346,
            "l_bottom": 35.33090404130159
        },
        "design": {
            "MTOW": 2538643.1966015813,
            "total_fuel": 391183.8938153953,
            "OEW": 1257851.4095895847,
            "EW": 1257426.4095895847,
            "ZFW": 2147459.302786186,
            "MTOM": 258781.16173308677,
            "S": 508.011041199272,
            "b": 63.750202584730474,
            "MAC": 7.968775323091309,
            "fuel_economy": 0.07052815583874705,
            "h_b": 0.15686224662123996,
            "k": 1.6559597161950201,
            "WP": 0.10563438760602223,
            "TW": null,
            "WS": 4997.0828914598405,
            "P": 24032355.884617757,
            "T": null,
            "LD": 27.810556420429148,
            "max_fuel": 430302.28319693485,
            "mission_fuel": 387715.1187136523,
            "reserve_fuel": 3468.7751017429982,
            "Mff": 0.8459082811089548,
            "max_fuel_L": 53492.24076936611,
            "total_fuel_L": 48629.30979033282,
            "mission_fuel_L": 48198.095362329674,
            "reserve_fuel_L": 431.2144280031573
        },
        "ferry": {
            "MTOW": 746553.9046513812,
            "total_fuel": 116668.68333920656,
            "OEW": 624969.4174075233,
            "EW": 624799.4174075233,
            "ZFW": 629885.2213121746,
            "MTOM": 76101.31545885639,
            "S": 149.38917732098255,
            "b": 34.570412473209814,
            "MAC": 4.321301559151226,
            "fuel_economy": 0,
            "h_b": 0.2892647002042413,
            "k": 1.4780556987140323,
            "WP": 0.09908181365587242,
            "TW": null,
            "WS": 4997.0828914598405,
            "P": 7534721.83345661,
            "T": null,
            "LD": 24.822796713964554,
            "max_fuel": 128335.55167312722,
            "mission_fuel": 115528.65989208674,
            "reserve_fuel": 1140.02344711982,
            "Mff": 0.8437236981652552,
            "max_fuel_L": 15953.799218458917,
            "total_fuel_L": 14503.453834962651,
            "mission_fuel_L": 14361.733906676454,
            "reserve_fuel_L": 141.71992828619628
        },
        "altitude": {
            "MTOW": 2402250.214127403,
            "total_fuel": 303094.9167611132,
            "OEW": 1209683.7971521628,
            "EW": 1209258.7971521628,
            "ZFW": 2099155.29736629,
            "MTOM": 244877.69766844067,
            "S": 480.72958049824524,
            "b": 62.014809876238125,
            "MAC": 7.751851234529766,
            "fuel_economy": 0.1314762245712307,
            "h_b": 0.16125180452793172,
            "k": 1.6458244671712554,
            "WP": 0.10528782023580296,
            "TW": null,
            "WS": 4997.0828914598405,
            "P": 22816031.415099252,
            "T": null,
            "LD": 27.64034279019775,
            "max_fuel": 333404.40843722457,
            "mission_fuel": 299683.26902420574,
            "reserve_fuel": 3411.647736907471,
            "Mff": 0.8738287481551085,
            "max_fuel_L": 41446.5588171881,
            "total_fuel_L": 37678.689833807366,
            "mission_fuel_L": 37254.57708960565,
            "reserve_fuel_L": 424.11274420171935
        },
        "max": {
            "MTOM": 258781.16173308677,
            "S": 508.011041199272,
            "b": 63.750202584730474,
            "MAC": 7.968775323091309,
            "fuel_economy": 0.07052815583874705,
            "OEW": 1257851.4095895847,
            "total_fuel": 391183.8938153953,
            "max_fuel": 430302.28319693485,
            "mission_fuel": 387715.1187136523,
            "reserve_fuel": 3468.7751017429982,
            "Mff": 0.8437236981652552,
            "MTOW": 2538643.1966015813,
            "LD": 27.810556420429148,
            "total_fuel_L": 48629.30979033282,
            "mission_fuel_L": 48198.095362329674,
            "reserve_fuel_L": 431.2144280031573,
            "max_fuel_L": 53492.24076936611
        },
        "wing_design": {
            "taper_ratio": 0.4,
            "sweep_c_4": 0,
            "dihedral": 1,
            "sweep_x_c": 3.066485501125894,
            "chord_root": 11.383964747273298,
            "chord_tip": 4.553585898909319,
            "y_MAC": 13.660757696727961,
            "X_LEMAC": 30.031268435106355,
            "X_LE": 29.2994421299245,
            "MAC": 8.456659526545879,
            "S": 508.011041199272,
            "b": 63.750202584730474,
            "aspect_ratio": 8
        },
        "cg_range": {
            "most_aft_cg": 31.874599872370627,
            "most_aft_mission": "DESIGN_OEW_PAYLOAD_FUEL",
            "most_forward_cg": 30.031268435106355,
            "most_forward_mission": "DESIGN_OEW"
        },
        "empennage_design": {
            "vertical_tail": {
                "S": 76.61861886040812,
                "l_v": 35.44961392675046,
                "b": 10.720444407328094,
                "chord_root": 10.471023975201806,
                "chord_tip": 3.8229019012356495,
                "sweep": 25.938031088089183,
                "taper": 0.36509341496011344,
                "aspect_ratio": 1.5,
                "LE_pos": 64.30714711256408,
                "relative_pos_mac/4": 0.8967215480038735,
                "MAC": 7.662304530309632,
                "sweep_c_4": 10
            },
            "horizontal_tail": {
                "S": 100.4155389133867,