{
    "design_id": 2,
    "inputs": {
        "cruise_altitude": 8,
        "aircraft_type": "PROP",
        "wing_type": "HIGH",
        "tail_type": "H_TAIL",
        "n_wings": 1,
        "n_fuselages": 2,
        "depth": 0.1,
        "jet_consumption": 2.7e-05,
        "prop_consumption": 2.1e-08,
        "prop_efficiency": 0.85,
        "Cd0": 0.020300059548170414,
        "oswald_factor": 0.5165840932860424,
        "aspect_ratio": 10,
        "aspect_h": 4.5,
        "aspect_v": 1.5,
        "sweep_h": 5,
        "sweep_hc4": 30,
        "taper_h": 0.3,
        "sweep_v": 10,
        "taper_v": 0.6,
        "h_position": 0.840443527069524,
        "v_position": 0.8304561089610522,
        "tfo": 0.001,
        "n_engines": 6.0,
        "CLmax_clean": 1.6,
        "CLmax_takeoff": 2.4,
        "CLmax_landing": 2.4,
        "CL_hydro": 0.5,
        "r_float": 3.1024023952751247,
        "upsweep": 11,
        "xcg_OEW": 0.4,
        "V_h": 0.9,
        "V_v": 0.083867,
        "xc_OEW": 0.2,
        "xc_wing": 0.4,
        "xc_fuselage": 0.4,
        "mf_wing": 0.12,
        "mf_fuselage": 0.2,
        "ltcd": 4.5,
        "lnd": 1.5,
        "lfd": 8.5,
        "engine_power": 8202000
    },
    "requirements": {
        "design_range": 3704000,
        "design_payload": 90000,
        "design_crew": 425,
        "ferry_range": 12038000,
        "reserve_range": 185200,
        "ferry_payload": 0,
        "ferry_crew": 170,
        "altitude_range_WIG": 943600,
        "altitude_range_WOG": 538000,
        "altitude_payload": 90000,
        "altitude_crew": 425,
        "cruise_speed": 115.749,
        "stall_speed_clean": 77.16,
        "stall_speed_takeoff": 61.9,
        "stall_speed_landing": 61.9,
        "stall_speed_high": 82.3,
        "high_altitude": 3048.0,
        "cargo_width": 3.5,
        "cargo_height": 4,
        "cargo_length": 7.32,
        "cargo_density": 160
    },
    "outputs": {
        "general": {
            "d_fuselage": 6.2048047905502495,
            "r_fuselage": 3.1024023952751247,
            "l_fuselage": 52.740840719677124,
            "l_tailcone": 27.921621557476122,
            "l_nose": 9.307207185825375,
            "l_cargo_straight": 8.74654837462985,
            "Re": 3407446264.9855022,
            "Cd_water": 0.0013218773711531056,
            "hull_surface": 224.16418708256532,
            "take_off_power": 47857314.10082371,
            "take_off_thrust": null,
            "V_lof": 64.995,
            "LD_g": 14.137310589974215,
            "xcg_payload": 0.36692342744070505,
            "fuselage_separation": 12.409609581100499
        },
        "design": {
            "MTOW": 2572020.246254603,
            "total_fuel": 412740.3559418936,
            "OEW": 1269638.6200664546,
            "EW": 1269213.6200664546,
            "ZFW": 2159279.8903127094,
            "MTOM": 262183.5113409381,
            "S": 511.7584949430478,
            "b": 71.53729761062043,
            "MAC": 7.153729761062041,
            "fuel_economy": 0.07437328679825092,
            "h_b": 0.11182977645513296,
            "k": 1.7651752446920737,
            "WP": 0.0913267177953486,
            "TW": null,
            "WS": 5025.609067596522,
            "P": 28162845.5324341,
            "T": null,
            "LD": 24.95485372195421,
            "max_fuel": 454014.391536083,
            "mission_fuel": 408852.99462582177,
            "reserve_fuel": 3887.3613160718232,
            "Mff": 0.8395267857852482
        },
        "ferry": {
            "MTOW": 768706.8168132532,
            "total_fuel": 130976.07170856225,
            "OEW": 632792.7882878777,
            "EW": 632622.7882878777,
            "ZFW": 637730.745104691,
            "MTOM": 78359.51241725312,
            "S": 152.9393417180335,
            "b": 39.10745986612189,
            "MAC": 3.91074598661219,
            "fuel_economy": 0,
            "h_b": 0.2045645518115141,
            "k": 1.538454242905454,
            "WP": 0.09132664726172268,
            "TW": null,
            "WS": 5025.609067596522,
            "P": 8417114.170525756,
            "T": null,
            "LD": 21.749605460489608,
            "max_fuel": 144073.67887941847,
            "mission_fuel": 129658.59014343284,
            "reserve_fuel": 1317.4815651294048,
            "Mff": 0.8296150510912133
        },
        "altitude": {
            "MTOW": 2422692.304004797,
            "total_fuel": 316297.3759601581,
            "OEW": 1216902.9857406337,
            "EW": 1216477.9857406337,
            "ZFW": 2106394.9280446386,
            "MTOM": 246961.49887918416,
            "S": 482.0677830193935,
            "b": 69.43110131773753,
            "MAC": 6.9431101317737545,
            "fuel_economy": 0.13708846503532326,
            "h_b": 0.11522213889982247,
            "k": 1.7515318165890927,
            "WP": 0.09132664726147131,
            "TW": null,
            "WS": 5025.609067596522,
            "P": 26527770.115862742,
            "T": null,
            "LD": 24.761949299341754,
            "max_fuel": 347927.113556174,
            "mission_fuel": 312475.6546765484,
            "reserve_fuel": 3821.721283609746,
            "Mff": 0.8694438516037273
        },
        "max": {
            "MTOM": 262183.5113409381,
            "S": 511.7584949430478,
            "b": 71.53729761062043,
            "MAC": 7.153729761062041,
            "fuel_economy": 0.07437328679825092,
            "OEW": 1269638.6200664546,
            "total_fuel": 412740.3559418936,
            "max_fuel": 454014.391536083,
            "mission_fuel": 408852.99462582177,
            "reserve_fuel": 3887.3613160718232,
            "Mff": 0.8296150510912133,
            "MTOW": 2572020.246254603,
            "LD": 24.95485372195421
        },
        "wing_design": {
            "taper_ratio": 0.4,
            "sweep_c_4": 0,
            "dihedral": 1,
            "sweep_x_c": 2.454031674527076,
            "chord_root": 10.219613944374345,
            "chord_tip": 4.0878455777497384,
            "y_MAC": 15.329420916561519,
            "X_LEMAC": 20.488999230605177,
            "X_LE": 19.832024048466828,
            "MAC": 7.591713215820942,
            "S": 511.7584949430478,
            "b": 71.53729761062043,
            "aspect_ratio": 10
        },
        "cg_range": {
            "most_aft_cg": 21.936200085249062,
            "most_aft_mission": "DESIGN_OEW_FUEL",
            "most_forward_cg": 20.362835613720097,
            "most_forward_mission": "ALTITUDE_OEW_PAYLOAD"
        },
        "empennage_design": {
            "vertical_tail": {
                "S": 70.27649321185062,
                "l_v": 21.84482757518156,
                "mac": 14.401771856330363,
                "b": 7.259984153487387,
                "chord_root": 11.388210436842959,
                "chord_tip": 7.971747305790071,
                "sweep": 10,
                "taper": 0.7,
                "MAC": 9.780463081053366,
                "aspect_ratio": 1.5,
                "LE_pos": 41.052630282834166,
                "relative_pos_mac/4": 0.8304561089610522
            },
            "horizontal_tail": {
                "S": 156.28944309150856,
                "l_h": 22.372665019886874,
                "mac": 7.64605310200267,
                "b": 26.519850940602748,
                "chord_root": 9.066615706188974,
                "chord_tip": 2.7199847118566924,
                "sweep": 5,
                "sweep_hc4": 30,
                "taper": 0.3,
                "MAC": 6.46286965723214,
                "sweep_c_4": 30,
                "aspect_ratio": 4.5,
                "tail_height": 13.464788944037636,
                "LE_pos": 42.2340451262468,
                "relative_pos_mac/4": 0.840443527069524
            }
        }
    },
    "kinematic_viscosity": 1.006e-06,
    "rho_water": 1000,
    "viscosity_air": 1.48e-05,
    "rho_air": 1.225
}