{
    "design_id": 4,
    "requirements": {
        "design_range": 3704000,
        "design_payload": 90000,
        "design_crew": 425,
        "ferry_range": 12038000,
        "reserve_range": 185200,
        "ferry_payload": 0,
        "ferry_crew": 425,
        "altitude_range_WIG": 943600,
        "altitude_range_WOG": 538000,
        "altitude_payload": 90000,
        "altitude_crew": 425,
        "cruise_speed": 115.749,
        "stall_speed_clean": 77.16,
        "stall_speed_takeoff": 61.728,
        "stall_speed_landing": 51.44,
        "stall_speed_high": 82.3,
        "high_altitude": 3048.0,
        "cargo_width": 3.5,
        "cargo_height": 4,
        "cargo_length": 7.32,
        "cargo_density": 160
    },
    "inputs": {
        "cruise_altitude": 5,
        "aircraft_type": "PROP",
        "wing_type": "HIGH",
        "n_wings": 2,
        "n_fuselages": 1,
        "depth": 0.05,
        "jet_consumption": 2.7e-05,
        "prop_consumption": 2.18e-08,
        "prop_efficiency": 0.82,
        "Cd0": 0.023484175557793377,
        "oswald_factor": 0.85,
        "aspect_ratio": 6,
        "Cl_alpha": 5.0,
        "tfo": 0.001,
        "reserve_fuel": 0,
        "n_engines": 8,
        "CLmax_clean": 1.5,
        "CLmax_takeoff": 1.6,
        "CLmax_landing": 1.8,
        "r_float": 1.5,
        "k": 1.381447133330634,
        "upsweep": 11
    },
    "outputs": {
        "general": {
            "d_fuselage": 8.832726010325398,
            "r_fuselage": 4.416363005162699,
            "l_fuselage": 75.07817108776588,
            "l_tailcone": 39.747267046464295,
            "l_nose": 13.249089015488098,
            "L": 128.07452714971828,
            "l_cargo_straight": 15.316351424067726,
            "LD": 13.059975721072268,
            "Re": 4856433744.661571,
            "Cd": 0.0012694763866858833,
            "hull_surface": 101.58680442362811,
            "V_lof": 64.8144
        },
        "design": {
            "take_off_power": 21410785.135613106,
            "take_off_thrust": null,
            "MTOM": 285338.3945564729,
            "MTOW": 2799169.650598999,
            "OEW": 1349857.1494612761,
            "ZFW": 2239725.5691118753,
            "EW": 1349432.1494612761,
            "Fuel": 559444.0814871241,
            "Fuel_used": 559444.0814871241,
            "Fuel_reserve": 0.0,
            "S": 839.8346259729049,
            "b": 50.19465985459723,
            "MAC": 16.731553284865743,
            "h_b": 0.09961219011113709,
            "k": 1.3993486397248602,
            "WP": 0.07745536694056192,
            "TW": null,
            "WS": 3332.77241396741,
            "fuel_economy": 0.20353376723144653,
            "design_payload": 90000,
            "P": 36139130.97522396,
            "T": null,
            "Re": 4856433744.661571,
            "Cd": 0.0012698173027415375,
            "hull_surface": 101.34572461062017,
            "stall_speed_clean": 77.16,
            "LD": 13.059975721072268,
            "V_lof": 64.8144,
            "fuel_used": 559444.0814871241,
            "fuel_res": 0.0,
            "fuel": 559444.0814871241
        },
        "ferry": {
            "take_off_power": 21410785.135613106,
            "take_off_thrust": null,
            "MTOM": 89057.71601944057,
            "MTOW": 873656.1941507121,
            "OEW": 669855.9922844368,
            "ZFW": 674898.8984785875,
            "EW": 669430.9922844368,
            "Fuel": 198757.29567212463,
            "Fuel_used": 198757.29567212463,
            "Fuel_reserve": 0.0,
            "S": 262.1214186365908,
            "b": 28.042187074295267,
            "MAC": 9.347395691431755,
            "h_b": 0.17830278311577294,
            "k": 1.215483273101125,
            "WP": 0.07745536694056192,
            "TW": null,
            "WS": 3332.77241396741,
            "ferry_payload": 0,
            "P": 11279479.120164039,
            "T": null,
            "Re": 4856433744.661571,
            "Cd": 0.0012698173027415375,
            "hull_surface": 101.34572461062017,
            "stall_speed_clean": 77.16,
            "LD": 13.059975721072268,
            "fuel_used": 198757.29567212463,
            "fuel_res": 0.0,
            "fuel": 198757.29567212463
        },
        "altitude": {
            "take_off_power": 21410785.135613106,
            "take_off_thrust": null,
            "MTOM": 259399.8561664047,
            "MTOW": 2544712.5889924304,
            "OEW": 1259994.8346772236,
            "ZFW": 2149608.797266216,
            "EW": 1259569.8346772236,
            "Fuel": 395103.7917262145,
            "Fuel_used": 395103.7917262145,
            "Fuel_reserve": 0.0,
            "S": 763.4977483430843,
            "b": 47.859097829245094,
            "MAC": 15.953032609748366,
            "cruise_altitude": 5,
            "h_b": 0.1044733441871248,
            "k": 1.381447133330634,
            "WP": 0.07745536694056192,
            "TW": null,
            "WS": 3332.77241396741,
            "fuel_economy": 0.3274178380707744,
            "altitude_payload": 90000,
            "P": 32853922.06514501,
            "T": null,
            "Re": 4856433744.661571,
            "Cd": 0.0012698173027415375,
            "hull_surface": 101.34572461062017,
            "stall_speed_clean": 77.16,
            "LD": 13.059975721072268,
            "V_lof": 64.8144,
            "fuel_used": 395103.7917262145,
            "fuel_res": 0.0,
            "fuel": 395103.7917262145
        },
        "max": {
            "MTOM": 285338.3945564729,
            "S": 839.8346259729049,
            "b": 50.19465985459723,
            "MAC": 16.731553284865743,
            "fuel_economy": 0.20353376723144653,
            "LD": 13.059975721072268
        },
        "wing_design": {
            "taper_ratio": 0.4,
            "sweep_c_4": 0,
            "dihedral": 1,
            "sweep_x_c": 4.085616779974877,
            "chord_root": 23.902218978379633,
            "chord_tip": 9.560887591351854,
            "y_MAC": 10.755998540270836,
            "X_LEMAC": 21.056440000000002,
            "X_LE": 20.288154389980658,
            "MAC": 17.75593409822487,
            "S": 839.8346259729049,
            "b": 50.19465985459723,
            "aspect_ratio": 6
        }
    },
    "gravitational_acceleration": 9.81,
    "kinematic_viscosity": 1.002e-06,
    "rho_water": 1000.0
}