{
    "design_id": 1,
    "inputs": {
        "cruise_altitude": 4,
        "aircraft_type": "PROP",
        "wing_type": "LOW",
        "n_wings": 1,
        "n_fuselages": 1,
        "depth": 0.05,
        "jet_consumption": 2.7e-05,
        "prop_consumption": 2.1e-08,
        "prop_efficiency": 0.85,
        "Cd0": 0.02434723936958912,
        "oswald_factor": 0.85,
        "aspect_ratio": 10,
        "tfo": 0.001,
        "reserve_fuel": 0,
        "n_engines": 8,
        "CLmax_clean": 1.5,
        "CLmax_takeoff": 1.7,
        "CLmax_landing": 1.7,
        "r_float": 4.4,
        "upsweep": 11
    },
    "requirements": {
        "design_range": 3704000,
        "design_payload": 90000,
        "design_crew": 425,
        "ferry_range": 12038000,
        "ferry_payload": 0,
        "reserve_range": 185200,
        "ferry_crew": 425,
        "altitude_range_WIG": 943600,
        "altitude_range_WOG": 538000,
        "altitude_payload": 90000,
        "altitude_crew": 425,
        "cruise_speed": 115.749,
        "stall_speed_clean": 77.16,
        "stall_speed_takeoff": 61.9,
        "stall_speed_landing": 61.9,
        "stall_speed_high": 82.3,
        "high_altitude": 3048.0,
        "cargo_width": 3.5,
        "cargo_height": 4,
        "cargo_length": 7.32,
        "cargo_density": 160
    },
    "outputs": {
        "general": {
            "d_fuselage": 8.832726010325398,
            "r_fuselage": 4.416363005162699,
            "l_fuselage": 75.07817108776588,
            "l_tailcone": 39.747267046464295,
            "l_nose": 13.249089015488098,
            "l_cargo_straight": 15.316351424067726,
            "LD_g": 16.558825930206265,
            "Re": 4850602117.146465,
            "Cd": 0.0012696487711144299,
            "hull_surface": 297.98795964264247,
            "take_off_power": 61104505.81607803,
            "take_off_thrust": null,
            "V_lof": 64.995
        },
        "design": {
            "MTOW": 2578223.849301696,
            "total_fuel": 416746.9333812621,
            "fuel_mission": 390879.5366012343,
            "fuel_reserve": 25867.396780027833,
            "OEW": 1271829.442071132,
            "EW": 1271404.442071132,
            "ZFW": 2161476.9159204336,
            "MTOM": 262815.88677897,
            "S": 723.9814528557438,
            "b": 85.08709966003917,
            "MAC": 8.508709966003916,
            "fuel_economy": 0.14576276152000267,
            "h_b": 0.04701065162617812,
            "k": 1.7573590774338659,
            "WP": 0.09385590949149301,
            "TW": null,
            "WS": 3561.1738935188127,
            "P": 27470021.475156903,
            "T": null,
            "LD": 29.099803060095258
        },
        "ferry": {
            "MTOW": 757622.3795833341,
            "total_fuel": 123817.2229240155,
            "fuel_mission": 120732.12050991232,
            "fuel_reserve": 3085.102414103181,
            "OEW": 628878.2842797353,
            "EW": 628453.2842797353,
            "ZFW": 633805.1566593186,
            "MTOM": 77229.6003652736,
            "S": 212.74512344431568,
            "b": 46.12430199410238,
            "MAC": 4.6124301994102375,
            "fuel_economy": 0,
            "h_b": 0.08672217956840744,
            "k": 1.4544922454909042,
            "WP": 0.09385590949149301,
            "TW": null,
            "WS": 3561.1738935188127,
            "P": 8072186.223415202,
            "T": null,
            "LD": 24.08468390991872
        },
        "altitude": {
            "MTOW": 2448676.527093298,
            "total_fuel": 333079.20439366763,
            "fuel_mission": 307788.99078938016,
            "fuel_reserve": 25290.213604287477,
            "OEW": 1226079.3961725368,
            "EW": 1225654.3961725368,
            "ZFW": 2115597.32269963,
            "MTOM": 249610.2474101221,
            "S": 687.6037509849733,
            "b": 82.92187594265903,
            "MAC": 8.292187594265902,
            "fuel_economy": 0.2869437324157241,
            "h_b": 0.04823817544559682,
            "k": 1.7425206237617323,
            "WP": 0.09385590949149301,
            "TW": null,
            "WS": 3561.1738935188127,
            "P": 26089742.674277138,
            "T": null,
            "LD": 28.85409568866497
        },
        "max": {
            "MTOM": 262815.88677897,
            "S": 723.9814528557438,
            "b": 85.08709966003917,
            "MAC": 8.508709966003916,
            "fuel_economy": 0.14576276152000267
        },
        "wing_design": {
            "taper_ratio": 0.4,
            "sweep_c_4": 0,
            "dihedral": 5,
            "sweep_x_c": 2.454031674527076,
            "chord_root": 12.155299951434166,
            "chord_tip": 4.862119980573667,
            "y_MAC": 18.232949927151253,
            "X_LEMAC": 21.056440000000002,
            "X_LE": 20.27502786026495,
            "MAC": 9.029651392493951,
            "S": 723.9814528557438,
            "b": 85.08709966003917,
            "aspect_ratio": 10
        },
        "empennage_design": {
            "S_h": 242.48927936696495,
            "S_v": 180.98858931042025
        }
    },
    "kinematic_viscosity": 1.006e-06,
    "rho_water": 1000
}