{
    "design_id": 4,
    "inputs": {
        "cruise_altitude": 4,
        "aircraft_type": "PROP",
        "wing_type": "LOW",
        "n_wings": 2,
        "n_fuselages": 1,
        "depth": 0.05,
        "jet_consumption": 2.7e-05,
        "prop_consumption": 2.1e-08,
        "prop_efficiency": 0.85,
        "Cd0": 0.022981105758276346,
        "oswald_factor": 0.85,
        "aspect_ratio": 6,
        "Cl_alpha": 5.0,
        "tfo": 0.001,
        "reserve_fuel": 0,
        "n_engines": 8,
        "CLmax_clean": 1.5,
        "CLmax_takeoff": 1.7,
        "CLmax_landing": 1.7,
        "r_float": 1.5,
        "upsweep": 11,
        "k": 1.2606165363840887
    },
    "requirements": {
        "design_range": 3704000,
        "design_payload": 90000,
        "design_crew": 425,
        "ferry_range": 12038000,
        "reserve_range": 185200,
        "ferry_payload": 0,
        "ferry_crew": 425,
        "altitude_range_WIG": 943600,
        "altitude_range_WOG": 538000,
        "altitude_payload": 90000,
        "altitude_crew": 425,
        "cruise_speed": 115.749,
        "stall_speed_clean": 77.16,
        "stall_speed_takeoff": 61.9,
        "stall_speed_landing": 61.9,
        "stall_speed_high": 82.3,
        "high_altitude": 3048.0,
        "cargo_width": 3.5,
        "cargo_height": 4,
        "cargo_length": 7.32,
        "cargo_density": 160
    },
    "outputs": {
        "general": {
            "d_fuselage": 8.832726010325398,
            "r_fuselage": 4.416363005162699,
            "l_fuselage": 75.07817108776588,
            "l_tailcone": 39.747267046464295,
            "l_nose": 13.249089015488098,
            "l_cargo_straight": 15.316351424067726,
            "Re": 4850602117.146465,
            "Cd": 0.0012696487711144299,
            "hull_surface": 101.58680442362811,
            "take_off_power": 20831081.52820842,
            "take_off_thrust": null,
            "V_lof": 64.995,
            "LD_g": 13.202147119663405
        },
        "design": {
            "MTOW": 2721150.218192705,
            "total_fuel": 509055.477422929,
            "fuel_mission": 484305.6699416121,
            "fuel_reserve": 24749.807481316908,
            "OEW": 1322304.340551583,
            "EW": 1321879.340551583,
            "ZFW": 2212094.740769776,
            "MTOM": 277385.34334278334,
            "S": 764.1160749988813,
            "b": 47.878473503200205,
            "MAC": 15.9594911677334,
            "fuel_economy": 0.1806022706747688,
            "h_b": 0.08354485235901765,
            "k": 1.4701451699262362,
            "WP": 0.08285045328569222,
            "TW": null,
            "WS": 3561.1738935188127,
            "P": 32844119.86026673,
            "T": null,
            "LD": 19.409072820628726
        },
        "ferry": {
            "MTOW": 833865.6946628953,
            "total_fuel": 173058.72722103738,
            "fuel_mission": 170395.3178305809,
            "fuel_reserve": 2663.4093904564797,
            "OEW": 655803.851747195,
            "EW": 655378.851747195,
            "ZFW": 660806.9674418579,
            "MTOM": 85001.59986369983,
            "S": 234.14221739192416,
            "b": 26.50333285033738,
            "MAC": 8.834444283445793,
            "fuel_economy": 0,
            "h_b": 0.15092441477408686,
            "k": 1.2606165363840887,
            "WP": 0.08285045170348143,
            "TW": null,
            "WS": 3561.1738935188127,
            "P": 10064709.093527557,
            "T": null,
            "LD": 16.64284471658965
        },
        "altitude": {
            "MTOW": 2499226.128308294,
            "total_fuel": 365726.5047221424,
            "fuel_mission": 341917.1952318203,
            "fuel_reserve": 23809.309490322135,
            "OEW": 1243931.147457843,
            "EW": 1243506.147457843,
            "ZFW": 2133499.6235861513,
            "MTOM": 254763.11195803198,
            "S": 701.837572016554,
            "b": 45.885866190469386,
            "MAC": 15.295288730156464,
            "fuel_economy": 0.3187605766057813,
            "h_b": 0.08717281228594984,
            "k": 1.4523459524640587,
            "WP": 0.08285045335259993,
            "TW": null,
            "WS": 3561.1738935188127,
            "P": 30165509.386797648,
            "T": null,
            "LD": 19.17408494565908
        },
        "max": {
            "MTOM": 277385.34334278334,
            "S": 764.1160749988813,
            "b": 47.878473503200205,
            "MAC": 15.9594911677334,
            "fuel_economy": 0.1806022706747688
        },
        "wing_design": {
            "taper_ratio": 0.4,
            "sweep_c_4": 0,
            "dihedral": 5,
            "sweep_x_c": 4.085616779974877,
            "chord_root": 22.799273096762004,
            "chord_tip": 9.119709238704802,
            "y_MAC": 10.259672893542902,
            "X_LEMAC": 21.056440000000002,
            "X_LE": 20.323606221889793,
            "MAC": 16.936602871880346,
            "S": 764.1160749988813,
            "b": 47.878473503200205,
            "aspect_ratio": 6
        }
    },
    "kinematic_viscosity": 1.006e-06,
    "rho_water": 1000,
    "viscosity_air": 1.48e-05,
    "rho_air": 1.225
}