{
    "design_id": 4,
    "inputs": {
        "cruise_altitude": 4,
        "aircraft_type": "PROP",
        "wing_type": "LOW",
        "n_wings": 2,
        "n_fuselages": 1,
        "depth": 0.05,
        "jet_consumption": 2.7e-05,
        "prop_consumption": 2.1e-08,
        "prop_efficiency": 0.85,
        "Cd0": 0.023205360895233722,
        "oswald_factor": 0.85,
        "aspect_ratio": 6,
        "Cl_alpha": 5.0,
        "tfo": 0.001,
        "reserve_fuel": 0,
        "n_engines": 8,
        "CLmax_clean": 1.5,
        "CLmax_takeoff": 1.7,
        "CLmax_landing": 1.7,
        "CL_hydro": 0.5,
        "r_float": 1.5,
        "upsweep": 11,
        "xcg_OEW": 0.45,
        "xcg_payload": 0.55,
        "V_h": 0.9,
        "V_v": 0.0838
    },
    "requirements": {
        "design_range": 3704000,
        "design_payload": 90000,
        "design_crew": 425,
        "ferry_range": 12038000,
        "reserve_range": 185200,
        "ferry_payload": 0,
        "ferry_crew": 170,
        "altitude_range_WIG": 943600,
        "altitude_range_WOG": 538000,
        "altitude_payload": 90000,
        "altitude_crew": 425,
        "cruise_speed": 115.749,
        "stall_speed_clean": 77.16,
        "stall_speed_takeoff": 61.9,
        "stall_speed_landing": 61.9,
        "stall_speed_high": 82.3,
        "high_altitude": 3048.0,
        "cargo_width": 3.5,
        "cargo_height": 4,
        "cargo_length": 7.32,
        "cargo_density": 160
    },
    "outputs": {
        "general": {
            "d_fuselage": 8.832726010325398,
            "r_fuselage": 4.416363005162699,
            "l_fuselage": 75.07817108776588,
            "l_tailcone": 39.747267046464295,
            "l_nose": 13.249089015488098,
            "l_cargo_straight": 15.316351424067726,
            "Re": 4850602117.146465,
            "Cd_water": 0.0012696487711144299,
            "hull_surface": 50.9373226662635,
            "take_off_power": 10445052.655311173,
            "take_off_thrust": null,
            "V_lof": 64.995,
            "LD_g": 13.138199892590515
        },
        "design": {
            "MTOW": 2671601.2227316583,
            "total_fuel": 477054.41516111366,
            "OEW": 1304805.956347813,
            "EW": 1304380.956347813,
            "ZFW": 2194546.8075705445,
            "MTOM": 272334.47734267666,
            "S": 750.2024058959493,
            "b": 47.44056510717223,
            "MAC": 15.813521702390746,
            "fuel_economy": 0.08491495002281038,
            "h_b": 0.08431602766458753,
            "k": 1.4662600101085432,
            "WP": 0.08235589165771333,
            "TW": null,
            "WS": 3561.1738935188127,
            "P": 32439709.76400011,
            "T": null,
            "LD": 19.26401710731783,
            "max_fuel": 524759.8566772251,
            "mission_fuel": 466803.78264719225,
            "reserve_fuel": 10250.632513921417,
            "fuel_mission": 466803.78264719225,
            "fuel_reserve": 10250.632513921417,
            "Mff": 0.8214350214013845
        },
        "ferry": {
            "MTOW": 829293.5045090066,
            "total_fuel": 170105.79264736924,
            "OEW": 654189.1683571283,
            "EW": 654019.1683571283,
            "ZFW": 659187.7118616374,
            "MTOM": 84535.5254341495,
            "S": 232.87082554948694,
            "b": 26.431278377113372,
            "MAC": 8.810426125704456,
            "fuel_economy": 0,
            "h_b": 0.15133585076473513,
            "k": 1.2598328253976159,
            "WP": 0.08235589165771333,
            "TW": null,
            "WS": 3561.1738935188127,
            "P": 10069631.78731289,
            "T": null,
            "LD": 16.55193549132096,
            "max_fuel": 187116.37191210617,
            "mission_fuel": 166520.87705156716,
            "reserve_fuel": 3584.915595802071,
            "fuel_mission": 166520.87705156716,
            "fuel_reserve": 3584.915595802071,
            "Mff": 0.7948786627141347
        },
        "altitude": {
            "MTOW": 2453670.9436315936,
            "total_fuel": 336304.8325444763,
            "OEW": 1227843.1901434856,
            "EW": 1227418.1901434856,
            "ZFW": 2117366.1110871173,
            "MTOM": 250119.36224583013,
            "S": 689.0062145230178,
            "b": 45.4644767216016,
            "MAC": 15.154825573867196,
            "fuel_economy": 0.1431505694452187,
            "h_b": 0.08798077726691342,
            "k": 1.4485416851913375,
            "WP": 0.08235589165771333,
            "TW": null,
            "WS": 3561.1738935188127,
            "P": 29793508.323964417,
            "T": null,
            "LD": 19.031230212793716,
            "max_fuel": 369935.31579892396,
            "mission_fuel": 326293.44776155794,
            "reserve_fuel": 10011.38478291838,
            "fuel_mission": 326293.44776155794,
            "fuel_reserve": 10011.38478291838,
            "Mff": 0.8629380873513858
        },
        "max": {
            "MTOM": 272334.47734267666,
            "S": 750.2024058959493,
            "b": 47.44056510717223,
            "MAC": 15.813521702390746,
            "fuel_economy": 0.08491495002281038,
            "OEW": 1304805.956347813,
            "total_fuel": 477054.41516111366,
            "max_fuel": 524759.8566772251,
            "mission_fuel": 466803.78264719225,
            "reserve_fuel": 10250.632513921417,
            "Mff": 0.7948786627141347,
            "MTOW": 1744319.4513770815
        },
        "wing_design": {
            "taper_ratio": 0.4,
            "sweep_c_4": 0,
            "dihedral": 5,
            "sweep_x_c": 4.085616779974877,
            "chord_root": 22.59074528912964,
            "chord_tip": 9.036298115651856,
            "y_MAC": 10.165835380108337,
            "X_LEMAC": 21.056440000000002,
            "X_LE": 20.330308901420835,
            "MAC": 16.781696500496302,
            "S": 750.2024058959493,
            "b": 47.44056510717223,
            "aspect_ratio": 6
        },
        "cg_range": {
            "most_aft_cg": 36.92561195870009,
            "most_aft_mission": "ALTITUDE_OEW_PAYLOAD",
            "most_forward_cg": 32.40212780415206,
            "most_forward_mission": "DESIGN_OEW_FUEL"
        },
        "empennage_design": {
            "S_h": 348.4123905193982,
            "S_v": 97.32319441841854,
            "l_h": 30.6447420202892,
            "l_v": 30.6447420202892
        }
    },
    "kinematic_viscosity": 1.006e-06,
    "rho_water": 1000,
    "viscosity_air": 1.48e-05,
    "rho_air": 1.225
}