{
    "design_id": 4,
    "inputs": {
        "cruise_altitude": 5,
        "aircraft_type": "PROP",
        "wing_type": "HIGH",
        "n_wings": 2,
        "n_fuselages": 1,
        "depth": 0.05,
        "jet_consumption": 2.7e-05,
        "prop_consumption": 2.18e-08,
        "prop_efficiency": 0.82,
        "Cd0": 0.023484175557793377,
        "oswald_factor": 0.85,
        "aspect_ratio": 6,
        "Cl_alpha": 5.0,
        "tfo": 0.001,
        "reserve_fuel": 0,
        "n_engines": 8,
        "CLmax_clean": 1.5,
        "CLmax_takeoff": 1.7,
        "CLmax_landing": 1.7,
        "r_float": 1.5,
        "upsweep": 11
    },
    "requirements": {
        "design_range": 3704000,
        "design_payload": 90000,
        "design_crew": 425,
        "ferry_range": 12038000,
        "reserve_range": 185200,
        "ferry_payload": 0,
        "ferry_crew": 425,
        "altitude_range_WIG": 943600,
        "altitude_range_WOG": 538000,
        "altitude_payload": 90000,
        "altitude_crew": 425,
        "cruise_speed": 115.749,
        "stall_speed_clean": 77.16,
        "stall_speed_takeoff": 61.9,
        "stall_speed_landing": 61.9,
        "stall_speed_high": 82.3,
        "high_altitude": 3048.0,
        "cargo_width": 3.5,
        "cargo_height": 4,
        "cargo_length": 7.32,
        "cargo_density": 160
    },
    "outputs": {
        "general": {
            "d_fuselage": 8.832726010325398,
            "r_fuselage": 4.416363005162699,
            "l_fuselage": 75.07817108776588,
            "l_tailcone": 39.747267046464295,
            "l_nose": 13.249089015488098,
            "l_cargo_straight": 15.316351424067726,
            "Re": 4850602117.146465,
            "Cd": 0.0012696487711144299,
            "hull_surface": 101.58680442362811,
            "take_off_power": 21593194.26704531,
            "take_off_thrust": null,
            "V_lof": 64.995,
            "LD_g": 13.059975721072268
        },
        "design": {
            "MTOW": 2790904.5484747146,
            "total_fuel": 554106.0913781739,
            "fuel_mission": 529883.0003101905,
            "fuel_reserve": 24223.09106798342,
            "OEW": 1346938.3025480662,
            "EW": 1346513.3025480662,
            "ZFW": 2236798.457096541,
            "MTOM": 284495.87650099024,
            "S": 783.7787800694596,
            "b": 48.49057991206517,
            "MAC": 16.16352663735506,
            "fuel_economy": 0.1975984981954,
            "h_b": 0.10311281096384509,
            "k": 1.3863188302799767,
            "WP": 0.07886208937847018,
            "TW": null,
            "WS": 3560.831988190202,
            "P": 35389685.595074385,
            "T": null,
            "LD": 18.105290265121802
        },
        "ferry": {
            "MTOW": 871038.1277941386,
            "total_fuel": 197066.4257825799,
            "fuel_mission": 194598.58782003104,
            "fuel_reserve": 2467.8379625488597,
            "OEW": 668931.4138837646,
            "EW": 668506.4138837646,
            "ZFW": 673971.7020115587,
            "MTOM": 88790.83871499884,
            "S": 244.6164643078389,
            "b": 27.089654721378725,
            "MAC": 9.029884907126242,
            "fuel_economy": 0,
            "h_b": 0.18457230449873838,
            "k": 1.2068408702352835,
            "WP": 0.07886208937847018,
            "TW": null,
            "WS": 3560.831988190202,
            "P": 11045080.528032994,
            "T": null,
            "LD": 15.76131246447053
        },
        "altitude": {
            "MTOW": 2522585.1879249713,
            "total_fuel": 380812.8796166321,
            "fuel_mission": 357697.2443411726,
            "fuel_reserve": 23115.6352754595,
            "OEW": 1252180.4731204144,
            "EW": 1251755.4731204144,
            "ZFW": 2141772.308308339,
            "MTOM": 257144.25972731612,
            "S": 708.4257826024134,
            "b": 46.100730447653866,
            "MAC": 15.366910149217954,
            "fuel_economy": 0.33347190912462205,
            "h_b": 0.10845815134485483,
            "k": 1.3677560291805428,
            "WP": 0.07886208937847018,
            "TW": null,
            "WS": 3560.831988190202,
            "P": 31987298.432060715,
            "T": null,
            "LD": 17.862860533448103
        },
        "max": {
            "MTOM": 284495.87650099024,
            "S": 783.7787800694596,
            "b": 48.49057991206517,
            "MAC": 16.16352663735506,
            "fuel_economy": 0.1975984981954
        },
        "wing_design": {
            "taper_ratio": 0.4,
            "sweep_c_4": 0,
            "dihedral": 1,
            "sweep_x_c": 4.085616779974877,
            "chord_root": 23.09075233907866,
            "chord_tip": 9.236300935631464,
            "y_MAC": 10.390838552585397,
            "X_LEMAC": 21.056440000000002,
            "X_LE": 20.314237246243902,
            "MAC": 17.153130309029862,
            "S": 783.7787800694596,
            "b": 48.49057991206517,
            "aspect_ratio": 6
        }
    },
    "kinematic_viscosity": 1.006e-06,
    "rho_water": 1000
}