{
    "design_id": 1,
    "requirements": {
        "design_range": 3704000,
        "design_payload": 90000,
        "design_crew": 425,
        "ferry_range": 12038000,
        "ferry_payload": 0,
        "reserve_range": 185200,
        "ferry_crew": 425,
        "altitude_range_WIG": 943600,
        "altitude_range_WOG": 538000,
        "altitude_payload": 90000,
        "altitude_crew": 425,
        "cruise_speed": 115.749,
        "stall_speed_clean": 77.16,
        "stall_speed_takeoff": 77.16,
        "stall_speed_landing": 77.16,
        "stall_speed_high": 82.3,
        "high_altitude": 3048.0,
        "cargo_width": 3.5,
        "cargo_height": 4,
        "cargo_length": 7.32,
        "cargo_density": 160
    },
    "inputs": {
        "cruise_altitude": 4,
        "aircraft_type": "PROP",
        "wing_type": "HIGH",
        "n_wings": 1,
        "n_fuselages": 1,
        "depth": 0.05,
        "jet_consumption": 2.7e-05,
        "prop_consumption": 2.1e-08,
        "prop_efficiency": 0.82,
        "Cd0": 0.02434723936958912,
        "oswald_factor": 0.85,
        "aspect_ratio": 10,
        "tfo": 0.001,
        "reserve_fuel": 0,
        "n_engines": 8,
        "CLmax_clean": 1.5,
        "CLmax_takeoff": 1.6,
        "CLmax_landing": 1.8,
        "r_float": 4.4,
        "k": 1.64146396540436,
        "upsweep": 11
    },
    "outputs": {
        "general": {
            "d_fuselage": 8.832726010325398,
            "l_fuselage": 75.07817108776588,
            "l_tailcone": 39.747267046464295,
            "l_nose": 13.249089015488098,
            "r_fuselage": 4.416363005162699,
            "LD": 16.558825930206265,
            "l_cargo_straight": 15.316351424067726,
            "Re": 6070542180.8269615,
            "Cd": 0.0012380603518356813,
            "hull_surface": 297.98795964264247,
            "V_lof": 81.018
        },
        "design": {
            "take_off_power": 119630312.83054586,
            "take_off_thrust": null,
            "MTOM": 266430.671683904,
            "MTOW": 2613684.8892190983,
            "OEW": 1284352.6202903101,
            "ZFW": 2174035.5551795294,
            "EW": 1283927.6202903101,
            "Fuel": 439649.33403956896,
            "Fuel_used": 439649.33403956896,
            "Fuel_reserve": 0.0,
            "S": 501.85315619905674,
            "b": 70.84159485775689,
            "MAC": 7.0841594857756895,
            "cruise_altitude": 4,
            "h_b": 0.05646400265312512,
            "k": 1.6560414968115666,
            "WP": 0.10203885719368126,
            "TW": null,
            "WS": 5207.956908413346,
            "fuel_economy": 0.1599507228318576,
            "design_payload": 90000,
            "P": 25614603.70198021,
            "T": null,
            "Cd": 0.0011961923747502632,
            "hull_surface": 508.33240174333133,
            "LD": 16.558825930206265,
            "fuel_used": 439649.33403956896,
            "fuel_res": 0.0,
            "fuel": 439649.33403956896
        },
        "ferry": {
            "take_off_power": 119630312.83054586,
            "take_off_thrust": null,
            "MTOM": 78977.06183386587,
            "MTOW": 774764.9765902242,
            "OEW": 634932.2465424573,
            "ZFW": 639876.2615190477,
            "EW": 634507.2465424573,
            "Fuel": 134888.7150711766,
            "Fuel_used": 134888.7150711766,
            "Fuel_reserve": 0.0,
            "S": 148.75981338475907,
            "b": 38.56939374488003,
            "MAC": 3.8569393744880025,
            "cruise_altitude": 4,
            "h_b": 0.10370917485657881,
            "k": 1.3841705921487844,
            "WP": 0.09504290474618554,
            "TW": null,
            "WS": 5207.956908413346,
            "ferry_payload": 0,
            "P": 8151739.245125699,
            "T": null,
            "Re": 6070542180.8269615,
            "Cd": 0.0011961923747502632,
            "stall_speed_clean": 77.16,
            "hull_surface": 508.33240174333133,
            "fuel_used": 134888.7150711766,
            "fuel_res": 0.0,
            "fuel": 134888.7150711766
        },
        "altitude": {
            "take_off_power": 119630312.83054586,
            "take_off_thrust": null,
            "MTOM": 251991.3167269131,
            "MTOW": 2472034.8170910175,
            "OEW": 1234328.450041742,
            "ZFW": 2123869.7348588333,
            "EW": 1233903.450041742,
            "Fuel": 348165.0822321842,
            "Fuel_used": 348165.0822321842,
            "Fuel_reserve": 0.0,
            "S": 474.64728300354284,
            "b": 68.89465022797799,
            "MAC": 6.8894650227978,
            "cruise_altitude": 4,
            "h_b": 0.05805966046367425,
            "k": 1.64146396540436,
            "WP": 0.10203885719368126,
            "TW": null,
            "WS": 5207.956908413346,
            "fuel_economy": 0.2885202848045249,
            "altitude_payload": 90000,
            "P": 24226406.342427146,
            "T": null,
            "fuel_used": 348165.0822321842,
            "fuel_res": 0.0,
            "fuel": 348165.0822321842
        },
        "max": {
            "MTOM": 266430.671683904,
            "S": 501.85315619905674,
            "b": 70.84159485775689,
            "MAC": 7.0841594857756895,
            "fuel_economy": 0.1599507228318576,
            "LD": 16.558825930206265
        },
        "wing_design": {
            "taper_ratio": 0.4,
            "sweep_c_4": 0,
            "dihedral": 1,
            "sweep_x_c": 2.454031674527076,
            "chord_root": 10.120227836822414,
            "chord_tip": 4.048091134728966,
            "y_MAC": 15.180341755233622,
            "X_LEMAC": 21.056440000000002,
            "X_LE": 20.405853924775705,
            "MAC": 7.517883535925221,
            "S": 501.85315619905674,
            "b": 70.84159485775689,
            "aspect_ratio": 10
        }
    },
    "gravitational_acceleration": 9.81,
    "kinematic_viscosity": 1.002e-06,
    "rho_water": 1000.0
}