{
    "design_id": 4,
    "requirements": {
        "design_range": 3704000,
        "design_payload": 90000,
        "design_crew": 425,
        "ferry_range": 12038000,
        "ferry_payload": 0,
        "ferry_crew": 425,
        "altitude_range_WIG": 943600,
        "altitude_range_WOG": 538000,
        "altitude_payload": 90000,
        "altitude_crew": 425,
        "cruise_speed": 115.749,
        "stall_speed_clean": 77.16,
        "stall_speed_takeoff": 61.728,
        "stall_speed_landing": 51.44,
        "high_altitude": 3048.0,
        "cargo_width": 3.5,
        "cargo_height": 4,
        "cargo_length": 7.32,
        "cargo_density": 160
    },
    "inputs": {
        "cruise_altitude": 5,
        "aircraft_type": "PROP",
        "n_wings": 2,
        "n_fuselages": 1,
        "depth": 0.05,
        "jet_consumption": 2.7e-05,
        "prop_consumption": 2.18e-08,
        "prop_efficiency": 0.82,
        "Cd0": 0.023484175557793377,
        "oswald_factor": 0.85,
        "aspect_ratio": 6,
        "Cl_alpha": 5.0,
        "tfo": 0.001,
        "reserve_fuel": 0,
        "n_engines": 8,
        "CLmax_clean": 1.5,
        "CLmax_takeoff": 1.6,
        "CLmax_landing": 1.8,
        "L": 128.07452714971828,
        "r_fuselage": 4.416363005162699,
        "r_float": 1.5,
        "k": 1.3797606191885052,
        "upsweep": 11,
        "d_fuselage": 8.832726010325398,
        "l_fuselage": 75.07817108776588,
        "l_tailcone": 39.747267046464295,
        "l_nose": 13.249089015488098
    },
    "design": {
        "take_off_power": 34415816.092373334,
        "take_off_thrust": null,
        "MTOM": 284023.84801599244,
        "MTOW": 2786273.949036886,
        "OEW": 1345302.991734941,
        "ZFW": 2235158.515683978,
        "EW": 1344877.991734941,
        "Fuel": 551115.4333529079,
        "Fuel_used": 551115.4333529079,
        "Fuel_reserve": 0.0,
        "S": 835.9660104410469,
        "b": 50.0789180326726,
        "MAC": 16.692972677557535,
        "h_b": 0.09984241266430495,
        "k": 1.3984689756353885,
        "WP": 0.07745536694056192,
        "TW": null,
        "WS": 3332.77241396741,
        "fuel_economy": 0.20551627793134045,
        "design_payload": 90000,
        "P": 35972638.941534296,
        "T": null,
        "Re": 8284504623.246209,
        "Cd": 0.0011961923747502632,
        "hull_surface": 173.29513695795384,
        "stall_speed_clean": 77.16,
        "LD": 13.059975721072268,
        "V_lof": 64.8144
    },
    "ferry": {
        "take_off_power": 34415816.092373334,
        "take_off_thrust": null,
        "MTOM": 88577.55515105987,
        "MTOW": 868945.8160318974,
        "OEW": 668192.5073782111,
        "ZFW": 673230.7031942431,
        "EW": 667767.5073782111,
        "Fuel": 195715.11283765436,
        "Fuel_used": 195715.11283765436,
        "Fuel_reserve": 0.0,
        "S": 260.70922446892047,
        "b": 27.96654561090378,
        "MAC": 9.322181870301259,
        "h_b": 0.17878504086863584,
        "k": 1.2147990902894599,
        "WP": 0.07745536694056192,
        "TW": null,
        "WS": 3332.77241396741,
        "ferry_payload": 0,
        "P": 11218665.024190169,
        "T": null,
        "Re": 8284504623.246209,
        "Cd": 0.0011961923747502632,
        "hull_surface": 173.29513695795384,
        "stall_speed_clean": 77.16,
        "LD": 13.059975721072268,
        "V_lof": 64.8144
    },
    "altitude": {
        "take_off_power": 34415816.092373334,
        "take_off_thrust": null,
        "MTOM": 257038.5304695362,
        "MTOW": 2521547.9839061503,
        "OEW": 1251814.1812460746,
        "ZFW": 2141404.979229981,
        "EW": 1251389.1812460746,
        "Fuel": 380143.0046761693,
        "Fuel_used": 380143.0046761693,
        "Fuel_reserve": 0.0,
        "S": 756.5613152123541,
        "b": 47.64120008602913,
        "MAC": 15.880400028676378,
        "cruise_altitude": 5,
        "h_b": 0.10495117652307544,
        "k": 1.3797606191885052,
        "WP": 0.07745536694056192,
        "TW": null,
        "WS": 3332.77241396741,
        "fuel_economy": 0.3543975121844148,
        "altitude_payload": 90000,
        "P": 32554851.69725099,
        "T": null,
        "Re": 8284504623.246209,
        "Cd": 0.0011961923747502632,
        "hull_surface": 173.29513695795384,
        "stall_speed_clean": 77.16,
        "LD": 13.059975721072268,
        "V_lof": 64.8144
    },
    "max": {
        "MTOM": 284023.84801599244,
        "S": 835.9660104410469,
        "b": 50.0789180326726,
        "MAC": 16.692972677557535,
        "fuel_economy": 0.20551627793134045
    },
    "gravitational_acceleration": 9.81,
    "kinematic_viscosity": 1.002e-06,
    "rho_water": 1000.0,
    "V_lof": 64.8144,
    "LD": 13.059975721072268
}