{
    "aircraft_type": "PROP",
    "cruise_altitude": 5,
    "design_range": 3704000,
    "design_payload": 90000,
    "design_crew": 425,
    "ferry_range": 12038000,
    "ferry_payload": 0,
    "ferry_crew": 425,
    "altitude_range_WIG": 943600,
    "altitude_range_WOG": 538000,
    "altitude_payload": 90000,
    "altitude_crew": 425,
    "cruise_speed": 115.749,
    "jet_consumption": 1.9e-05,
    "prop_consumption": 2.18e-08,
    "prop_efficiency": 0.82,
    "Cd0": 0.02,
    "oswald_factor": 0.85,
    "aspect_ratio": 10,
    "Cl_alpha": 5.0,
    "tfo": 0.001,
    "reserve_fuel": 0,
    "k": 1.639116132282556,
    "n_engines": 8,
    "CLmax_clean": 1.5,
    "CLmax_takeoff": 1.6,
    "CLmax_landing": 1.8,
    "stall_speed_clean": 77.16,
    "stall_speed_takeoff": 61.728,
    "stall_speed_landing": 51.44,
    "high_altitude": 3048.0,
    "L": 70,
    "r": 4,
    "hull_surface": 251.32741228718345,
    "design": {
        "take_off_power": 53392355.25717556,
        "take_off_thrust": null,
        "MTOM": 263844.7881706703,
        "MTOW": 2588317.3719542753,
        "OEW": 1275394.0014673602,
        "ZFW": 2165051.5688393144,
        "EW": 1274969.0014673602,
        "Fuel": 423265.8031149611,
        "Fuel_used": 423265.8031149611,
        "Fuel_reserve": 0.0,
        "S": 776.6123306959286,
        "aspect_ratio": 10,
        "b": 88.12561095935327,
        "MAC": 8.812561095935328,
        "cruise_altitude": 5,
        "h_b": 0.056737195300764286,
        "k": 1.6535012490159875,
        "WP": 0.10139945256551712,
        "TW": null,
        "WS": 3332.77241396741,
        "fuel_economy": 0.1061315579629067,
        "design_payload": 90000
    },
    "ferry": {
        "take_off_power": 53392355.25717556,
        "take_off_thrust": null,
        "MTOM": 77671.29528983522,
        "MTOW": 761955.4067932836,
        "OEW": 630408.506520966,
        "ZFW": 635339.7119277592,
        "EW": 629983.506520966,
        "Fuel": 126615.69486552446,
        "Fuel_used": 126615.69486552446,
        "Fuel_reserve": 0.0,
        "S": 228.6181192220585,
        "aspect_ratio": 10,
        "b": 47.81402714915975,
        "MAC": 4.781402714915974,
        "cruise_altitude": 5,
        "h_b": 0.10457182333548465,
        "k": 1.381098521437093,
        "WP": 0.10139945256551712,
        "TW": null,
        "WS": 3332.77241396741,
        "fuel_economy": 0.009768672262015797,
        "ferry_payload": 0
    },
    "altitude": {
        "take_off_power": 53392355.25717556,
        "take_off_thrust": null,
        "MTOM": 249692.47968639684,
        "MTOW": 2449483.225723553,
        "OEW": 1226364.284341057,
        "ZFW": 2115883.0175667806,
        "EW": 1225939.284341057,
        "Fuel": 333600.20815677254,
        "Fuel_used": 333600.20815677254,
        "Fuel_reserve": 0.0,
        "S": 734.9517199576378,
        "aspect_ratio": 10,
        "b": 85.72932520191897,
        "MAC": 8.572932520191896,
        "cruise_altitude": 5,
        "h_b": 0.05832309992203321,
        "k": 1.639116132282556,
        "WP": 0.10139945256551712,
        "TW": null,
        "WS": 3332.77241396741,
        "fuel_economy": 0.2091210154934956,
        "altitude_payload": 90000
    },
    "gravitational_acceleration": 9.81,
    "kinematic_viscosity": 1.002e-06,
    "rho_water": 1000.0,
    "MTOW": 2449483.225723553,
    "fuel_used": 333600.20815677254,
    "fuel_res": 0.0,
    "fuel": 333600.20815677254,
    "OEW": 1226364.284341057,
    "ZFW": 2115883.0175667806,
    "EW": 1225939.284341057,
    "MTOM": 249692.47968639684,
    "TW": 0.13610126506754436,
    "WP": 0.12121896352293766,
    "WS": 3400.1351731096174
}