{
    "design_id": 2,
    "inputs": {
        "cruise_altitude": 8,
        "aircraft_type": "PROP",
        "wing_type": "HIGH",
        "n_wings": 1,
        "n_fuselages": 2,
        "depth": 0.1,
        "jet_consumption": 2.7e-05,
        "prop_consumption": 2.1e-08,
        "prop_efficiency": 0.85,
        "Cd0": 0.023446557108408823,
        "oswald_factor": 0.85,
        "aspect_ratio": 10,
        "tfo": 0.001,
        "reserve_fuel": 0,
        "n_engines": 8,
        "CLmax_clean": 1.5,
        "CLmax_takeoff": 1.7,
        "CLmax_landing": 1.7,
        "CL_hydro": 0.5,
        "r_float": 3.1024023952751247,
        "upsweep": 11,
        "xcg_OEW": 0.4,
        "xcg_payload": 0.55,
        "V_h": 0.9,
        "V_v": 0.0838,
        "k": 1.2261010000485446
    },
    "requirements": {
        "design_range": 3704000,
        "design_payload": 90000,
        "design_crew": 425,
        "ferry_range": 12038000,
        "reserve_range": 185200,
        "ferry_payload": 0,
        "ferry_crew": 170,
        "altitude_range_WIG": 943600,
        "altitude_range_WOG": 538000,
        "altitude_payload": 90000,
        "altitude_crew": 425,
        "cruise_speed": 115.749,
        "stall_speed_clean": 77.16,
        "stall_speed_takeoff": 61.9,
        "stall_speed_landing": 61.9,
        "stall_speed_high": 82.3,
        "high_altitude": 3048.0,
        "cargo_width": 3.5,
        "cargo_height": 4,
        "cargo_length": 7.32,
        "cargo_density": 160
    },
    "outputs": {
        "general": {
            "d_fuselage": 6.2048047905502495,
            "r_fuselage": 3.1024023952751247,
            "l_fuselage": 52.740840719677124,
            "l_tailcone": 27.921621557476122,
            "l_nose": 9.307207185825375,
            "l_cargo_straight": 8.74654837462985,
            "Re": 3407446264.9855022,
            "Cd_water": 0.0013218773711531056,
            "hull_surface": 224.16418708256532,
            "take_off_power": 47857314.10082371,
            "take_off_thrust": null,
            "V_lof": 64.995,
            "LD_g": 16.873876398507115
        },
        "design": {
            "MTOW": 2585106.105313952,
            "total_fuel": 421191.8166952552,
            "OEW": 1274259.932513383,
            "EW": 1273834.932513383,
            "ZFW": 2163914.288618697,
            "MTOM": 263517.4419280277,
            "S": 726.1928875453634,
            "b": 85.21695180803896,
            "MAC": 8.521695180803896,
            "fuel_economy": 0.07514273320377675,
            "h_b": 0.09387803518272897,
            "k": 1.4223749195545068,
            "WP": 0.09647518482443268,
            "TW": null,
            "WS": 3559.8064228808703,
            "P": 26795554.83639006,
            "T": null,
            "LD": 24.000978584899247,
            "max_fuel": 463310.9983647808,
            "mission_fuel": 413082.8798527136,
            "reserve_fuel": 8108.936842541618,
            "Mff": 0.8370698147246444
        },
        "ferry": {
            "MTOW": 778153.8479433825,
            "total_fuel": 137077.40693385858,
            "OEW": 636129.0371615805,
            "EW": 635959.0371615805,
            "ZFW": 641076.4410095238,
            "MTOM": 79322.51253245489,
            "S": 218.59582553994403,
            "b": 46.75423248647592,
            "MAC": 4.675423248647592,
            "fuel_economy": 0,
            "h_b": 0.17110750352524923,
            "k": 1.2261010000485446,
            "WP": 0.09647518506475163,
            "TW": null,
            "WS": 3559.8064228808703,
            "P": 8065844.573618655,
            "T": null,
            "LD": 20.6890767621368,
            "max_fuel": 150785.14762724444,
            "mission_fuel": 134289.67105832207,
            "reserve_fuel": 2787.735875536513,
            "Mff": 0.823842794974096
        },
        "altitude": {
            "MTOW": 2413928.6703377455,
            "total_fuel": 310637.4108284824,
            "OEW": 1213808.0808389257,
            "EW": 1213383.0808389257,
            "ZFW": 2103291.259509263,
            "MTOM": 246068.16211393938,
            "S": 678.0995031587992,
            "b": 82.346797336557,
            "MAC": 8.2346797336557,
            "fuel_economy": 0.13279116190937992,
            "h_b": 0.09715010490697594,
            "k": 1.4089664564298552,
            "WP": 0.09647518481595282,
            "TW": null,
            "WS": 3559.8064228808703,
            "P": 25021239.139814388,
            "T": null,
            "LD": 23.77472583401135,
            "max_fuel": 341701.1519113307,
            "mission_fuel": 302680.5008153046,
            "reserve_fuel": 7956.91001317784,
            "Mff": 0.8713145857847492
        },
        "max": {
            "MTOM": 263517.4419280277,
            "S": 726.1928875453634,
            "b": 85.21695180803896,
            "MAC": 8.521695180803896,
            "fuel_economy": 0.07514273320377675,
            "OEW": 1274259.932513383,
            "total_fuel": 421191.8166952552,
            "max_fuel": 463310.9983647808,
            "mission_fuel": 413082.8798527136,
            "reserve_fuel": 8108.936842541618,
            "Mff": 0.823842794974096,
            "MTOW": 1720912.5750032095
        },
        "wing_design": {
            "taper_ratio": 0.4,
            "sweep_c_4": 0,
            "dihedral": 1,
            "sweep_x_c": 2.454031674527076,
            "chord_root": 12.173850258291282,
            "chord_tip": 4.869540103316513,
            "y_MAC": 18.26077538743692,
            "X_LEMAC": 21.056440000000002,
            "X_LE": 20.27383534053842,
            "MAC": 9.043431620444952,
            "S": 726.1928875453634,
            "b": 85.21695180803896,
            "aspect_ratio": 10
        },
        "cg_range": {
            "most_aft_cg": 24.552293167365676,
            "most_aft_mission": "ALTITUDE_OEW_PAYLOAD_FUEL",
            "most_forward_cg": 21.09633628787085,
            "most_forward_mission": "DESIGN_OEW"
        },
        "empennage_design": {
            "S_h": 243.0584941207143,
            "S_v": 226.31446452573175,
            "l_h": 22.914463480343734,
            "l_v": 22.914463480343734
        }
    },
    "kinematic_viscosity": 1.006e-06,
    "rho_water": 1000,
    "viscosity_air": 1.48e-05,
    "rho_air": 1.225
}