{
    "design_id": 4,
    "aircraft_type": "PROP",
    "cruise_altitude": 5,
    "n_wings": 2,
    "n_fuselages": 1,
    "depth": 0.05,
    "design_range": 3704000,
    "design_payload": 90000,
    "design_crew": 425,
    "ferry_range": 12038000,
    "ferry_payload": 0,
    "ferry_crew": 425,
    "altitude_range_WIG": 943600,
    "altitude_range_WOG": 538000,
    "altitude_payload": 90000,
    "altitude_crew": 425,
    "cruise_speed": 115.749,
    "jet_consumption": 2.7e-05,
    "prop_consumption": 2.18e-08,
    "prop_efficiency": 0.82,
    "Cd0": 0.023484175557793377,
    "oswald_factor": 0.85,
    "aspect_ratio": 6,
    "Cl_alpha": 5.0,
    "tfo": 0.001,
    "reserve_fuel": 0,
    "k": 1.3797606191885052,
    "n_engines": 8,
    "CLmax_clean": 1.5,
    "CLmax_takeoff": 1.6,
    "CLmax_landing": 1.8,
    "stall_speed_clean": 77.16,
    "stall_speed_takeoff": 61.728,
    "stall_speed_landing": 51.44,
    "high_altitude": 3048.0,
    "L": 74.9,
    "r_fuselage": 4.4,
    "r_float": 1.5,
    "design": {
        "take_off_power": 21365710.513412848,
        "take_off_thrust": null,
        "MTOM": 284023.8480159926,
        "MTOW": 2786273.9490368874,
        "OEW": 1345302.9917349427,
        "ZFW": 2235158.5156839793,
        "EW": 1344877.9917349427,
        "Fuel": 551115.4333529082,
        "Fuel_used": 551115.4333529082,
        "Fuel_reserve": 0.0,
        "S": 835.9660104410473,
        "b": 50.07891803267261,
        "MAC": 16.692972677557535,
        "h_b": 0.09984241266430492,
        "k": 1.3984689756353887,
        "WP": 0.07745536694056192,
        "TW": null,
        "WS": 3332.77241396741,
        "fuel_economy": 0.20551627793134059,
        "design_payload": 90000,
        "P": 35972638.94153432,
        "T": null,
        "Re": 4844908742.514971,
        "Cd": 0.0012698173027415375,
        "hull_surface": 101.34572461062017,
        "stall_speed_clean": 77.16,
        "LD": 13.059975721072268
    },
    "ferry": {
        "take_off_power": 21365710.513412848,
        "take_off_thrust": null,
        "MTOM": 88577.55515106006,
        "MTOW": 868945.8160318993,
        "OEW": 668192.5073782126,
        "ZFW": 673230.7031942445,
        "EW": 667767.5073782126,
        "Fuel": 195715.11283765477,
        "Fuel_used": 195715.11283765477,
        "Fuel_reserve": 0.0,
        "S": 260.709224468921,
        "b": 27.966545610903808,
        "MAC": 9.322181870301268,
        "h_b": 0.17878504086863564,
        "k": 1.2147990902894599,
        "WP": 0.07745536694056192,
        "TW": null,
        "WS": 3332.77241396741,
        "ferry_payload": 0,
        "P": 11218665.024190193,
        "T": null,
        "Re": 4844908742.514971,
        "Cd": 0.0012698173027415375,
        "hull_surface": 101.34572461062017,
        "stall_speed_clean": 77.16,
        "LD": 13.059975721072268
    },
    "altitude": {
        "take_off_power": 21365710.513412848,
        "take_off_thrust": null,
        "MTOM": 257038.53046953634,
        "MTOW": 2521547.9839061517,
        "OEW": 1251814.1812460762,
        "ZFW": 2141404.979229982,
        "EW": 1251389.1812460762,
        "Fuel": 380143.0046761695,
        "Fuel_used": 380143.0046761695,
        "Fuel_reserve": 0.0,
        "S": 756.5613152123545,
        "b": 47.641200086029144,
        "MAC": 15.880400028676384,
        "cruise_altitude": 5,
        "h_b": 0.10495117652307541,
        "k": 1.3797606191885052,
        "WP": 0.07745536694056192,
        "TW": null,
        "WS": 3332.77241396741,
        "fuel_economy": 0.35439751218441484,
        "altitude_payload": 90000,
        "P": 32554851.697251007,
        "T": null,
        "Re": 4844908742.514971,
        "Cd": 0.0012698173027415375,
        "hull_surface": 101.34572461062017,
        "stall_speed_clean": 77.16,
        "LD": 13.059975721072268
    },
    "max": {
        "MTOM": 284023.8480159926,
        "S": 835.9660104410473,
        "b": 50.07891803267261,
        "MAC": 16.692972677557535,
        "fuel_economy": 0.20551627793134059
    },
    "gravitational_acceleration": 9.81,
    "kinematic_viscosity": 1.002e-06,
    "rho_water": 1000.0,
    "V_lof": 64.8144,
    "LD": 13.059975721072268
}