{
    "design_id": 4,
    "aircraft_type": "PROP",
    "cruise_altitude": 5,
    "n_wings": 2,
    "design_range": 3704000,
    "design_payload": 90000,
    "design_crew": 425,
    "ferry_range": 12038000,
    "ferry_payload": 0,
    "ferry_crew": 425,
    "altitude_range_WIG": 943600,
    "altitude_range_WOG": 538000,
    "altitude_payload": 90000,
    "altitude_crew": 425,
    "cruise_speed": 115.749,
    "jet_consumption": 2.7e-05,
    "prop_consumption": 2.18e-08,
    "prop_efficiency": 0.82,
    "Cd0": 0.02,
    "oswald_factor": 0.85,
    "aspect_ratio": 10,
    "Cl_alpha": 5.0,
    "tfo": 0.001,
    "reserve_fuel": 0,
    "k": 1.476254612061061,
    "n_engines": 8,
    "CLmax_clean": 1.5,
    "CLmax_takeoff": 1.6,
    "CLmax_landing": 1.8,
    "stall_speed_clean": 77.16,
    "stall_speed_takeoff": 61.728,
    "stall_speed_landing": 51.44,
    "high_altitude": 3048.0,
    "L": 70,
    "r": 4,
    "hull_surface": 251.32741228718345,
    "design": {
        "take_off_power": 53392355.25717556,
        "take_off_thrust": null,
        "MTOM": 267081.3366534006,
        "MTOW": 2620067.91256986,
        "OEW": 1286606.8051417693,
        "ZFW": 2176296.123054339,
        "EW": 1286181.8051417693,
        "Fuel": 443771.789515521,
        "Fuel_used": 443771.789515521,
        "Fuel_reserve": 0.0,
        "S": 786.149728203783,
        "aspect_ratio": 10,
        "b": 62.69568279410405,
        "MAC": 12.539136558820811,
        "cruise_altitude": 7,
        "h_b": 0.07975030779105262,
        "k": 1.4901223793642409,
        "WP": 0.10139945256551712,
        "TW": null,
        "WS": 3332.77241396741,
        "fuel_economy": 0.11127332058167065,
        "design_payload": 90000,
        "P": 25839073.54802491,
        "T": null
    },
    "ferry": {
        "take_off_power": 53392355.25717556,
        "take_off_thrust": null,
        "MTOM": 79170.91537722287,
        "MTOW": 776666.6798505564,
        "OEW": 635603.8390536932,
        "ZFW": 640549.7557335438,
        "EW": 635178.8390536932,
        "Fuel": 136116.9241170127,
        "Fuel_used": 136116.9241170127,
        "Fuel_reserve": 0.0,
        "S": 233.03290048929492,
        "aspect_ratio": 10,
        "b": 34.13450603782739,
        "MAC": 6.826901207565478,
        "cruise_altitude": 5,
        "h_b": 0.14647934247119523,
        "k": 1.2693261920078165,
        "WP": 0.10035988147100149,
        "TW": null,
        "WS": 3332.77241396741,
        "fuel_economy": 0.01050171246483301,
        "ferry_payload": 0,
        "P": 7738816.23280883,
        "T": null
    },
    "altitude": {
        "take_off_power": 53392355.25717556,
        "take_off_thrust": null,
        "MTOM": 250461.4791437874,
        "MTOW": 2457027.1104005547,
        "OEW": 1229028.4310354313,
        "ZFW": 2118554.7081458317,
        "EW": 1228603.4310354313,
        "Fuel": 338472.4022547232,
        "Fuel_used": 338472.4022547232,
        "Fuel_reserve": 0.0,
        "S": 737.215408113298,
        "aspect_ratio": 10,
        "b": 60.71307141437081,
        "MAC": 12.142614282874163,
        "cruise_altitude": 5,
        "h_b": 0.08235458828749846,
        "k": 1.476254612061061,
        "WP": 0.10139945256551712,
        "TW": null,
        "WS": 3332.77241396741,
        "fuel_economy": 0.21217520476716065,
        "altitude_payload": 90000,
        "P": 24231167.410031117,
        "T": null
    },
    "gravitational_acceleration": 9.81,
    "kinematic_viscosity": 1.002e-06,
    "rho_water": 1000.0,
    "MTOW": 2457027.1104005547,
    "fuel_used": 338472.4022547232,
    "fuel_res": 0.0,
    "fuel": 338472.4022547232,
    "OEW": 1229028.4310354313,
    "ZFW": 2118554.7081458317,
    "EW": 1228603.4310354313,
    "MTOM": 250461.4791437874
}