{
    "design_id": 1,
    "inputs": {
        "cruise_altitude": 4,
        "aircraft_type": "PROP",
        "wing_type": "LOW",
        "tail_type": "T_TAIL",
        "n_wings": 1,
        "n_fuselages": 1,
        "depth": 0.1,
        "jet_consumption": 2.7e-05,
        "prop_consumption": 2.1e-08,
        "prop_efficiency": 0.85,
        "Cd0": 0.01809642563585512,
        "oswald_factor": 0.85,
        "aspect_ratio": 5,
        "aspect_h": 4.5,
        "aspect_v": 1.5,
        "sweep_h": 21,
        "sweep_hc4": 0,
        "sweep_vc4": 0,
        "taper_h": 0.3,
        "sweep_v": 10,
        "taper_v": 0.6,
        "tfo": 0.001,
        "n_engines": 6.0,
        "CLmax_clean": 1.6,
        "CLmax_takeoff": 2.4,
        "CLmax_landing": 2.4,
        "CL_hydro": 0.5,
        "r_float": 4.416363005162699,
        "upsweep": 11,
        "xcg_OEW": 0.4,
        "V_h": 0.9,
        "V_v": 0.083867,
        "h_position": 0.9365519746349722,
        "v_position": 0.923455391453239,
        "xc_OEW": 0.2,
        "xc_wing": 0.4,
        "xc_fuselage": 0.4,
        "mf_wing": 0.08,
        "mf_fuselage": 0.08,
        "ltcd": 4.5,
        "lnd": 1.5,
        "lfd": 8.5,
        "engine_power": 8202000
    },
    "requirements": {
        "design_range": 3704000,
        "design_payload": 90000,
        "design_crew": 425,
        "ferry_range": 12038000,
        "ferry_payload": 0,
        "reserve_range": 185200,
        "ferry_crew": 170,
        "altitude_range_WIG": 943600,
        "altitude_range_WOG": 538000,
        "altitude_payload": 90000,
        "altitude_crew": 425,
        "cruise_speed": 115.749,
        "stall_speed_clean": 77.16,
        "stall_speed_takeoff": 61.9,
        "stall_speed_landing": 61.9,
        "stall_speed_high": 82.3,
        "high_altitude": 3048.0,
        "cargo_width": 3.5,
        "cargo_height": 4,
        "cargo_length": 7.32,
        "cargo_density": 160
    },
    "outputs": {
        "general": {
            "d_fuselage": 8.832726010325398,
            "r_fuselage": 4.416363005162699,
            "l_fuselage": 75.07817108776588,
            "l_tailcone": 39.747267046464295,
            "l_nose": 13.249089015488098,
            "l_cargo_straight": 15.316351424067726,
            "LD_g": 13.581351971901634,
            "Re": 4850602117.146465,
            "Cd_water": 0.0012696487711144299,
            "hull_surface": 227.12738815886908,
            "take_off_power": 46574052.278447144,
            "take_off_thrust": null,
            "V_lof": 64.995,
            "xcg_payload": 0.44404883931977346
        },
        "design": {
            "MTOW": 2618138.0672856285,
            "total_fuel": 442525.4050324112,
            "OEW": 1285925.2741859315,
            "EW": 1285500.2741859315,
            "ZFW": 2175612.6622532173,
            "MTOM": 266884.61440220475,
            "S": 520.7295620871082,
            "b": 51.02595232267146,
            "MAC": 10.205190464534292,
            "h_b": 0.07839148154855212,
            "k": 1.6134790793043639,
            "WP": 0.08455401129295033,
            "TW": null,
            "WS": 5027.539614379501,
            "P": 30964090.612031262,
            "T": null,
            "LD": 21.913227275643443,
            "max_fuel": 486777.9455356524,
            "mission_fuel": 438064.42311578145,
            "reserve_fuel": 4460.9819166297675,
            "Mff": 0.8309770555793483,
            "fuel_economy": 0.07968705477213764
        },
        "ferry": {
            "MTOW": 799207.5302023175,
            "total_fuel": 150674.86114134837,
            "OEW": 643564.2115307668,
            "EW": 643394.2115307668,
            "ZFW": 648532.6690609691,
            "MTOM": 81468.65751297833,
            "S": 158.96683342362562,
            "b": 28.192803463262184,
            "MAC": 5.638560692652436,
            "fuel_economy": 0,
            "h_b": 0.14188017893333552,
            "k": 1.3777410510961354,
            "WP": 0.08091576459892418,
            "TW": null,
            "WS": 5027.539614379501,
            "P": 9877031.183771864,
            "T": null,
            "LD": 18.711586141074328,
            "max_fuel": 165742.3472554832,
            "mission_fuel": 149117.273052864,
            "reserve_fuel": 1557.5880884843646,
            "Mff": 0.8114696678305754,
            "fuel_mission": 116627.08222187468,
            "fuel_reserve": 2339.5820760255447
        },
        "altitude": {
            "MTOW": 2437605.2815401936,
            "OEW": 1222169.5508467157,
            "EW": 1221744.5508467157,
            "ZFW": 2111676.406128256,
            "MTOM": 248481.68007545295,
            "S": 484.8486034166327,
            "b": 49.23660241205889,
            "MAC": 9.847320482411778,
            "h_b": 0.08124037411282325,
            "k": 1.5967331504682967,
            "WP": 0.08455401129212199,
            "TW": null,
            "WS": 5027.539614379501,
            "P": 28828972.680179734,
            "T": null,
            "LD": 21.68579492171331,
            "Mff": 0.866291364775022,
            "total_fuel": 325928.87541193754,
            "mission_fuel": 321553.5343168892,
            "reserve_fuel": 4375.341095048352,
            "max_fuel": 358521.76295313134,
            "fuel_economy": 0.14107108757581502
        },
        "max": {
            "MTOM": 266884.61440220475,
            "S": 520.7295620871082,
            "b": 51.02595232267146,
            "MAC": 10.205190464534292,
            "fuel_economy": 0.07968705477213764,
            "OEW": 1285925.2741859315,
            "total_fuel": 442525.4050324112,
            "max_fuel": 486777.9455356524,
            "mission_fuel": 438064.42311578145,
            "reserve_fuel": 4460.9819166297675,
            "Mff": 0.8114696678305754,
            "LD": 21.913227275643443,
            "MTOW": 2618138.0672856285
        },
        "wing_design": {
            "taper_ratio": 0.4,
            "sweep_c_4": 0,
            "dihedral": 5,
            "sweep_x_c": 4.899092453787766,
            "chord_root": 14.578843520763275,
            "chord_tip": 5.83153740830531,
            "y_MAC": 10.934132640572457,
            "X_LEMAC": 30.031268435106355,
            "X_LE": 29.09405706591443,
            "MAC": 10.829998043995575,
            "S": 520.7295620871082,
            "b": 51.02595232267146,
            "aspect_ratio": 5
        },
        "cg_range": {
            "most_aft_cg": 32.12335290213378,
            "most_aft_mission": "DESIGN_OEW_PAYLOAD_FUEL",
            "most_forward_cg": 30.031268435106355,
            "most_forward_mission": "DESIGN_OEW"
        },
        "empennage_design": {
            "vertical_tail": {
                "S": 59.94109493447505,
                "l_v": 37.17661027568419,
                "mac": 10.731668352743815,
                "b": 9.482174982656279,
                "chord_root": 7.43699998639708,
                "chord_tip": 5.205899990477955,
                "sweep": 10,
                "taper": 0.7,
                "MAC": 6.3870705765527855,
                "aspect_ratio": 1.5,
                "LE_pos": 67.3411711013688,
                "relative_pos_mac/4": 0.923455391453239
            },
            "horizontal_tail": {
                "S": 132.9877637924719,
                "l_h": 38.16554230424591,
                "mac": 6.001306854000643,
                "b": 24.463134244534643,
                "chord_root": 8.363464698986203,
                "chord_tip": 2.509039409695861,
                "sweep": 21,
                "sweep_hc4": 30,
                "taper": 0.3,
                "MAC": 5.961649195687601,
                "sweep_c_4": 0,
                "aspect_ratio": 4.5,
                "tail_height": 18.314900992981677,
                "LE_pos": 66.89793710157005,
                "relative_pos_mac/4": 0.9365519746349722
            }
        }
    },
    "kinematic_viscosity": 1.006e-06,
    "rho_water": 1000,
    "viscosity_air": 1.484e-05,