{
    "design_id": 2,
    "inputs": {
        "cruise_altitude": 8,
        "aircraft_type": "PROP",
        "wing_type": "HIGH",
        "tail_type": "H_TAIL",
        "n_wings": 1,
        "n_fuselages": 2,
        "depth": 0.1,
        "jet_consumption": 2.7e-05,
        "prop_consumption": 2.1e-08,
        "prop_efficiency": 0.85,
        "Cd0": 0.026329439290891193,
        "oswald_factor": 0.85,
        "aspect_ratio": 10,
        "aspect_h": 4.5,
        "aspect_v": 1.5,
        "sweep_h": 5,
        "sweep_hc4": 30,
        "taper_h": 0.3,
        "sweep_v": 33,
        "taper_v": 0.29,
        "h_position": 0.8756116480570396,
        "v_position": 0.7956468653692279,
        "tfo": 0.001,
        "n_engines": 6.0,
        "CLmax_clean": 1.5,
        "CLmax_takeoff": 1.7,
        "CLmax_landing": 1.7,
        "CL_hydro": 0.5,
        "r_float": 3.1024023952751247,
        "upsweep": 11,
        "xcg_OEW": 0.4,
        "V_h": 0.9,
        "V_v": 0.083867,
        "xc_OEW": 0.2,
        "xc_wing": 0.4,
        "xc_fuselage": 0.4,
        "mf_wing": 0.12,
        "mf_fuselage": 0.2,
        "engine_power": 8202000
    },
    "requirements": {
        "design_range": 3704000,
        "design_payload": 90000,
        "design_crew": 425,
        "ferry_range": 12038000,
        "reserve_range": 185200,
        "ferry_payload": 0,
        "ferry_crew": 170,
        "altitude_range_WIG": 943600,
        "altitude_range_WOG": 538000,
        "altitude_payload": 90000,
        "altitude_crew": 425,
        "cruise_speed": 115.749,
        "stall_speed_clean": 77.16,
        "stall_speed_takeoff": 61.9,
        "stall_speed_landing": 61.9,
        "stall_speed_high": 82.3,
        "high_altitude": 3048.0,
        "cargo_width": 3.5,
        "cargo_height": 4,
        "cargo_length": 7.32,
        "cargo_density": 160
    },
    "outputs": {
        "general": {
            "d_fuselage": 6.2048047905502495,
            "r_fuselage": 3.1024023952751247,
            "l_fuselage": 52.740840719677124,
            "l_tailcone": 27.921621557476122,
            "l_nose": 9.307207185825375,
            "l_cargo_straight": 8.74654837462985,
            "Re": 3407446264.9855022,
            "Cd_water": 0.0013218773711531056,
            "hull_surface": 224.16418708256532,
            "take_off_power": 47857314.10082371,
            "take_off_thrust": null,
            "V_lof": 64.995,
            "LD_g": 15.923319097127498,
            "xcg_payload": 0.36692342744070505,
            "fuselage_separation": 12.409609581100499
        },
        "design": {
            "MTOW": 2522316.0992959035,
            "total_fuel": 380639.0895752279,
            "OEW": 1252085.4436213796,
            "EW": 1251660.4436213796,
            "ZFW": 2141677.0097206756,
            "MTOM": 257116.82969377202,
            "S": 708.5244799414704,
            "b": 84.17389618768223,
            "MAC": 8.417389618768222,
            "fuel_economy": 0.06864742488819842,
            "h_b": 0.09504134134604425,
            "k": 1.851626582252541,
            "WP": 0.08851514335471523,
            "TW": null,
            "WS": 3559.8064228808703,
            "P": 28495870.917679973,
            "T": null,
            "LD": 29.484040966784363,
            "max_fuel": 418702.9985327507,
            "mission_fuel": 377376.15812282683,
            "reserve_fuel": 3262.9314524010406,
            "Mff": 0.8490914403307809
        },
        "ferry": {
            "MTOW": 743204.5612901623,
            "total_fuel": 114505.52050530438,
            "OEW": 623786.5862235676,
            "EW": 623616.5862235676,
            "ZFW": 628699.0407848579,
            "MTOM": 75759.89411724385,
            "S": 208.7529934031801,
            "b": 45.689494788537566,
            "MAC": 4.568949478853756,
            "fuel_economy": 0,
            "h_b": 0.1750949542564654,
            "k": 1.5937714830855039,
            "WP": 0.0885151431336751,
            "TW": null,
            "WS": 3559.8064228808703,
            "P": 8396354.962311687,
            "T": null,
            "LD": 25.37813189307262,
            "max_fuel": 125956.07255583482,
            "mission_fuel": 113392.56544554632,
            "reserve_fuel": 1112.9550597580528,
            "Mff": 0.8459300084131224
        },
        "altitude": {
            "MTOW": 2401557.6245546346,
            "total_fuel": 302647.6099724731,
            "OEW": 1209439.2069576066,
            "EW": 1209014.2069576066,
            "ZFW": 2098910.0145821613,
            "MTOM": 244807.0973042441,
            "S": 674.629503492482,
            "b": 82.1358328315043,
            "MAC": 8.21358328315043,
            "fuel_economy": 0.1313642914899407,
            "h_b": 0.09739963331730524,
            "k": 1.8391534576953643,
            "WP": 0.0885151431336751,
            "TW": null,
            "WS": 3559.8064228808703,
            "P": 27131601.88791442,
            "T": null,
            "LD": 29.285427375468664,
            "max_fuel": 332912.3709697205,
            "mission_fuel": 299428.13185531966,
            "reserve_fuel": 3219.478117153456,
            "Mff": 0.8739786183441679
        },
        "max": {
            "MTOM": 257116.82969377202,
            "S": 708.5244799414704,
            "b": 84.17389618768223,
            "MAC": 8.417389618768222,
            "fuel_economy": 0.06864742488819842,
            "OEW": 1252085.4436213796,
            "total_fuel": 380639.0895752279,
            "max_fuel": 418702.9985327507,
            "mission_fuel": 377376.15812282683,
            "reserve_fuel": 3262.9314524010406,
            "Mff": 0.8459300084131224,
            "MTOW": 2522316.0992959035,
            "LD": 29.484040966784363
        },
        "wing_design": {
            "taper_ratio": 0.4,
            "sweep_c_4": 0,
            "dihedral": 1,
            "sweep_x_c": 2.454031674527076,
            "chord_root": 12.043017617851403,
            "chord_tip": 4.8172070471405615,
            "y_MAC": 18.064526426777103,
            "X_LEMAC": 20.380636955152823,
            "X_LE": 19.606442965433803,
            "MAC": 8.946241658975326,
            "S": 710.6679393850084,
            "b": 84.30112332495982,
            "aspect_ratio": 10
        },
        "cg_range": {
            "most_aft_cg": 21.980363005036935,
            "most_aft_mission": "DESIGN_OEW_FUEL",
            "most_forward_cg": 20.360730580142572,
            "most_forward_mission": "ALTITUDE_OEW_PAYLOAD"
        },
        "empennage_design": {
            "vertical_tail": {
                "S": 125.72063329053127,
                "l_v": 19.9827215905119,
                "mac": 14.401771856330363,
                "b": 9.710328262623177,
                "chord_root": 15.231887470781455,
                "chord_tip": 10.662321229547018,
                "sweep": 33,
                "taper": 0.7,
                "relative_pos_fus": 0.6719899804070343,
                "MAC": 13.081503357259368,
                "aspect_ratio": 1.5,
                "LE_pos": 37.20895324889567,
                "relative_pos_mac/4": 0.7956468653692279
            },
            "horizontal_tail": {
                "S": 236.44608801347198,
                "l_h": 24.200131457433372,
                "mac": 7.64605310200267,
                "b": 32.61912623079631,
                "chord_root": 11.15183802762267,
                "chord_tip": 3.3455514082868008,
                "sweep": 5,
                "sweep_hc4": 30,
                "taper": 0.3,
                "relative_pos_fus": 0.7477694708677411,
                "MAC": 7.949258901741287,
                "sweep_c_4": 30,
                "aspect_ratio": 4.5,
                "tail_height": 15.915133053173427,
                "LE_pos": 43.60778409409842,
                "relative_pos_mac/4": 0.8756116480570396
            }
        }
    },
    "kinematic_viscosity": 1.006e-06,
    "rho_water": 1000,
    "viscosity_air": 1.48e-05,