{
    "design_id": 3,
    "inputs": {
        "cruise_altitude": 10,
        "aircraft_type": "PROP",
        "wing_type": "HIGH",
        "tail_type": "CONVENTIONAL",
        "n_wings": 1,
        "n_fuselages": 1,
        "depth": 0.1,
        "jet_consumption": 2.7e-05,
        "prop_consumption": 2.1e-08,
        "prop_efficiency": 0.85,
        "Cd0": 0.018935595742190035,
        "oswald_factor": 0.85,
        "aspect_ratio": 8,
        "aspect_h": 4.5,
        "aspect_v": 1.5,
        "sweep_hc4": 10,
        "sweep_vc4": 10,
        "h_position": 0.9374134265694098,
        "v_position": 0.8967215480038735,
        "tfo": 0.001,
        "n_engines": 6.0,
        "CLmax_clean": 1.6,
        "CLmax_takeoff": 2.4,
        "CLmax_landing": 2.4,
        "CL_hydro": 0.5,
        "r_float": 4.416363005162699,
        "upsweep": 11,
        "xcg_OEW": 0.4,
        "V_h": 0.9,
        "V_v": 0.083867,
        "xc_OEW": 0.2,
        "xc_wing": 0.4,
        "xc_fuselage": 0.4,
        "mf_wing": 0.08,
        "mf_fuselage": 0.08,
        "ltcd": 4.5,
        "lnd": 1.5,
        "lfd": 8.5,
        "engine_power": 8202000
    },
    "requirements": {
        "design_range": 3704000,
        "design_payload": 90000,
        "design_crew": 425,
        "ferry_range": 12038000,
        "reserve_range": 185200,
        "ferry_payload": 0,
        "ferry_crew": 170,
        "altitude_range_WIG": 943600,
        "altitude_range_WOG": 538000,
        "altitude_payload": 90000,
        "altitude_crew": 425,
        "cruise_speed": 115.749,
        "stall_speed_clean": 77.16,
        "stall_speed_takeoff": 61.73,
        "stall_speed_landing": 61.73,
        "stall_speed_high": 82.3,
        "high_altitude": 3048.0,
        "cargo_width": 3.5,
        "cargo_height": 4,
        "cargo_length": 7.32,
        "cargo_density": 160
    },
    "outputs": {
        "general": {
            "d_fuselage": 8.832726010325398,
            "r_fuselage": 4.416363005162699,
            "l_fuselage": 75.07817108776588,
            "l_tailcone": 39.747267046464295,
            "l_nose": 13.249089015488098,
            "l_cargo_straight": 15.316351424067726,
            "Re": 4837280592.753655,
            "Cd": 0.0012700434697589557,
            "hull_surface": 227.12738815886908,
            "take_off_power": 46205736.735140644,
            "take_off_thrust": null,
            "V_lof": 64.8165,
            "LD_g": 16.794222799290566,
            "Cd_water": 0.0012700434697589557,
            "xcg_payload": 0.44404883931977346
        },
        "design": {
            "MTOW": 2538643.19660158,
            "total_fuel": 391183.89381539513,
            "OEW": 1257851.409589583,
            "EW": 1257426.409589583,
            "ZFW": 2147459.302786185,
            "MTOM": 258781.16173308663,
            "S": 508.0110411992717,
            "b": 63.75020258473045,
            "MAC": 7.968775323091307,
            "fuel_economy": 0.07052815583874701,
            "h_b": 0.15686224662124001,
            "k": 1.65595971619502,
            "WP": 0.1056343876060222,
            "TW": null,
            "WS": 4997.0828914598405,
            "P": 24032355.88461775,
            "T": null,
            "LD": 27.810556420429137,
            "max_fuel": 430302.2831969347,
            "mission_fuel": 387715.1187136521,
            "reserve_fuel": 3468.7751017430564,
            "Mff": 0.8459082811089548,
            "max_fuel_L": 53492.240769366086,
            "total_fuel_L": 48629.30979033281,
            "mission_fuel_L": 48198.09536232964,
            "reserve_fuel_L": 431.2144280031645
        },
        "ferry": {
            "MTOW": 746553.9046513794,
            "total_fuel": 116668.68333920628,
            "OEW": 624969.4174075217,
            "EW": 624799.4174075217,
            "ZFW": 629885.2213121732,
            "MTOM": 76101.3154588562,
            "S": 149.38917732098224,
            "b": 34.57041247320977,
            "MAC": 4.321301559151222,
            "fuel_economy": 0,
            "h_b": 0.2892647002042416,
            "k": 1.478055698714032,
            "WP": 0.0990818136558724,
            "TW": null,
            "WS": 4997.0828914598405,
            "P": 7534721.833456594,
            "T": null,
            "LD": 24.822796713964546,
            "max_fuel": 128335.55167312692,
            "mission_fuel": 115528.65989208655,
            "reserve_fuel": 1140.0234471197327,
            "Mff": 0.8437236981652552,
            "max_fuel_L": 15953.799218458878,
            "total_fuel_L": 14503.453834962618,
            "mission_fuel_L": 14361.73390667643,
            "reserve_fuel_L": 141.71992828618542
        },
        "altitude": {
            "MTOW": 2402250.214127402,
            "total_fuel": 303094.91676111304,
            "OEW": 1209683.7971521614,
            "EW": 1209258.7971521614,
            "ZFW": 2099155.297366289,
            "MTOM": 244877.69766844055,
            "S": 480.72958049824496,
            "b": 62.01480987623811,
            "MAC": 7.751851234529763,
            "fuel_economy": 0.13147622457123065,
            "h_b": 0.16125180452793175,
            "k": 1.6458244671712554,
            "WP": 0.10528782023580295,
            "TW": null,
            "WS": 4997.0828914598405,
            "P": 22816031.41509924,
            "T": null,
            "LD": 27.640342790197746,
            "max_fuel": 333404.4084372244,
            "mission_fuel": 299683.26902420557,
            "reserve_fuel": 3411.647736907471,
            "Mff": 0.8738287481551085,
            "max_fuel_L": 41446.55881718809,
            "total_fuel_L": 37678.689833807344,
            "mission_fuel_L": 37254.57708960563,
            "reserve_fuel_L": 424.11274420171935
        },
        "max": {
            "MTOM": 258781.16173308663,
            "S": 508.0110411992717,
            "b": 63.75020258473045,
            "MAC": 7.968775323091307,
            "fuel_economy": 0.07052815583874701,
            "OEW": 1257851.409589583,
            "total_fuel": 391183.89381539513,
            "max_fuel": 430302.2831969347,
            "mission_fuel": 387715.1187136521,
            "reserve_fuel": 3468.7751017430564,
            "Mff": 0.8437236981652552,
            "MTOW": 2538643.19660158,
            "LD": 27.810556420429137,
            "total_fuel_L": 48629.30979033281,
            "mission_fuel_L": 48198.09536232964,
            "reserve_fuel_L": 431.2144280031645,
            "max_fuel_L": 53492.24076936609
        },
        "wing_design": {
            "taper_ratio": 0.4,
            "sweep_c_4": 0,
            "dihedral": 1,
            "sweep_x_c": 3.066485501125894,
            "chord_root": 11.383964747273296,
            "chord_tip": 4.5535858989093185,
            "y_MAC": 13.660757696727956,
            "X_LEMAC": 30.031268435106355,
            "X_LE": 29.2994421299245,
            "MAC": 8.456659526545877,
            "S": 508.0110411992717,
            "b": 63.75020258473045,
            "aspect_ratio": 8
        },
        "cg_range": {
            "most_aft_cg": 31.874599872370634,
            "most_aft_mission": "DESIGN_OEW_PAYLOAD_FUEL",
            "most_forward_cg": 30.031268435106355,
            "most_forward_mission": "DESIGN_OEW"
        },
        "empennage_design": {
            "vertical_tail": {
                "S": 76.61861886040808,
                "l_v": 35.449613926750445,
                "b": 10.72044440732809,
                "chord_root": 10.471023975201803,
                "chord_tip": 3.822901901235648,
                "sweep": 25.938031088089183,
                "taper": 0.36509341496011344,
                "aspect_ratio": 1.5,
                "LE_pos": 64.30714711256408,
                "relative_pos_mac/4": 0.8967215480038735,
                "MAC": 7.66230453030963,
                "sweep_c_4": 10
            },
            "horizontal_tail": {
                "S": 100.41553891338665,
                "l_h": 38.504685747576374,