{
    "design_id": 4,
    "inputs": {
        "cruise_altitude": 4,
        "aircraft_type": "PROP",
        "wing_type": "LOW",
        "n_wings": 2,
        "n_fuselages": 1,
        "depth": 0.05,
        "jet_consumption": 2.7e-05,
        "prop_consumption": 2.1e-08,
        "prop_efficiency": 0.85,
        "Cd0": 0.023484175557793377,
        "oswald_factor": 0.85,
        "aspect_ratio": 6,
        "Cl_alpha": 5.0,
        "tfo": 0.001,
        "reserve_fuel": 0,
        "n_engines": 8,
        "CLmax_clean": 1.5,
        "CLmax_takeoff": 1.7,
        "CLmax_landing": 1.7,
        "r_float": 1.5,
        "upsweep": 11,
        "k": 1.2601001673473535
    },
    "requirements": {
        "design_range": 3704000,
        "design_payload": 90000,
        "design_crew": 425,
        "ferry_range": 12038000,
        "reserve_range": 185200,
        "ferry_payload": 0,
        "ferry_crew": 425,
        "altitude_range_WIG": 943600,
        "altitude_range_WOG": 538000,
        "altitude_payload": 90000,
        "altitude_crew": 425,
        "cruise_speed": 115.749,
        "stall_speed_clean": 77.16,
        "stall_speed_takeoff": 61.9,
        "stall_speed_landing": 61.9,
        "stall_speed_high": 82.3,
        "high_altitude": 3048.0,
        "cargo_width": 3.5,
        "cargo_height": 4,
        "cargo_length": 7.32,
        "cargo_density": 160
    },
    "outputs": {
        "general": {
            "d_fuselage": 8.832726010325398,
            "r_fuselage": 4.416363005162699,
            "l_fuselage": 75.07817108776588,
            "l_tailcone": 39.747267046464295,
            "l_nose": 13.249089015488098,
            "l_cargo_straight": 15.316351424067726,
            "Re": 4850602117.146465,
            "Cd": 0.0012696487711144299,
            "hull_surface": 101.58680442362811,
            "take_off_power": 20831081.52820842,
            "take_off_thrust": null,
            "V_lof": 64.995,
            "LD_g": 13.059975721072268
        },
        "design": {
            "MTOW": 2674226.7465655603,
            "total_fuel": 478750.10143884236,
            "OEW": 1305733.1683801524,
            "EW": 1305308.1683801524,
            "ZFW": 2195476.645126718,
            "MTOM": 272602.1148384873,
            "S": 750.9378416827169,
            "b": 47.46381279509845,
            "MAC": 15.82127093169948,
            "fuel_economy": 0.17042336584640144,
            "h_b": 0.08427472982981841,
            "k": 1.4664666368991353,
            "WP": 0.08174918027359299,
            "TW": null,
            "WS": 3561.1738935188127,
            "P": 32712581.79734191,
            "T": null,
            "LD": 19.152018673665207,
            "max_fuel": 526625.1115827266,
            "mission_fuel": 468435.0153135352,
            "reserve_fuel": 10315.086125307193,
            "fuel_mission": 468435.0153135352,
            "fuel_reserve": 10315.086125307193
        },
        "ferry": {
            "MTOW": 830841.6588998403,
            "total_fuel": 171105.66327221127,
            "OEW": 654735.9039687293,
            "EW": 654310.9039687293,
            "ZFW": 659735.9956276291,
            "MTOM": 84693.33933739453,
            "S": 233.305615662068,
            "b": 26.455941619723234,
            "MAC": 8.818647206574411,
            "fuel_economy": 0,
            "h_b": 0.15119476968523207,
            "k": 1.2601011419600112,
            "WP": 0.08174918027359299,
            "TW": null,
            "WS": 3561.1738935188127,
            "P": 10163302.63030445,
            "T": null,
            "LD": 16.456890320093187,
            "max_fuel": 188216.2295994324,
            "mission_fuel": 167496.9877768661,
            "reserve_fuel": 3608.6754953451746,
            "fuel_mission": 167496.9877768661,
            "fuel_reserve": 3608.6754953451746
        },
        "altitude": {
            "MTOW": 2454816.6394890803,
            "total_fuel": 337044.7765963657,
            "OEW": 1228247.7962532258,
            "EW": 1227822.7962532258,
            "ZFW": 2117771.862892715,
            "MTOM": 250236.15081438125,
            "S": 689.3278197542376,
            "b": 45.4750861380461,
            "MAC": 15.158362046015368,
            "fuel_economy": 0.2868965450765257,
            "h_b": 0.08796025119902863,
            "k": 1.4486376409398682,
            "WP": 0.08174918027359299,
            "TW": null,
            "WS": 3561.1738935188127,
            "P": 30028639.201927837,
            "T": null,
            "LD": 18.919172419306086,
            "max_fuel": 370749.25425600226,
            "mission_fuel": 326972.0239559462,
            "reserve_fuel": 10072.752640419465,
            "fuel_mission": 326972.0239559462,
            "fuel_reserve": 10072.752640419465
        },
        "max": {
            "MTOM": 272602.1148384873,
            "S": 750.9378416827169,
            "b": 47.46381279509845,
            "MAC": 15.82127093169948,
            "fuel_economy": 0.17042336584640144,
            "OEW": 1305733.1683801524,
            "total_fuel": 478750.10143884236,
            "max_fuel": 526625.1115827266,
            "mission_fuel": 468435.0153135352,
            "reserve_fuel": 10315.086125307193
        },
        "wing_design": {
            "taper_ratio": 0.4,
            "sweep_c_4": 0,
            "dihedral": 5,
            "sweep_x_c": 4.085616779974877,
            "chord_root": 22.601815616713544,
            "chord_tip": 9.040726246685418,
            "y_MAC": 10.170817027521096,
            "X_LEMAC": 21.056440000000002,
            "X_LE": 20.329953069462782,
            "MAC": 16.789920172415776,
            "S": 750.9378416827169,
            "b": 47.46381279509845,
            "aspect_ratio": 6
        },
        "cg_range": {},
        "empennage_design": {
            "S_h": 1014.4133692591995,
            "S_v": 227.14065358989833
        }
    },
    "kinematic_viscosity": 1.006e-06,
    "rho_water": 1000
}