{
    "design_id": 3,
    "inputs": {
        "cruise_altitude": 10,
        "aircraft_type": "PROP",
        "wing_type": "HIGH",
        "tail_type": "CONVENTIONAL",
        "n_wings": 1,
        "n_fuselages": 1,
        "depth": 0.1,
        "jet_consumption": 2.7e-05,
        "prop_consumption": 2.1e-08,
        "prop_efficiency": 0.85,
        "Cd0": 0.025579507747003086,
        "oswald_factor": 0.85,
        "aspect_ratio": 8,
        "aspect_h": 4.5,
        "aspect_v": 1.5,
        "sweep_h": 21,
        "sweep_hc4": 30,
        "taper_h": 0.3,
        "sweep_v": 33,
        "taper_v": 0.29,
        "h_position": 0.9199332745240246,
        "v_position": 0.8560633493552021,
        "tfo": 0.001,
        "n_engines": 6.0,
        "CLmax_clean": 1.5,
        "CLmax_takeoff": 1.7,
        "CLmax_landing": 1.7,
        "CL_hydro": 0.5,
        "r_float": 4.416363005162699,
        "upsweep": 11,
        "xcg_OEW": 0.4,
        "V_h": 0.9,
        "V_v": 0.083867,
        "xc_OEW": 0.2,
        "xc_wing": 0.4,
        "xc_fuselage": 0.4,
        "mf_wing": 0.12,
        "mf_fuselage": 0.2,
        "engine_power": 8202000
    },
    "requirements": {
        "design_range": 3704000,
        "design_payload": 90000,
        "design_crew": 425,
        "ferry_range": 12038000,
        "reserve_range": 185200,
        "ferry_payload": 0,
        "ferry_crew": 170,
        "altitude_range_WIG": 943600,
        "altitude_range_WOG": 538000,
        "altitude_payload": 90000,
        "altitude_crew": 425,
        "cruise_speed": 115.749,
        "stall_speed_clean": 77.16,
        "stall_speed_takeoff": 61.73,
        "stall_speed_landing": 61.73,
        "stall_speed_high": 82.3,
        "high_altitude": 3048.0,
        "cargo_width": 3.5,
        "cargo_height": 4,
        "cargo_length": 7.32,
        "cargo_density": 160
    },
    "outputs": {
        "general": {
            "d_fuselage": 8.832726010325398,
            "r_fuselage": 4.416363005162699,
            "l_fuselage": 75.07817108776588,
            "l_tailcone": 39.747267046464295,
            "l_nose": 13.249089015488098,
            "l_cargo_straight": 15.316351424067726,
            "Re": 4837280592.753655,
            "Cd": 0.0012700434697589557,
            "hull_surface": 227.12738815886908,
            "take_off_power": 46205736.735140644,
            "take_off_thrust": null,
            "V_lof": 64.8165,
            "LD_g": 14.449516182204073,
            "Cd_water": 0.0012700434697589557,
            "xcg_payload": 0.44404883931977346
        },
        "design": {
            "MTOW": 2568290.2760469364,
            "total_fuel": 410331.3664610856,
            "OEW": 1268321.3693098035,
            "EW": 1267896.3693098035,
            "ZFW": 2157958.909585851,
            "MTOM": 261803.290116915,
            "S": 725.5436750455756,
            "b": 76.18628091962886,
            "MAC": 9.523285114953609,
            "fuel_economy": 0.07394355716639017,
            "h_b": 0.13125722740750784,
            "k": 1.7469190527775629,
            "WP": 0.08490018857701007,
            "TW": null,
            "WS": 3539.6003814507203,
            "P": 30250701.666196276,
            "T": null,
            "LD": 25.242135122110007,
            "max_fuel": 451364.5031071942,
            "mission_fuel": 406490.63773090154,
            "reserve_fuel": 3840.7287301840843,
            "Mff": 0.8402317018882072
        },
        "ferry": {
            "MTOW": 764633.5914557347,
            "total_fuel": 128345.39197309053,
            "OEW": 631354.3158911883,
            "EW": 631184.3158911883,
            "ZFW": 636288.1994826442,
            "MTOM": 77944.30086195053,
            "S": 215.9915411655829,
            "b": 41.568405421962765,
            "MAC": 5.196050677745345,
            "fuel_economy": 0,
            "h_b": 0.24056732266945405,
            "k": 1.5396711717895057,
            "WP": 0.08490018857701007,
            "TW": null,
            "WS": 3539.6003814507203,
            "P": 9006264.936174572,
            "T": null,
            "LD": 22.247503512045572,
            "max_fuel": 141179.9311703996,
            "mission_fuel": 127060.33871347351,
            "reserve_fuel": 1285.0532596170233,
            "Mff": 0.8321478504119308
        },
        "altitude": {
            "MTOW": 2420075.9583615162,
            "total_fuel": 314607.61738786026,
            "OEW": 1215979.0150152943,
            "EW": 1215554.0150152943,
            "ZFW": 2105468.340973656,
            "MTOM": 246694.79697874782,
            "S": 683.7115531458542,
            "b": 73.95736897136642,
            "MAC": 9.244671121420804,
            "fuel_economy": 0.13636788536900013,
            "h_b": 0.13521303068355003,
            "k": 1.734375541236328,
            "WP": 0.08490018857701007,
            "TW": null,
            "WS": 3539.6003814507203,
            "P": 28504953.86316307,
            "T": null,
            "LD": 25.06088744911327,
            "max_fuel": 346068.3791266463,
            "mission_fuel": 310833.1853198238,
            "reserve_fuel": 3774.4320680364617,
            "Mff": 0.8700009326976408
        },
        "max": {
            "MTOM": 261803.290116915,
            "S": 725.5436750455756,
            "b": 76.18628091962886,
            "MAC": 9.523285114953609,
            "fuel_economy": 0.07394355716639017,
            "OEW": 1268321.3693098035,
            "total_fuel": 410331.3664610856,
            "max_fuel": 451364.5031071942,
            "mission_fuel": 406490.63773090154,
            "reserve_fuel": 3840.7287301840843,
            "Mff": 0.8321478504119308,
            "MTOW": 2568290.2760469364,
            "LD": 25.242135122110007
        },
        "wing_design": {
            "taper_ratio": 0.4,
            "sweep_c_4": 0,
            "dihedral": 1,
            "sweep_x_c": 3.066485501125894,
            "chord_root": 13.6046930213623,
            "chord_tip": 5.44187720854492,
            "y_MAC": 16.325631625634756,
            "X_LEMAC": 29.22276096412254,
            "X_LE": 28.34817355560639,
            "MAC": 10.106343387297708,
            "S": 725.5436750455756,
            "b": 76.18628091962886,
            "aspect_ratio": 8
        },
        "cg_range": {
            "most_aft_cg": 31.838758843568357,
            "most_aft_mission": "DESIGN_OEW_PAYLOAD_FUEL",
            "most_forward_cg": 30.031268435106355,
            "most_forward_mission": "DESIGN_OEW"
        },
        "empennage_design": {
            "vertical_tail": {
                "S": 142.93727617645453,
                "l_v": 32.4329117612874,
                "mac": 11.941273556683253,
                "b": 14.642606129534517,
                "chord_root": 15.134476619673917,
                "chord_tip": 4.388998219705436,
                "abs_pos": 0.8850201690521673,
                "sweep": 33,
                "taper": 0.29,
                "relative_pos_fus": 0.8560633493550117,
                "MAC": 10.747433758704872,
                "aspect_ratio": 1.5,
                "LE_pos": 59.643694468091965,
                "relative_pos_mac/4": 0.8560633493552021
            },
            "horizontal_tail": {
                "S": 177.26731948364602,
                "l_h": 37.22814893047506,
                "mac": 6.890369749157854,
                "b": 28.24363534809935,
                "chord_root": 9.655943708751915,
                "chord_tip": 2.8967831126255743,
                "abs_pos": 1.0541825989753077,
                "sweep": 21,
                "sweep_hc4": 30,
                "taper": 0.3,
                "relative_pos_fus": 0.9199332745239962,
                "MAC": 6.882954746238544,
                "sweep_c_4": 30,
                "aspect_ratio": 4.5,
                "tail_height": 8.832726010325398,
                "LE_pos": 65.12222737901396,
                "relative_pos_mac/4": 0.9199332745240246
            }
        }
    },