{
    "design_id": 1,
    "aircraft_type": "PROP",
    "cruise_altitude": 4,
    "n_wings": 1,
    "design_range": 3704000,
    "design_payload": 90000,
    "design_crew": 425,
    "ferry_range": 12038000,
    "ferry_payload": 0,
    "ferry_crew": 425,
    "altitude_range_WIG": 943600,
    "altitude_range_WOG": 538000,
    "altitude_payload": 90000,
    "altitude_crew": 425,
    "cruise_speed": 115.749,
    "jet_consumption": 2.7e-05,
    "prop_consumption": 2.1e-08,
    "prop_efficiency": 0.82,
    "Cd0": 0.02,
    "oswald_factor": 0.85,
    "aspect_ratio": 12,
    "Cl_alpha": 5.0,
    "tfo": 0.001,
    "reserve_fuel": 0,
    "k": 1.8132737697042467,
    "n_engines": 8,
    "CLmax_clean": 1.5,
    "CLmax_takeoff": 1.6,
    "CLmax_landing": 1.8,
    "stall_speed_clean": 77.16,
    "stall_speed_takeoff": 61.728,
    "stall_speed_landing": 51.44,
    "high_altitude": 3048.0,
    "L": 70,
    "r": 4,
    "hull_surface": 251.32741228718345,
    "design": {
        "take_off_power": 53392355.25717556,
        "take_off_thrust": null,
        "MTOM": 257978.74470201603,
        "MTOW": 2530771.4855267773,
        "OEW": 1255071.4899676756,
        "ZFW": 2144671.5114532025,
        "EW": 1254646.4899676756,
        "Fuel": 386099.9740735748,
        "Fuel_used": 386099.9740735748,
        "Fuel_reserve": 0.0,
        "S": 759.2793908033493,
        "aspect_ratio": 12,
        "b": 95.45340585668063,
        "MAC": 7.954450488056719,
        "cruise_altitude": 4,
        "h_b": 0.04190526219678149,
        "k": 1.8259454177723113,
        "WP": 0.10625661840691795,
        "TW": null,
        "WS": 3333.092421384543,
        "fuel_economy": 0.09681243199025158,
        "design_payload": 90000,
        "P": 23817542.13026987,
        "T": null
    },
    "ferry": {
        "take_off_power": 53392355.25717556,
        "take_off_thrust": null,
        "MTOM": 74563.74423649686,
        "MTOW": 731470.3309600343,
        "OEW": 619642.6057302894,
        "ZFW": 624543.3260612495,
        "EW": 619217.6057302894,
        "Fuel": 106927.00489878481,
        "Fuel_used": 106927.00489878481,
        "Fuel_reserve": 0.0,
        "S": 219.45255616338264,
        "aspect_ratio": 12,
        "b": 51.31696282868455,
        "MAC": 4.276413569057046,
        "cruise_altitude": 4,
        "h_b": 0.07794693566245364,
        "k": 1.5001514545222956,
        "WP": 0.10625661840691795,
        "TW": null,
        "WS": 3333.092421384543,
        "fuel_economy": 0.008985065440906145,
        "ferry_payload": 0,
        "P": 6883997.833987262,
        "T": null
    },
    "altitude": {
        "take_off_power": 53392355.25717556,
        "take_off_thrust": null,
        "MTOM": 247495.58488178666,
        "MTOW": 2427931.6876903274,
        "OEW": 1218753.2906331406,
        "ZFW": 2108250.4723208314,
        "EW": 1218328.2906331406,
        "Fuel": 319681.21536949626,
        "Fuel_used": 319681.21536949626,
        "Fuel_reserve": 0.0,
        "S": 728.4196965327308,
        "aspect_ratio": 12,
        "b": 93.49350971266811,
        "MAC": 7.791125809389012,
        "cruise_altitude": 4,
        "h_b": 0.04278371848797982,
        "k": 1.8132737697042467,
        "WP": 0.10625661840691795,
        "TW": null,
        "WS": 3333.092421384543,
        "fuel_economy": 0.20039573944404548,
        "altitude_payload": 90000,
        "P": 22849698.43847632,
        "T": null
    },
    "gravitational_acceleration": 9.81,
    "kinematic_viscosity": 1.002e-06,
    "rho_water": 1000.0,
    "MTOW": 2427931.6876903274,
    "fuel_used": 319681.21536949626,
    "fuel_res": 0.0,
    "fuel": 319681.21536949626,
    "OEW": 1218753.2906331406,
    "ZFW": 2108250.4723208314,
    "EW": 1218328.2906331406,
    "MTOM": 247495.58488178666,
    "TW": 0.13716682347628203,
    "WP": 0.12334479778165412,
    "WS": 3400.7881775177657
}