{
    "design_id": 2,
    "inputs": {
        "cruise_altitude": 5,
        "aircraft_type": "PROP",
        "wing_type": "HIGH",
        "n_wings": 1,
        "n_fuselages": 2,
        "depth": 0.1,
        "jet_consumption": 2.7e-05,
        "prop_consumption": 2.1e-08,
        "prop_efficiency": 0.82,
        "Cd0": 0.02422111472806403,
        "oswald_factor": 0.85,
        "aspect_ratio": 10,
        "tfo": 0.001,
        "reserve_fuel": 0,
        "n_engines": 8,
        "CLmax_clean": 1.5,
        "CLmax_takeoff": 1.7,
        "CLmax_landing": 1.7,
        "r_float": 3.1,
        "upsweep": 11,
        "k": 1.3716460286677323
    },
    "requirements": {
        "design_range": 3704000,
        "design_payload": 90000,
        "design_crew": 425,
        "ferry_range": 12038000,
        "reserve_range": 185200,
        "ferry_payload": 0,
        "ferry_crew": 425,
        "altitude_range_WIG": 943600,
        "altitude_range_WOG": 538000,
        "altitude_payload": 90000,
        "altitude_crew": 425,
        "cruise_speed": 115.749,
        "stall_speed_clean": 77.16,
        "stall_speed_takeoff": 61.9,
        "stall_speed_landing": 61.9,
        "stall_speed_high": 82.3,
        "high_altitude": 3048.0,
        "cargo_width": 3.5,
        "cargo_height": 4,
        "cargo_length": 7.32,
        "cargo_density": 160
    },
    "outputs": {
        "general": {
            "d_fuselage": 6.2048047905502495,
            "r_fuselage": 3.1024023952751247,
            "l_fuselage": 52.740840719677124,
            "l_tailcone": 27.921621557476122,
            "l_nose": 9.307207185825375,
            "l_cargo_straight": 8.74654837462985,
            "Re": 3407446264.9855022,
            "Cd": 0.0013218773711531056,
            "hull_surface": 210.4204947871738,
            "take_off_power": 93133344.13863601,
            "take_off_thrust": null,
            "V_lof": 64.995,
            "LD_g": 16.6018826655351
        },
        "design": {
            "MTOW": 2608514.350677592,
            "total_fuel": 436309.95804911247,
            "fuel_mission": 410683.96136958123,
            "fuel_reserve": 25625.996679531236,
            "OEW": 1282526.628277802,
            "EW": 1282101.628277802,
            "ZFW": 2172204.3926284797,
            "MTOM": 265903.60353492276,
            "S": 732.4950553850852,
            "b": 85.58592497514326,
            "MAC": 8.558592497514327,
            "fuel_economy": 0.15314802315239753,
            "h_b": 0.058420820963869365,
            "k": 1.6382493467513324,
            "WP": 0.0908869540962573,
            "TW": null,
            "WS": 3560.831988190202,
            "P": 28700646.606717017,
            "T": null,
            "LD": 27.198023431655148
        },
        "ferry": {
            "MTOW": 773179.6329914564,
            "total_fuel": 133864.8259138188,
            "fuel_mission": 130868.24382231533,
            "fuel_reserve": 2996.5820915034565,
            "OEW": 634372.3774446461,
            "EW": 633947.3774446461,
            "ZFW": 639314.8070776376,
            "MTOM": 78815.45698179984,
            "S": 217.13637109958663,
            "b": 46.59789384721016,
            "MAC": 4.659789384721016,
            "fuel_economy": 0,
            "h_b": 0.10730098695864883,
            "k": 1.3716460286677323,
            "WP": 0.0908869540962573,
            "TW": null,
            "WS": 3560.831988190202,
            "P": 8507047.470999975,
            "T": null,
            "LD": 22.771906426588888
        },
        "altitude": {
            "MTOW": 2458154.4884363012,
            "total_fuel": 339200.51579928386,
            "fuel_mission": 314237.12634613353,
            "fuel_reserve": 24963.389453150332,
            "OEW": 1229426.568148581,
            "EW": 1229001.568148581,
            "ZFW": 2118953.9726370173,
            "MTOM": 250576.40045222233,
            "S": 690.3244110293297,
            "b": 83.08576358374097,
            "MAC": 8.308576358374097,
            "fuel_economy": 0.292955162775959,
            "h_b": 0.06017878134995498,
            "k": 1.623026668793587,
            "WP": 0.0908869540962573,
            "TW": null,
            "WS": 3560.831988190202,
            "P": 27046285.276904527,
            "T": null,
            "LD": 26.945298318345433
        },
        "max": {
            "MTOM": 265903.60353492276,
            "S": 732.4950553850852,
            "b": 85.58592497514326,
            "MAC": 8.558592497514327,
            "fuel_economy": 0.15314802315239753
        },
        "wing_design": {
            "taper_ratio": 0.4,
            "sweep_c_4": 0,
            "dihedral": 1,
            "sweep_x_c": 2.454031674527076,
            "chord_root": 12.226560710734754,
            "chord_tip": 4.890624284293902,
            "y_MAC": 18.339841066102128,
            "X_LEMAC": 21.056440000000002,
            "X_LE": 20.270446811452768,
            "MAC": 9.082587956545817,
            "S": 732.4950553850852,
            "b": 85.58592497514326,
            "aspect_ratio": 10
        }
    },
    "kinematic_viscosity": 1.006e-06,
    "rho_water": 1000
}