{
    "design_id": 1,
    "inputs": {
        "cruise_altitude": 4,
        "aircraft_type": "PROP",
        "wing_type": "LOW",
        "n_wings": 1,
        "n_fuselages": 1,
        "depth": 0.1,
        "jet_consumption": 2.7e-05,
        "prop_consumption": 2.1e-08,
        "prop_efficiency": 0.85,
        "Cd0": 0.026145846530271452,
        "oswald_factor": 0.85,
        "aspect_ratio": 10,
        "tfo": 0.001,
        "n_engines": 8,
        "CLmax_clean": 1.5,
        "CLmax_takeoff": 1.7,
        "CLmax_landing": 1.7,
        "CL_hydro": 0.5,
        "r_float": 3,
        "upsweep": 11,
        "xcg_OEW": 0.45,
        "xcg_payload": 0.55,
        "V_h": 0.9,
        "V_v": 0.083867,
        "xc_OEW": 0.2,
        "xc_wing": 0.4,
        "xc_fuselage": 0.4,
        "mf_wing": 0.08,
        "mf_fuselage": 0.08
    },
    "requirements": {
        "design_range": 3704000,
        "design_payload": 90000,
        "design_crew": 425,
        "ferry_range": 12038000,
        "ferry_payload": 0,
        "reserve_range": 185200,
        "ferry_crew": 170,
        "altitude_range_WIG": 943600,
        "altitude_range_WOG": 538000,
        "altitude_payload": 90000,
        "altitude_crew": 425,
        "cruise_speed": 115.749,
        "stall_speed_clean": 77.16,
        "stall_speed_takeoff": 61.9,
        "stall_speed_landing": 61.9,
        "stall_speed_high": 82.3,
        "high_altitude": 3048.0,
        "cargo_width": 3.5,
        "cargo_height": 4,
        "cargo_length": 7.32,
        "cargo_density": 160
    },
    "outputs": {
        "general": {
            "d_fuselage": 8.832726010325398,
            "r_fuselage": 4.416363005162699,
            "l_fuselage": 75.07817108776588,
            "l_tailcone": 39.747267046464295,
            "l_nose": 13.249089015488098,
            "l_cargo_straight": 15.316351424067726,
            "LD_g": 15.979127045476172,
            "Re": 4850602117.146465,
            "Cd_water": 0.0012696487711144299,
            "hull_surface": 154.28581474848784,
            "take_off_power": 31637380.503370564,
            "take_off_thrust": null,
            "V_lof": 64.995
        },
        "design": {
            "MTOW": 2536628.487301938,
            "total_fuel": 389882.7001758995,
            "OEW": 1257139.908638736,
            "EW": 1256714.908638736,
            "ZFW": 2146745.787126038,
            "MTOM": 258575.78871579384,
            "S": 712.3012121613516,
            "b": 84.39793908392264,
            "MAC": 8.439793908392263,
            "h_b": 0.0473945222290621,
            "k": 1.752656500288215,
            "WP": 0.08899993972567294,
            "TW": null,
            "WS": 3561.1738935188127,
            "P": 28501462.979870103,
            "T": null,
            "LD": 28.005921178934617,
            "max_fuel": 428870.97019348945,
            "mission_fuel": 382990.3496801226,
            "reserve_fuel": 6892.35049577686,
            "Mff": 0.8462988560888572,
            "fuel_economy": 0.06966868652580294
        },
        "ferry": {
            "MTOW": 757121.5312455532,
            "total_fuel": 123493.7516065464,
            "OEW": 628701.4081077612,
            "EW": 628531.4081077612,
            "ZFW": 633627.7796390068,
            "MTOM": 77178.54548884333,
            "S": 212.60421875055263,
            "b": 46.10902501143921,
            "MAC": 4.61090250114392,
            "fuel_economy": 0,
            "h_b": 0.08675091262518864,
            "k": 1.4543548644741644,
            "WP": 0.08899993832147617,
            "TW": null,
            "WS": 3561.1738935188127,
            "P": 8506989.39263035,
            "T": null,
            "LD": 23.239321148638954,
            "max_fuel": 135843.12676720106,
            "mission_fuel": 121041.35774148902,
            "reserve_fuel": 2452.3938650573837,
            "Mff": 0.8368904508588142,
            "fuel_mission": 116627.08222187468,
            "fuel_reserve": 2339.5820760255447
        },
        "altitude": {
            "MTOW": 2405130.109549667,
            "OEW": 1210700.8413141381,
            "EW": 1210275.8413141381,
            "ZFW": 2100175.221423688,
            "MTOM": 245171.26498977237,
            "S": 675.3756379085717,
            "b": 82.18124104128458,
            "MAC": 8.218124104128458,
            "h_b": 0.048672908188263544,
            "k": 1.737401560243002,
            "WP": 0.08899993832147617,
            "TW": null,
            "WS": 3561.1738935188127,
            "P": 27023952.54322661,
            "T": null,
            "LD": 27.762160260131452,
            "Mff": 0.8732064901956267,
            "total_fuel": 304954.8881259792,
            "mission_fuel": 298152.7572208839,
            "reserve_fuel": 6802.130905095313,
            "max_fuel": 335450.37693857716,
            "fuel_economy": 0.13080476261668894
        },
        "max": {
            "MTOM": 258575.78871579384,
            "S": 712.3012121613516,
            "b": 84.39793908392264,
            "MAC": 8.439793908392263,
            "fuel_economy": 0.06966868652580294,
            "OEW": 1257139.908638736,
            "total_fuel": 389882.7001758995,
            "max_fuel": 428870.97019348945,
            "mission_fuel": 382990.3496801226,
            "reserve_fuel": 6892.35049577686,
            "Mff": 0.8368904508588142,
            "LD": 28.005921178934617
        },
        "wing_design": {
            "taper_ratio": 0.4,
            "sweep_c_4": 0,
            "dihedral": 5,
            "sweep_x_c": 2.454031674527076,
            "chord_root": 12.053079855926189,
            "chord_tip": 4.821231942370476,
            "y_MAC": 18.079619783889285,
            "X_LEMAC": 30.031268435106355,
            "X_LE": 29.256427587225385,
            "MAC": 8.95371646440231,
            "S": 711.8559966653349,
            "b": 84.37155899148331,
            "aspect_ratio": 10
        },
        "cg_range": {
            "most_aft_cg": 36.95174277234687,
            "most_aft_mission": "ALTITUDE_OEW_PAYLOAD",
            "most_forward_cg": 33.785176989494644,
            "most_forward_mission": "DESIGN_OEW"
        },
        "empennage_design": {
            "S_h": 176.54086212360548,
            "S_v": 164.51058315244913,
            "l_h": 30.61861120664242,
            "l_v": 30.61861120664242
        }
    },
    "kinematic_viscosity": 1.006e-06,
    "rho_water": 1000,
    "viscosity_air": 1.484e-05,
    "rho_air": 1.225
}