{
    "design_id": 3,
    "inputs": {
        "cruise_altitude": 10,
        "aircraft_type": "PROP",
        "wing_type": "HIGH",
        "n_wings": 1,
        "n_fuselages": 1,
        "depth": 0.15,
        "jet_consumption": 2.7e-05,
        "prop_consumption": 2.1e-08,
        "prop_efficiency": 0.82,
        "Cd0": 0.02320987776055315,
        "oswald_factor": 0.85,
        "aspect_ratio": 10,
        "tfo": 0.001,
        "reserve_fuel": 0,
        "n_engines": 8,
        "CLmax_clean": 1.5,
        "CLmax_takeoff": 1.7,
        "CLmax_landing": 1.7,
        "r_float": 1.5,
        "upsweep": 11,
        "xcg_OEW": 0.45,
        "xcg_payload": 0.55,
        "V_h": 0.9,
        "V_v": 0.0838
    },
    "requirements": {
        "design_range": 3704000,
        "design_payload": 90000,
        "design_crew": 425,
        "ferry_range": 12038000,
        "reserve_range": 185200,
        "ferry_payload": 0,
        "ferry_crew": 425,
        "altitude_range_WIG": 943600,
        "altitude_range_WOG": 538000,
        "altitude_payload": 90000,
        "altitude_crew": 170,
        "cruise_speed": 115.749,
        "stall_speed_clean": 77.16,
        "stall_speed_takeoff": 61.73,
        "stall_speed_landing": 61.73,
        "stall_speed_high": 82.3,
        "high_altitude": 3048.0,
        "cargo_width": 3.5,
        "cargo_height": 4,
        "cargo_length": 7.32,
        "cargo_density": 160
    },
    "outputs": {
        "general": {
            "d_fuselage": 8.832726010325398,
            "r_fuselage": 4.416363005162699,
            "l_fuselage": 75.07817108776588,
            "l_tailcone": 39.747267046464295,
            "l_nose": 13.249089015488098,
            "l_cargo_straight": 15.316351424067726,
            "Re": 4850602117.146465,
            "Cd": 0.0012696487711144299,
            "hull_surface": 358.30253673344384,
            "take_off_power": 76160445.50231826,
            "take_off_thrust": null,
            "V_lof": 64.995,
            "LD_g": 16.959692627203378
        },
        "design": {
            "MTOW": 2655398.4174253973,
            "total_fuel": 466589.88451630186,
            "OEW": 1299083.8844916704,
            "EW": 1298658.8844916704,
            "ZFW": 2188808.5329090953,
            "MTOM": 270682.8152319467,
            "S": 746.0822618724875,
            "b": 86.37605350283651,
            "MAC": 8.63760535028365,
            "fuel_economy": 0.08308386166715977,
            "h_b": 0.11577282816783947,
            "k": 1.3446585754336775,
            "WP": 0.08123116348289106,
            "TW": null,
            "WS": 3559.122838225619,
            "P": 32689405.193422824,
            "T": null,
            "LD": 20.720357903383377,
            "max_fuel": 513248.8729679321,
            "mission_fuel": 456737.7227772951,
            "reserve_fuel": 9852.161739006755,
            "fuel_mission": 456737.7227772951,
            "fuel_reserve": 9852.161739006755,
            "Mff": 0.8242862986381174
        },
        "ferry": {
            "MTOW": 814864.9603300439,
            "total_fuel": 160787.1629491875,
            "OEW": 649093.6824205264,
            "EW": 648668.6824205264,
            "ZFW": 654077.7973808565,
            "MTOM": 83064.7258236538,
            "S": 228.95106389086877,
            "b": 47.84883111329563,
            "MAC": 4.784883111329562,
            "fuel_economy": 0,
            "h_b": 0.20899152115800224,
            "k": 1.1777314433907609,
            "WP": 0.08123116348289106,
            "TW": null,
            "WS": 3559.122838225619,
            "P": 10031432.831830252,
            "T": null,
            "LD": 18.148113927919905,
            "max_fuel": 176865.87924410627,
            "mission_fuel": 157424.70193609138,
            "reserve_fuel": 3362.4610130961228,
            "fuel_mission": 157424.70193609138,
            "fuel_reserve": 3362.4610130961228,
            "Mff": 0.8026824433780242
        },
        "altitude": {
            "MTOW": 2439999.5103817424,
            "total_fuel": 327475.18054919573,
            "OEW": 1223015.080322165,
            "EW": 1222590.080322165,
            "ZFW": 2112524.3298325464,
            "MTOM": 248725.74010007567,
            "S": 685.5620391001145,
            "b": 82.79867384808252,
            "MAC": 8.279867384808252,
            "fuel_economy": 0.13945192118417346,
            "h_b": 0.12077488122995564,
            "k": 1.3302077274195891,
            "WP": 0.08123116348289106,
            "TW": null,
            "WS": 3559.122838225619,
            "P": 30037726.972797282,
            "T": null,
            "LD": 20.497679263370436,
            "max_fuel": 360222.69860411534,
            "mission_fuel": 317862.8512376958,
            "reserve_fuel": 9612.329311499954,
            "fuel_mission": 317862.8512376958,
            "fuel_reserve": 9612.329311499954,
            "Mff": 0.8657888334994126
        },
        "max": {
            "MTOM": 270682.8152319467,
            "S": 746.0822618724875,
            "b": 86.37605350283651,
            "MAC": 8.63760535028365,
            "fuel_economy": 0.08308386166715977,
            "OEW": 1299083.8844916704,
            "total_fuel": 466589.88451630186,
            "max_fuel": 513248.8729679321,
            "mission_fuel": 456737.7227772951,
            "reserve_fuel": 9852.161739006755,
            "Mff": 0.8026824433780242,
            "MTOW": 1733790.843393344
        },
        "wing_design": {
            "taper_ratio": 0.4,
            "sweep_c_4": 0,
            "dihedral": 1,
            "sweep_x_c": 2.454031674527076,
            "chord_root": 12.339436214690929,
            "chord_tip": 4.935774485876372,
            "y_MAC": 18.509154322036395,
            "X_LEMAC": 21.056440000000002,
            "X_LE": 20.263190529055585,
            "MAC": 9.16643833091326,
            "S": 746.0822618724875,
            "b": 86.37605350283651,
            "aspect_ratio": 10
        },
        "cg_range": {
            "most_aft_cg": 36.932811852494346,
            "most_aft_mission": "ALTITUDE_OEW_PAYLOAD",
            "most_forward_cg": 31.403501057848224,
            "most_forward_mission": "DESIGN_OEW_FUEL"
        },
        "empennage_design": {
            "S_h": 152.04805615904135,
            "S_v": 141.57363451252962
        }
    },
    "kinematic_viscosity": 1.006e-06,
    "rho_water": 1000,
    "viscosity_air": 1.484e-05,
    "rho_air": 1.225
}