{
    "design_id": 3,
    "inputs": {
        "cruise_altitude": 10,
        "aircraft_type": "PROP",
        "wing_type": "HIGH",
        "n_wings": 1,
        "n_fuselages": 1,
        "depth": 0.1,
        "jet_consumption": 2.7e-05,
        "prop_consumption": 2.1e-08,
        "prop_efficiency": 0.85,
        "Cd0": 0.02572934246672927,
        "oswald_factor": 0.85,
        "aspect_ratio": 10,
        "tfo": 0.001,
        "n_engines": 8,
        "CLmax_clean": 1.5,
        "CLmax_takeoff": 1.7,
        "CLmax_landing": 1.7,
        "CL_hydro": 0.5,
        "r_float": 4.416363005162699,
        "upsweep": 11,
        "xcg_OEW": 0.45,
        "xcg_payload": 0.55,
        "V_h": 0.9,
        "V_v": 0.083867,
        "k": 1.1744700387202258,
        "xc_OEW": 0.2,
        "xc_wing": 0.4,
        "xc_fuselage": 0.4,
        "mf_wing": 0.12,
        "mf_fuselage": 0.2
    },
    "requirements": {
        "design_range": 3704000,
        "design_payload": 90000,
        "design_crew": 425,
        "ferry_range": 12038000,
        "reserve_range": 185200,
        "ferry_payload": 0,
        "ferry_crew": 170,
        "altitude_range_WIG": 943600,
        "altitude_range_WOG": 538000,
        "altitude_payload": 90000,
        "altitude_crew": 425,
        "cruise_speed": 115.749,
        "stall_speed_clean": 77.16,
        "stall_speed_takeoff": 61.73,
        "stall_speed_landing": 61.73,
        "stall_speed_high": 82.3,
        "high_altitude": 3048.0,
        "cargo_width": 3.5,
        "cargo_height": 4,
        "cargo_length": 7.32,
        "cargo_density": 160
    },
    "outputs": {
        "general": {
            "d_fuselage": 8.832726010325398,
            "r_fuselage": 4.416363005162699,
            "l_fuselage": 75.07817108776588,
            "l_tailcone": 39.747267046464295,
            "l_nose": 13.249089015488098,
            "l_cargo_straight": 15.316351424067726,
            "Re": 4837280592.753655,
            "Cd": 0.0012700434697589557,
            "hull_surface": 227.12738815886908,
            "take_off_power": 46205736.735140644,
            "take_off_thrust": null,
            "V_lof": 64.8165,
            "LD_g": 16.10794209493419,
            "Cd_water": 0.0012700434697589557
        },
        "design": {
            "MTOW": 2622969.4243699904,
            "total_fuel": 445645.72174977575,
            "OEW": 1287631.4831958443,
            "EW": 1287206.4831958443,
            "ZFW": 2177323.702620215,
            "MTOM": 267377.107479102,
            "S": 741.0355352612874,
            "b": 86.08342089283437,
            "MAC": 8.608342089283438,
            "fuel_economy": 0.07941972097170641,
            "h_b": 0.11616638716587535,
            "k": 1.3434842129886824,
            "WP": 0.08980544951003354,
            "TW": null,
            "WS": 3539.6003814507203,
            "P": 29207241.193942674,
            "T": null,
            "LD": 21.640732249421664,
            "max_fuel": 490210.2939247534,
            "mission_fuel": 436594.8064082732,
            "reserve_fuel": 9050.91534150258,
            "Mff": 0.8300987736992721
        },
        "ferry": {
            "MTOW": 796506.1356307365,
            "total_fuel": 148930.17398725948,
            "OEW": 642610.2055078462,
            "EW": 642440.2055078462,
            "ZFW": 647575.961643477,
            "MTOM": 81193.28599701697,
            "S": 225.02713329187853,
            "b": 47.43702491639611,
            "MAC": 4.743702491639611,
            "fuel_economy": 0,
            "h_b": 0.21080580027150067,
            "k": 1.1758188953893611,
            "WP": 0.08980565941380786,
            "TW": null,
            "WS": 3539.6003814507203,
            "P": 8869219.833469331,
            "T": null,
            "LD": 18.94002268106131,
            "max_fuel": 163823.19138598544,
            "mission_fuel": 145853.5089276382,
            "reserve_fuel": 3076.665059621271,
            "Mff": 0.8130206820449352
        },
        "altitude": {
            "MTOW": 2426378.2712551183,
            "total_fuel": 318677.9462699089,
            "OEW": 1218204.696713954,
            "EW": 1217779.696713954,
            "ZFW": 2107700.3249852094,
            "MTOM": 247337.23458258086,
            "S": 685.4949739088274,
            "b": 82.79462385377613,
            "MAC": 8.279462385377611,
            "fuel_economy": 0.13592721019049894,
            "h_b": 0.1207807890722595,
            "k": 1.3301912499750026,
            "WP": 0.08980565941380786,
            "TW": null,
            "WS": 3539.6003814507203,
            "P": 27018099.829041023,
            "T": null,
            "LD": 21.426643629785474,
            "max_fuel": 350545.74089689984,
            "mission_fuel": 309828.72250913887,
            "reserve_fuel": 8849.223760770052,
            "Mff": 0.8686610616138336
        },
        "max": {
            "MTOM": 267377.107479102,
            "S": 741.0355352612874,
            "b": 86.08342089283437,
            "MAC": 8.608342089283438,
            "fuel_economy": 0.07941972097170641,
            "OEW": 1287631.4831958443,
            "total_fuel": 445645.72174977575,
            "max_fuel": 490210.2939247534,
            "mission_fuel": 436594.8064082732,
            "reserve_fuel": 9050.91534150258,
            "Mff": 0.8130206820449352,
            "MTOW": 1733790.843393344,
            "LD": 21.640732249421664
        },
        "wing_design": {
            "taper_ratio": 0.4,
            "sweep_c_4": 0,
            "dihedral": 1,
            "sweep_x_c": 2.454031674527076,
            "chord_root": 12.297602203608971,
            "chord_tip": 4.919040881443589,
            "y_MAC": 18.446403305413455,
            "X_LEMAC": 29.300439504149022,
            "X_LE": 28.509879362488444,
            "MAC": 9.135361636966664,
            "S": 741.03199779522,
            "b": 86.08321542526278,
            "aspect_ratio": 10
        },
        "cg_range": {
            "most_aft_cg": 36.940020843101486,
            "most_aft_mission": "ALTITUDE_OEW_PAYLOAD",
            "most_forward_cg": 33.735386485084625,
            "most_forward_mission": "DESIGN_OEW_FUEL"
        },
        "empennage_design": {
            "S_h": 187.43307537073858,
            "S_v": 174.66055257908593,
            "l_h": 30.630333135887803,
            "l_v": 30.630333135887803
        }
    },
    "kinematic_viscosity": 1.006e-06,
    "rho_water": 1000,
    "viscosity_air": 1.484e-05,
    "rho_air": 1.225
}