{
    "design_id": 4,
    "aircraft_type": "PROP",
    "cruise_altitude": 5,
    "design_range": 3704000,
    "design_payload": 90000,
    "design_crew": 425,
    "ferry_range": 12038000,
    "ferry_payload": 0,
    "ferry_crew": 425,
    "altitude_range_WIG": 943600,
    "altitude_range_WOG": 538000,
    "altitude_payload": 90000,
    "altitude_crew": 425,
    "cruise_speed": 115.749,
    "jet_consumption": 2.7e-05,
    "prop_consumption": 2.18e-08,
    "prop_efficiency": 0.82,
    "Cd0": 0.02,
    "oswald_factor": 0.85,
    "aspect_ratio": 10,
    "Cl_alpha": 5.0,
    "tfo": 0.001,
    "reserve_fuel": 0,
    "k": 1.6391161322825558,
    "n_engines": 8,
    "CLmax_clean": 1.5,
    "CLmax_takeoff": 1.6,
    "CLmax_landing": 1.8,
    "stall_speed_clean": 77.16,
    "stall_speed_takeoff": 61.728,
    "stall_speed_landing": 51.44,
    "high_altitude": 3048.0,
    "L": 70,
    "r": 4,
    "hull_surface": 251.32741228718345,
    "design": {
        "take_off_power": 53392355.25717556,
        "take_off_thrust": null,
        "MTOM": 263844.7881706701,
        "MTOW": 2588317.371954274,
        "OEW": 1275394.0014673586,
        "ZFW": 2165051.568839313,
        "EW": 1274969.0014673586,
        "Fuel": 423265.80311496084,
        "Fuel_used": 423265.80311496084,
        "Fuel_reserve": 0.0,
        "S": 776.6123306959281,
        "aspect_ratio": 10,
        "b": 88.12561095935324,
        "MAC": 8.812561095935326,
        "cruise_altitude": 5,
        "h_b": 0.056737195300764307,
        "k": 1.6535012490159873,
        "WP": 0.10139945256551712,
        "TW": null,
        "WS": 3332.77241396741,
        "fuel_economy": 0.10613155796290666,
        "design_payload": 90000,
        "P": 25525950.15522285,
        "T": null
    },
    "ferry": {
        "take_off_power": 53392355.25717556,
        "take_off_thrust": null,
        "MTOM": 77671.29528983508,
        "MTOW": 761955.4067932821,
        "OEW": 630408.5065209644,
        "ZFW": 635339.7119277578,
        "EW": 629983.5065209644,
        "Fuel": 126615.69486552429,
        "Fuel_used": 126615.69486552429,
        "Fuel_reserve": 0.0,
        "S": 228.618119222058,
        "aspect_ratio": 10,
        "b": 47.814027149159685,
        "MAC": 4.78140271491597,
        "cruise_altitude": 5,
        "h_b": 0.10457182333548479,
        "k": 1.3810985214370926,
        "WP": 0.10139945256551712,
        "TW": null,
        "WS": 3332.77241396741,
        "fuel_economy": 0.009768672262015783,
        "ferry_payload": 0,
        "P": 7514393.692618417,
        "T": null
    },
    "altitude": {
        "take_off_power": 53392355.25717556,
        "take_off_thrust": null,
        "MTOM": 249692.4796863967,
        "MTOW": 2449483.2257235516,
        "OEW": 1226364.2843410554,
        "ZFW": 2115883.017566779,
        "EW": 1225939.2843410554,
        "Fuel": 333600.20815677237,
        "Fuel_used": 333600.20815677237,
        "Fuel_reserve": 0.0,
        "S": 734.9517199576374,
        "aspect_ratio": 10,
        "b": 85.72932520191894,
        "MAC": 8.572932520191893,
        "cruise_altitude": 5,
        "h_b": 0.05832309992203323,
        "k": 1.6391161322825558,
        "WP": 0.10139945256551712,
        "TW": null,
        "WS": 3332.77241396741,
        "fuel_economy": 0.20912101549349546,
        "altitude_payload": 90000,
        "P": 24156769.723592635,
        "T": null
    },
    "gravitational_acceleration": 9.81,
    "kinematic_viscosity": 1.002e-06,
    "rho_water": 1000.0,
    "MTOW": 2449483.2257235516,
    "fuel_used": 333600.20815677237,
    "fuel_res": 0.0,
    "fuel": 333600.20815677237,
    "OEW": 1226364.2843410554,
    "ZFW": 2115883.017566779,
    "EW": 1225939.2843410554,
    "MTOM": 249692.4796863967,
    "TW": 0.13610126506754436,
    "WP": 0.12121896352293766,
    "WS": 3400.1351731096174
}