{
    "design_id": 3,
    "inputs": {
        "cruise_altitude": 10,
        "aircraft_type": "PROP",
        "wing_type": "HIGH",
        "tail_type": "CONVENTIONAL",
        "n_wings": 1,
        "n_fuselages": 1,
        "depth": 0.1,
        "jet_consumption": 2.7e-05,
        "prop_consumption": 2.1e-08,
        "prop_efficiency": 0.85,
        "Cd0": 0.025579507893080933,
        "oswald_factor": 0.85,
        "aspect_ratio": 8,
        "aspect_h": 4.5,
        "aspect_v": 1.5,
        "sweep_h": 21,
        "sweep_hc4": 30,
        "taper_h": 0.3,
        "sweep_v": 33,
        "taper_v": 0.29,
        "h_position": 0.9199332738499699,
        "v_position": 0.8560633447838116,
        "tfo": 0.001,
        "n_engines": 6.0,
        "CLmax_clean": 1.5,
        "CLmax_takeoff": 1.7,
        "CLmax_landing": 1.7,
        "CL_hydro": 0.5,
        "r_float": 4.416363005162699,
        "upsweep": 11,
        "xcg_OEW": 0.4,
        "V_h": 0.9,
        "V_v": 0.083867,
        "xc_OEW": 0.2,
        "xc_wing": 0.4,
        "xc_fuselage": 0.4,
        "mf_wing": 0.12,
        "mf_fuselage": 0.2,
        "engine_power": 8202000
    },
    "requirements": {
        "design_range": 3704000,
        "design_payload": 90000,
        "design_crew": 425,
        "ferry_range": 12038000,
        "reserve_range": 185200,
        "ferry_payload": 0,
        "ferry_crew": 170,
        "altitude_range_WIG": 943600,
        "altitude_range_WOG": 538000,
        "altitude_payload": 90000,
        "altitude_crew": 425,
        "cruise_speed": 115.749,
        "stall_speed_clean": 77.16,
        "stall_speed_takeoff": 61.73,
        "stall_speed_landing": 61.73,
        "stall_speed_high": 82.3,
        "high_altitude": 3048.0,
        "cargo_width": 3.5,
        "cargo_height": 4,
        "cargo_length": 7.32,
        "cargo_density": 160
    },
    "outputs": {
        "general": {
            "d_fuselage": 8.832726010325398,
            "r_fuselage": 4.416363005162699,
            "l_fuselage": 75.07817108776588,
            "l_tailcone": 39.747267046464295,
            "l_nose": 13.249089015488098,
            "l_cargo_straight": 15.316351424067726,
            "Re": 4837280592.753655,
            "Cd": 0.0012700434697589557,
            "hull_surface": 227.12738815886908,
            "take_off_power": 46205736.735140644,
            "take_off_thrust": null,
            "V_lof": 64.8165,
            "LD_g": 14.449516140945379,
            "Cd_water": 0.0012700434697589557,
            "xcg_payload": 0.44404883931977346
        },
        "design": {
            "MTOW": 2568290.276856996,
            "total_fuel": 410331.36698426015,
            "OEW": 1268321.3695958788,
            "EW": 1267896.3695958788,
            "ZFW": 2157958.909872736,
            "MTOM": 261803.29019948991,
            "S": 725.5436752734371,
            "b": 76.18628093159225,
            "MAC": 9.523285116449031,
            "fuel_economy": 0.07394355725971638,
            "h_b": 0.13125722738689674,
            "k": 1.7469190536341037,
            "WP": 0.08490018821810541,
            "TW": null,
            "WS": 3539.6003814507203,
            "P": 30250701.803618554,
            "T": null,
            "LD": 25.242135058935943,
            "max_fuel": 451364.5036826862,
            "mission_fuel": 406490.63824394473,
            "reserve_fuel": 3840.7287403154187,
            "Mff": 0.840231701734894
        },
        "ferry": {
            "MTOW": 764633.5918735586,
            "total_fuel": 128345.39224294077,
            "OEW": 631354.3160387443,
            "EW": 631184.3160387443,
            "ZFW": 636288.1996306179,
            "MTOM": 77944.30090454215,
            "S": 215.99154128297053,
            "b": 41.56840543325861,
            "MAC": 5.196050679157327,
            "fuel_economy": 0,
            "h_b": 0.240567322604082,
            "k": 1.53967117255658,
            "WP": 0.08490018823461376,
            "TW": null,
            "WS": 3539.6003814507203,
            "P": 9006264.97741754,
            "T": null,
            "LD": 22.247503459604598,
            "max_fuel": 141179.93146723486,
            "mission_fuel": 127060.33897999278,
            "reserve_fuel": 1285.0532629479858,
            "Mff": 0.832147850150737
        },
        "altitude": {
            "MTOW": 2420075.9587668134,
            "total_fuel": 314607.6176496202,
            "OEW": 1215979.0151584262,
            "EW": 1215554.0151584262,
            "ZFW": 2105468.341117193,
            "MTOM": 246694.7970200625,
            "S": 683.7115532602986,
            "b": 73.95736897755617,
            "MAC": 9.244671122194523,
            "fuel_economy": 0.13636788547977574,
            "h_b": 0.1352130306722336,
            "k": 1.7343755420551685,
            "WP": 0.08490018823461376,
            "TW": null,
            "WS": 3539.6003814507203,
            "P": 28504953.98289529,
            "T": null,
            "LD": 25.060887389387048,
            "max_fuel": 346068.3794145823,
            "mission_fuel": 310833.18557232263,
            "reserve_fuel": 3774.4320772975916,
            "Mff": 0.8700009326112502
        },
        "max": {
            "MTOM": 261803.29019948991,
            "S": 725.5436752734371,
            "b": 76.18628093159225,
            "MAC": 9.523285116449031,
            "fuel_economy": 0.07394355725971638,
            "OEW": 1268321.3695958788,
            "total_fuel": 410331.36698426015,
            "max_fuel": 451364.5036826862,
            "mission_fuel": 406490.63824394473,
            "reserve_fuel": 3840.7287403154187,
            "Mff": 0.832147850150737,
            "MTOW": 2568290.276856996,
            "LD": 25.242135058935943
        },
        "wing_design": {
            "taper_ratio": 0.4,
            "sweep_c_4": 0,
            "dihedral": 1,
            "sweep_x_c": 3.066485501125894,
            "chord_root": 13.604693080763594,
            "chord_tip": 5.441877232305438,
            "y_MAC": 16.325631696916314,
            "X_LEMAC": 29.222760960592403,
            "X_LE": 28.348173548257602,
            "MAC": 10.106343431424383,
            "S": 725.5436813813651,
            "b": 76.18628125227613,
            "aspect_ratio": 8
        },
        "cg_range": {
            "most_aft_cg": 31.838758854230374,
            "most_aft_mission": "DESIGN_OEW_PAYLOAD_FUEL",
            "most_forward_cg": 30.031268435106355,
            "most_forward_mission": "DESIGN_OEW"
        },
        "empennage_design": {
            "vertical_tail": {
                "S": 142.9372855150039,
                "l_v": 32.43291006717088,
                "mac": 11.941273556683253,
                "b": 14.642606607858651,
                "chord_root": 15.13447711406579,
                "chord_tip": 4.388998363079079,
                "abs_pos": 0.8850201690521673,
                "sweep": 33,
                "taper": 0.29,
                "relative_pos_fus": 0.8560633447838116,
                "MAC": 10.747434109786978,
                "aspect_ratio": 1.5,
                "LE_pos": 59.64369397370009
            },
            "horizontal_tail": {
                "S": 177.26732262513275,
                "l_h": 37.22814875836781,
                "mac": 6.890369749157854,
                "b": 28.24363559836264,
                "chord_root": 9.655943794312012,
                "chord_tip": 2.896783138293604,
                "abs_pos": 1.0541825989753077,
                "sweep": 21,
                "sweep_hc4": 30,
                "taper": 0.3,
                "relative_pos_fus": 0.9199332738499699,
                "MAC": 6.882954807227536,
                "sweep_c_4": 30,
                "aspect_ratio": 4.5,
                "tail_height": 8.832726010325398,
                "LE_pos": 65.12222729345388
            }
        }
    },
    "kinematic_viscosity": 1.006e-06,
    "rho_water": 1000,
    "viscosity_air": 1.484e-05,
    "rho_air": 1.225
}