{
    "design_id": 2,
    "inputs": {
        "cruise_altitude": 8,
        "aircraft_type": "PROP",
        "wing_type": "HIGH",
        "n_wings": 1,
        "n_fuselages": 2,
        "depth": 0.1,
        "jet_consumption": 2.7e-05,
        "prop_consumption": 2.1e-08,
        "prop_efficiency": 0.85,
        "Cd0": 0.023446557108555584,
        "oswald_factor": 0.85,
        "aspect_ratio": 10,
        "tfo": 0.001,
        "n_engines": 8,
        "CLmax_clean": 1.5,
        "CLmax_takeoff": 1.7,
        "CLmax_landing": 1.7,
        "CL_hydro": 0.5,
        "r_float": 3.1024023952751247,
        "upsweep": 11,
        "xcg_OEW": 0.4,
        "xcg_payload": 0.55,
        "V_h": 0.9,
        "V_v": 0.083867,
        "k": 1.2261010000485446,
        "xc_OEW": 0.2,
        "xc_wing": 0.4,
        "xc_fuselage": 0.4,
        "mf_wing": 0.12,
        "mf_fuselage": 0.2
    },
    "requirements": {
        "design_range": 3704000,
        "design_payload": 90000,
        "design_crew": 425,
        "ferry_range": 12038000,
        "reserve_range": 185200,
        "ferry_payload": 0,
        "ferry_crew": 170,
        "altitude_range_WIG": 943600,
        "altitude_range_WOG": 538000,
        "altitude_payload": 90000,
        "altitude_crew": 425,
        "cruise_speed": 115.749,
        "stall_speed_clean": 77.16,
        "stall_speed_takeoff": 61.9,
        "stall_speed_landing": 61.9,
        "stall_speed_high": 82.3,
        "high_altitude": 3048.0,
        "cargo_width": 3.5,
        "cargo_height": 4,
        "cargo_length": 7.32,
        "cargo_density": 160
    },
    "outputs": {
        "general": {
            "d_fuselage": 6.2048047905502495,
            "r_fuselage": 3.1024023952751247,
            "l_fuselage": 52.740840719677124,
            "l_tailcone": 27.921621557476122,
            "l_nose": 9.307207185825375,
            "l_cargo_straight": 8.74654837462985,
            "Re": 3407446264.9855022,
            "Cd_water": 0.0013218773711531056,
            "hull_surface": 224.16418708256532,
            "take_off_power": 47857314.10082371,
            "take_off_thrust": null,
            "V_lof": 64.995,
            "LD_g": 16.873876398454303
        },
        "design": {
            "MTOW": 2585106.1053153775,
            "total_fuel": 421191.81669617654,
            "OEW": 1274259.9325138852,
            "EW": 1273834.9325138852,
            "ZFW": 2163914.2886192007,
            "MTOM": 263517.441928173,
            "S": 726.1928875400224,
            "b": 85.21695180772558,
            "MAC": 8.521695180772559,
            "fuel_economy": 0.07588095969661533,
            "h_b": 0.0938780351830742,
            "k": 1.4223749195530526,
            "WP": 0.096475184823991,
            "TW": null,
            "WS": 3559.8064228808703,
            "P": 26795554.836527508,
            "T": null,
            "LD": 24.000978584799594,
            "max_fuel": 463310.99836579425,
            "mission_fuel": 417141.1395492081,
            "reserve_fuel": 4050.6771469684318,
            "Mff": 0.8370698147243778
        },
        "ferry": {
            "MTOW": 778153.9782923548,
            "total_fuel": 137077.49111933165,
            "OEW": 636129.0831947308,
            "EW": 635959.0831947308,
            "ZFW": 641076.4871730232,
            "MTOM": 79322.52581981191,
            "S": 218.59446434913116,
            "b": 46.754086917523175,
            "MAC": 4.675408691752318,
            "fuel_economy": 0,
            "h_b": 0.17110803626883886,
            "k": 1.22610018438854,
            "WP": 0.096475184823991,
            "TW": null,
            "WS": 3559.8064228808703,
            "P": 8065845.944861534,
            "T": null,
            "LD": 20.689062963494255,
            "max_fuel": 150785.24023126482,
            "mission_fuel": 135685.13418270822,
            "reserve_fuel": 1392.3569366234296,
            "Mff": 0.8238427162961426
        },
        "altitude": {
            "MTOW": 2413928.5452066013,
            "total_fuel": 310637.3300129286,
            "OEW": 1213808.0366484658,
            "EW": 1213383.0366484658,
            "ZFW": 2103291.2151936726,
            "MTOM": 246068.14935847107,
            "S": 678.1066885249545,
            "b": 82.34723362232361,
            "MAC": 8.234723362232362,
            "fuel_economy": 0.13453819358372113,
            "h_b": 0.09714959019377756,
            "k": 1.4089685082371346,
            "WP": 0.096475184823991,
            "TW": null,
            "WS": 3559.8064228808703,
            "P": 25021237.840700325,
            "T": null,
            "LD": 23.774760457307952,
            "max_fuel": 341701.06301422144,
            "mission_fuel": 306662.6364825161,
            "reserve_fuel": 3974.693530412449,
            "Mff": 0.8713146125929166
        },
        "max": {
            "MTOM": 263517.441928173,
            "S": 726.1928875400224,
            "b": 85.21695180772558,
            "MAC": 8.521695180772559,
            "fuel_economy": 0.07588095969661533,
            "OEW": 1274259.9325138852,
            "total_fuel": 421191.81669617654,
            "max_fuel": 463310.99836579425,
            "mission_fuel": 417141.1395492081,
            "reserve_fuel": 4050.6771469684318,
            "Mff": 0.8238427162961426,
            "MTOW": 1720912.5750032095
        },
        "wing_design": {
            "taper_ratio": 0.4,
            "sweep_c_4": 0,
            "dihedral": 1,
            "sweep_x_c": 2.454031674527076,
            "chord_root": 12.173850258246512,
            "chord_tip": 4.869540103298605,
            "y_MAC": 18.26077538736977,
            "X_LEMAC": 21.056440000000002,
            "X_LE": 20.273835340541297,
            "MAC": 9.043431620411695,
            "S": 726.1928875400224,
            "b": 85.21695180772558,
            "aspect_ratio": 10
        },
        "cg_range": {
            "most_aft_cg": 24.552293202105204,
            "most_aft_mission": "ALTITUDE_OEW_PAYLOAD_FUEL",
            "most_forward_cg": 21.09633628787085,
            "most_forward_mission": "DESIGN_OEW"
        },
        "empennage_design": {
            "S_h": 243.05849448652228,
            "S_v": 226.31446486633962,
            "l_h": 22.914463445604206,
            "l_v": 22.914463445604206
        }
    },
    "kinematic_viscosity": 1.006e-06,
    "rho_water": 1000,
    "viscosity_air": 1.48e-05,
    "rho_air": 1.225
}