{
    "design_id": 3,
    "inputs": {
        "cruise_altitude": 10,
        "aircraft_type": "PROP",
        "wing_type": "HIGH",
        "tail_type": "CONVENTIONAL",
        "n_wings": 1,
        "n_fuselages": 1,
        "depth": 0.1,
        "jet_consumption": 2.7e-05,
        "prop_consumption": 2.1e-08,
        "prop_efficiency": 0.85,
        "Cd0": 0.018759238348700084,
        "oswald_factor": 0.6560637537879077,
        "aspect_ratio": 8,
        "aspect_h": 4.5,
        "aspect_v": 1.5,
        "sweep_h": 21,
        "sweep_hc4": 30,
        "taper_h": 0.3,
        "sweep_v": 33,
        "taper_v": 0.29,
        "h_position": 0.9382598023610346,
        "v_position": 0.8920929115484495,
        "tfo": 0.001,
        "n_engines": 6.0,
        "CLmax_clean": 1.6,
        "CLmax_takeoff": 2.4,
        "CLmax_landing": 2.4,
        "CL_hydro": 0.5,
        "r_float": 4.416363005162699,
        "upsweep": 11,
        "xcg_OEW": 0.4,
        "V_h": 0.9,
        "V_v": 0.083867,
        "xc_OEW": 0.2,
        "xc_wing": 0.4,
        "xc_fuselage": 0.4,
        "mf_wing": 0.12,
        "mf_fuselage": 0.2,
        "engine_power": 8202000
    },
    "requirements": {
        "design_range": 3704000,
        "design_payload": 90000,
        "design_crew": 425,
        "ferry_range": 12038000,
        "reserve_range": 185200,
        "ferry_payload": 0,
        "ferry_crew": 170,
        "altitude_range_WIG": 943600,
        "altitude_range_WOG": 538000,
        "altitude_payload": 90000,
        "altitude_crew": 425,
        "cruise_speed": 115.749,
        "stall_speed_clean": 77.16,
        "stall_speed_takeoff": 61.73,
        "stall_speed_landing": 61.73,
        "stall_speed_high": 82.3,
        "high_altitude": 3048.0,
        "cargo_width": 3.5,
        "cargo_height": 4,
        "cargo_length": 7.32,
        "cargo_density": 160
    },
    "outputs": {
        "general": {
            "d_fuselage": 8.832726010325398,
            "r_fuselage": 4.416363005162699,
            "l_fuselage": 75.07817108776588,
            "l_tailcone": 39.747267046464295,
            "l_nose": 13.249089015488098,
            "l_cargo_straight": 15.316351424067726,
            "Re": 4837280592.753655,
            "Cd": 0.0012700434697589557,
            "hull_surface": 227.12738815886908,
            "take_off_power": 46205736.735140644,
            "take_off_thrust": null,
            "V_lof": 64.8165,
            "LD_g": 14.823656941869348,
            "Cd_water": 0.0012700434697589557,
            "xcg_payload": 0.44404883931977346
        },
        "design": {
            "MTOW": 2576820.376306887,
            "total_fuel": 415840.5047791936,
            "OEW": 1271333.8011513862,
            "EW": 1270908.8011513862,
            "ZFW": 2160979.8715276932,
            "MTOM": 262672.8212341373,
            "S": 515.6461491277062,
            "b": 64.22748004570667,
            "MAC": 8.028435005713336,
            "fuel_economy": 0.07492631916093592,
            "h_b": 0.15569659580110612,
            "k": 1.6592022154910029,
            "WP": 0.09532577852625242,
            "TW": null,
            "WS": 4997.0828914598405,
            "P": 27031726.529222507,
            "T": null,
            "LD": 24.595468382170804,
            "max_fuel": 457424.555257113,
            "mission_fuel": 411893.1848250543,
            "reserve_fuel": 3947.319954139297,
            "Mff": 0.8386226263177962
        },
        "ferry": {
            "MTOW": 766961.6241006408,
            "total_fuel": 129848.94450576992,
            "OEW": 632176.4679707701,
            "EW": 632006.4679707701,
            "ZFW": 637112.6795948709,
            "MTOM": 78181.61305816929,
            "S": 153.46973906994418,
            "b": 35.039376600612535,
            "MAC": 4.379922075076568,
            "fuel_economy": 0,
            "h_b": 0.2853932053067744,
            "k": 1.4813967268406956,
            "WP": 0.09156454302011134,
            "TW": null,
            "WS": 4997.0828914598405,
            "P": 8376185.78986611,
            "T": null,
            "LD": 21.959716876034925,
            "max_fuel": 142833.8389563469,
            "mission_fuel": 128545.34616824878,
            "reserve_fuel": 1303.5983375211363,
            "Mff": 0.830696946984754
        },
        "altitude": {
            "MTOW": 2420348.98119838,
            "total_fuel": 314783.9483249473,
            "OEW": 1216075.433892234,
            "EW": 1215650.433892234,
            "ZFW": 2105565.0328734326,
            "MTOM": 246722.62805284196,
            "S": 484.3511477398153,
            "b": 62.24796528336105,
            "MAC": 7.780995660420132,
            "fuel_economy": 0.13640196537249885,
            "h_b": 0.1606478212497174,
            "k": 1.6476543068292064,
            "WP": 0.09532570323185476,
            "TW": null,
            "WS": 4997.0828914598405,
            "P": 25390308.16600971,
            "T": null,
            "LD": 24.424262203229695,
            "max_fuel": 346262.3431574421,
            "mission_fuel": 310910.8663369822,
            "reserve_fuel": 3873.0819879651535,
            "Mff": 0.8699427434761539
        },
        "max": {
            "MTOM": 262672.8212341373,
            "S": 515.6461491277062,
            "b": 64.22748004570667,
            "MAC": 8.028435005713336,
            "fuel_economy": 0.07492631916093592,
            "OEW": 1271333.8011513862,
            "total_fuel": 415840.5047791936,
            "max_fuel": 457424.555257113,
            "mission_fuel": 411893.1848250543,
            "reserve_fuel": 3947.319954139297,
            "Mff": 0.830696946984754,
            "MTOW": 2576820.376306887,
            "LD": 24.595468382170804
        },
        "wing_design": {
            "taper_ratio": 0.4,
            "sweep_c_4": 0,
            "dihedral": 1,
            "sweep_x_c": 3.066485501125894,
            "chord_root": 11.469192865304766,
            "chord_tip": 4.587677146121907,
            "y_MAC": 13.763031438365717,
            "X_LEMAC": 29.34967068768253,
            "X_LE": 28.612365432055796,
            "MAC": 8.519971842797826,
            "S": 515.6461491277062,
            "b": 64.22748004570667,
            "aspect_ratio": 8
        },
        "cg_range": {
            "most_aft_cg": 31.732971204201885,
            "most_aft_mission": "DESIGN_OEW_PAYLOAD_FUEL",
            "most_forward_cg": 30.031268435106355,
            "most_forward_mission": "DESIGN_OEW"
        },
        "empennage_design": {
            "vertical_tail": {
                "S": 78.81009788949248,
                "l_v": 35.24373303523933,
                "mac": 11.941273556683253,
                "b": 10.872678917094845,
                "chord_root": 11.237911025421027,
                "chord_tip": 3.2589941973720977,
                "sweep": 33,
                "taper": 0.29,
                "MAC": 7.980368754538002,
                "aspect_ratio": 1.5,
                "LE_pos": 63.540260062344856,
                "relative_pos_mac/4": 0.8920929115484495
            },
            "horizontal_tail": {
                "S": 102.14352959952643,
                "l_h": 38.709858762233324,
                "mac": 6.890369749157854,
                "b": 21.439353609609338,
                "chord_root": 7.329693541746782,
                "chord_tip": 2.1989080625240347,
                "sweep": 21,
                "sweep_hc4": 30,
                "taper": 0.3,
                "MAC": 5.224755909245141,
                "sweep_c_4": 30,
                "aspect_ratio": 4.5,
                "tail_height": 8.832726010325398,
                "LE_pos": 67.4484775460191,
                "relative_pos_mac/4": 0.9382598023610346
            }
        }
    },
    "kinematic_viscosity": 1.006e-06,
    "rho_water": 1000,
    "viscosity_air": 1.484e-05,
    "rho_air": 1.225
}