{
    "design_id": 2,
    "aircraft_type": "MIXED",
    "cruise_altitude": 7,
    "n_wings": 1,
    "design_range": 3704000,
    "design_payload": 90000,
    "design_crew": 425,
    "ferry_range": 12038000,
    "ferry_payload": 0,
    "ferry_crew": 425,
    "altitude_range_WIG": 943600,
    "altitude_range_WOG": 538000,
    "altitude_payload": 90000,
    "altitude_crew": 425,
    "cruise_speed": 115.749,
    "jet_consumption": 2.7e-05,
    "prop_consumption": 2.18e-08,
    "prop_efficiency": 0.82,
    "Cd0": 0.02,
    "oswald_factor": 0.85,
    "aspect_ratio": 10,
    "Cl_alpha": 5.0,
    "tfo": 0.001,
    "reserve_fuel": 0,
    "k": 1.5263124510846013,
    "n_engines": 8,
    "CLmax_clean": 1.5,
    "CLmax_takeoff": 1.6,
    "CLmax_landing": 1.8,
    "stall_speed_clean": 77.16,
    "stall_speed_takeoff": 61.728,
    "stall_speed_landing": 51.44,
    "high_altitude": 3048.0,
    "L": 70,
    "r": 4,
    "hull_surface": 251.32741228718345,
    "design": {
        "MTOW": 2582058.4863012875,
        "fuel_used": 439780.7189899248,
        "fuel_res": 0.0,
        "fuel": 439780.7189899248,
        "OEW": 1279934.9647221502,
        "ZFW": 2162834.9647221505,
        "EW": 1275765.7147221502,
        "MTOM": 263206.77740074287,
        "WS": 3332.132469647425,
        "Fuel": 419223.52157913725,
        "Fuel_used": 419223.52157913725,
        "Fuel_reserve": 0.0,
        "S": 774.9425176417045,
        "b": 88.03081946918957,
        "MAC": 8.803081946918956,
        "h_b": 0.07951760579088976,
        "fuel_economy": 0.15633250778706156,
        "TW": 0.13874681261488925,
        "WP": 0.11849376957575117,
        "take_off_thrust": null,
        "take_off_power": 53392355.25717556,
        "aspect_ratio": 10,
        "cruise_altitude": 7,
        "k": 1.4913963328831361,
        "design_payload": 90000,
        "P": 21790668.788291175,
        "T": 358252.3849595293,
        "Fuel_max": 461145.87373705104
    },
    "ferry": {
        "take_off_power": 53392355.25717556,
        "take_off_thrust": null,
        "MTOM": 79530.09495062743,
        "MTOW": 780190.2314656551,
        "OEW": -241102.36733594685,
        "ZFW": 641797.6326640531,
        "EW": -245271.61733594685,
        "Fuel": 138392.598801602,
        "Fuel_used": 138392.598801602,
        "Fuel_reserve": 0.0,
        "S": 234.13361179439391,
        "aspect_ratio": 10,
        "b": 48.38735493849544,
        "MAC": 4.838735493849544,
        "cruise_altitude": 7,
        "h_b": 0.144665894816892,
        "k": 1.2730119456873967,
        "WP": 0.11486660918407295,
        "TW": 0.13889180517215602,
        "WS": 3332.132469647425,
        "ferry_payload": 0,
        "P": 6792141.223698922,
        "T": 108362.02962594708,
        "Fuel_max": 152231.8586817622
    },
    "altitude": {
        "take_off_power": 53392355.25717556,
        "take_off_thrust": null,
        "MTOM": 307821.5098637315,
        "MTOW": 3019729.011763206,
        "OEW": 1434937.3633099492,
        "ZFW": 2317837.363309949,
        "EW": 1430768.1133099492,
        "Fuel": 701891.6484532569,
        "Fuel_used": 701891.6484532569,
        "Fuel_reserve": 0.0,
        "S": 906.2117117958004,
        "aspect_ratio": 10,
        "b": 95.19515280705212,
        "MAC": 9.519515280705212,
        "cruise_altitude": 7,
        "h_b": 0.0735331557709463,
        "k": 1.5263124510846013,
        "WP": 0.11894980045627265,
        "TW": 0.13886967974088024,
        "WS": 3332.132469647425,
        "fuel_economy": 0.6543554687972029,
        "altitude_payload": 90000,
        "P": 25386583.249236252,
        "T": 419348.80076780124,
        "Fuel_max": 772080.8132985827
    },
    "gravitational_acceleration": 9.81,
    "kinematic_viscosity": 1.002e-06,
    "rho_water": 1000.0
}