{
    "design_id": 3,
    "inputs": {
        "cruise_altitude": 10,
        "aircraft_type": "PROP",
        "wing_type": "HIGH",
        "n_wings": 1,
        "n_fuselages": 1,
        "depth": 0.1,
        "jet_consumption": 2.7e-05,
        "prop_consumption": 2.1e-08,
        "prop_efficiency": 0.82,
        "Cd0": 0.02337930126140044,
        "oswald_factor": 0.85,
        "aspect_ratio": 10,
        "tfo": 0.001,
        "reserve_fuel": 0,
        "n_engines": 8,
        "CLmax_clean": 1.5,
        "CLmax_takeoff": 1.7,
        "CLmax_landing": 1.7,
        "CL_hydro": 0.5,
        "r_float": 4.416363005162699,
        "upsweep": 11,
        "xcg_OEW": 0.45,
        "xcg_payload": 0.55,
        "V_h": 0.9,
        "V_v": 0.0838,
        "k": 1.1754668627817269
    },
    "requirements": {
        "design_range": 3704000,
        "design_payload": 90000,
        "design_crew": 425,
        "ferry_range": 12038000,
        "reserve_range": 185200,
        "ferry_payload": 0,
        "ferry_crew": 170,
        "altitude_range_WIG": 943600,
        "altitude_range_WOG": 538000,
        "altitude_payload": 90000,
        "altitude_crew": 425,
        "cruise_speed": 115.749,
        "stall_speed_clean": 77.16,
        "stall_speed_takeoff": 61.73,
        "stall_speed_landing": 61.73,
        "stall_speed_high": 82.3,
        "high_altitude": 3048.0,
        "cargo_width": 3.5,
        "cargo_height": 4,
        "cargo_length": 7.32,
        "cargo_density": 160
    },
    "outputs": {
        "general": {
            "d_fuselage": 8.832726010325398,
            "r_fuselage": 4.416363005162699,
            "l_fuselage": 75.07817108776588,
            "l_tailcone": 39.747267046464295,
            "l_nose": 13.249089015488098,
            "l_cargo_straight": 15.316351424067726,
            "Re": 4837280592.753655,
            "Cd": 0.0012700434697589557,
            "hull_surface": 69.21817427258117,
            "take_off_power": 14596596.602246722,
            "take_off_thrust": null,
            "V_lof": 64.8165,
            "LD_g": 16.89812972912173
        },
        "design": {
            "MTOW": 2618435.4215246066,
            "total_fuel": 442717.4503287238,
            "OEW": 1286030.2857743583,
            "EW": 1285605.2857743583,
            "ZFW": 2175717.9711958827,
            "MTOM": 266914.9257415501,
            "S": 739.754531400354,
            "b": 86.00898391449314,
            "MAC": 8.600898391449315,
            "fuel_economy": 0.07890749882900248,
            "h_b": 0.11626692404530228,
            "k": 1.3431852721947404,
            "WP": 0.09301989426111927,
            "TW": null,
            "WS": 3539.6003814507203,
            "P": 28149198.00031495,
            "T": null,
            "LD": 22.697318979792406,
            "max_fuel": 486989.19536159624,
            "mission_fuel": 433778.962629226,
            "reserve_fuel": 8938.48769949784,
            "Mff": 0.8309229065993357
        },
        "ferry": {
            "MTOW": 793953.6516935568,
            "total_fuel": 147281.66029619536,
            "OEW": 641708.7877456679,
            "EW": 641283.7877456679,
            "ZFW": 646671.9913973615,
            "MTOM": 80933.093954491,
            "S": 224.3059343127972,
            "b": 47.36094744753289,
            "MAC": 4.736094744753289,
            "fuel_economy": 0,
            "h_b": 0.21114442465658312,
            "k": 1.1754653416655394,
            "WP": 0.0930198942610358,
            "TW": null,
            "WS": 3539.6003814507203,
            "P": 8535310.193597246,
            "T": null,
            "LD": 19.863165835538528,
            "max_fuel": 162009.8263258149,
            "mission_fuel": 144244.9825077082,
            "reserve_fuel": 3036.67778848717,
            "Mff": 0.8144958966029898
        },
        "altitude": {
            "MTOW": 2424458.9271169947,
            "total_fuel": 317438.34391885303,
            "OEW": 1217526.874271025,
            "EW": 1217356.874271025,
            "ZFW": 2107020.583198142,
            "MTOM": 247141.582784607,
            "S": 684.9527401177027,
            "b": 82.76187166308546,
            "MAC": 8.276187166308544,
            "fuel_economy": 0.1354304730022747,
            "h_b": 0.12082858687281636,
            "k": 1.33005798750458,
            "WP": 0.09301989426112436,
            "TW": null,
            "WS": 3539.6003814507203,
            "P": 26063875.328766573,
            "T": null,
            "LD": 22.475492420107802,
            "max_fuel": 349182.17831073835,
            "mission_fuel": 308696.47350443545,
            "reserve_fuel": 8741.870414417586,
            "Mff": 0.8690683763010456
        },
        "max": {
            "MTOM": 266914.9257415501,
            "S": 739.754531400354,
            "b": 86.00898391449314,
            "MAC": 8.600898391449315,
            "fuel_economy": 0.07890749882900248,
            "OEW": 1286030.2857743583,
            "total_fuel": 442717.4503287238,
            "max_fuel": 486989.19536159624,
            "mission_fuel": 433778.962629226,
            "reserve_fuel": 8938.48769949784,
            "Mff": 0.8144958966029898,
            "MTOW": 1733790.843393344
        },
        "wing_design": {
            "taper_ratio": 0.4,
            "sweep_c_4": 0,
            "dihedral": 1,
            "sweep_x_c": 2.454031674527076,
            "chord_root": 12.286997702070478,
            "chord_tip": 4.914799080828192,
            "y_MAC": 18.430496553105716,
            "X_LEMAC": 21.056440000000002,
            "X_LE": 20.26656157629547,
            "MAC": 9.127484007252356,
            "S": 739.7545314003573,
            "b": 86.00898391449334,
            "aspect_ratio": 10
        },
        "cg_range": {
            "most_aft_cg": 36.941036308495235,
            "most_aft_mission": "ALTITUDE_OEW_PAYLOAD",
            "most_forward_cg": 31.470208014458734,
            "most_forward_mission": "DESIGN_OEW_FUEL"
        },
        "empennage_design": {
            "S_h": 186.95480796773015,
            "S_v": 174.07569897439765,
            "l_h": 30.629317670494054,
            "l_v": 30.629317670494054
        }
    },
    "kinematic_viscosity": 1.006e-06,
    "rho_water": 1000,
    "viscosity_air": 1.484e-05,
    "rho_air": 1.225
}