{
    "design_id": 4,
    "inputs": {
        "cruise_altitude": 4,
        "aircraft_type": "PROP",
        "wing_type": "LOW",
        "n_wings": 2,
        "n_fuselages": 1,
        "depth": 0.05,
        "jet_consumption": 2.7e-05,
        "prop_consumption": 2.1e-08,
        "prop_efficiency": 0.85,
        "Cd0": 0.02320536089523372,
        "oswald_factor": 0.85,
        "aspect_ratio": 6,
        "Cl_alpha": 5.0,
        "tfo": 0.001,
        "n_engines": 8,
        "CLmax_clean": 1.5,
        "CLmax_takeoff": 1.7,
        "CLmax_landing": 1.7,
        "CL_hydro": 0.5,
        "r_float": 1.5,
        "upsweep": 11,
        "xcg_OEW": 0.45,
        "xcg_payload": 0.55,
        "V_h": 0.9,
        "V_v": 0.083867,
        "k": 1.4662715103188428,
        "xc_OEW": 0.2,
        "xc_wing": 0.4,
        "xc_fuselage": 0.4,
        "mf_wing": 0.12,
        "mf_fuselage": 0.2
    },
    "requirements": {
        "design_range": 3704000,
        "design_payload": 90000,
        "design_crew": 425,
        "ferry_range": 12038000,
        "reserve_range": 185200,
        "ferry_payload": 0,
        "ferry_crew": 170,
        "altitude_range_WIG": 943600,
        "altitude_range_WOG": 538000,
        "altitude_payload": 90000,
        "altitude_crew": 425,
        "cruise_speed": 115.749,
        "stall_speed_clean": 77.16,
        "stall_speed_takeoff": 61.9,
        "stall_speed_landing": 61.9,
        "stall_speed_high": 82.3,
        "high_altitude": 3048.0,
        "cargo_width": 3.5,
        "cargo_height": 4,
        "cargo_length": 7.32,
        "cargo_density": 160
    },
    "outputs": {
        "general": {
            "d_fuselage": 8.832726010325398,
            "r_fuselage": 4.416363005162699,
            "l_fuselage": 75.07817108776588,
            "l_tailcone": 39.747267046464295,
            "l_nose": 13.249089015488098,
            "l_cargo_straight": 15.316351424067726,
            "Re": 4850602117.146465,
            "Cd_water": 0.0012696487711144299,
            "hull_surface": 50.9373226662635,
            "take_off_power": 10445052.655311173,
            "take_off_thrust": null,
            "V_lof": 64.995,
            "LD_g": 13.138199892590517
        },
        "design": {
            "MTOW": 2671601.2227316583,
            "total_fuel": 477054.41516111366,
            "OEW": 1304805.956347813,
            "EW": 1304380.956347813,
            "ZFW": 2194546.8075705445,
            "MTOM": 272334.47734267666,
            "S": 750.202405895949,
            "b": 47.440565107172226,
            "MAC": 15.813521702390743,
            "fuel_economy": 0.08584836792823627,
            "h_b": 0.08431602766458754,
            "k": 1.466260010108543,
            "WP": 0.08235589165771333,
            "TW": null,
            "WS": 3561.1738935188127,
            "P": 32439709.76400011,
            "T": null,
            "LD": 19.26401710731783,
            "max_fuel": 524759.8566772251,
            "mission_fuel": 471935.0699991412,
            "reserve_fuel": 5119.345161972451,
            "Mff": 0.8214350214013845
        },
        "ferry": {
            "MTOW": 829293.5045090119,
            "total_fuel": 170105.7926473726,
            "OEW": 654189.1683571301,
            "EW": 654019.1683571301,
            "ZFW": 659187.7118616393,
            "MTOM": 84535.52543415003,
            "S": 232.87082554944692,
            "b": 26.431278377111102,
            "MAC": 8.8104261257037,
            "fuel_economy": 0,
            "h_b": 0.15133585076474812,
            "k": 1.2598328253975912,
            "WP": 0.08235589165771333,
            "TW": null,
            "WS": 3561.1738935188127,
            "P": 10069631.787312955,
            "T": null,
            "LD": 16.55193549132064,
            "max_fuel": 187116.3719121099,
            "mission_fuel": 168315.7652634321,
            "reserve_fuel": 1790.027383940498,
            "Mff": 0.7948786627141319
        },
        "altitude": {
            "MTOW": 2453670.9436315936,
            "total_fuel": 336304.8325444763,
            "OEW": 1227843.1901434856,
            "EW": 1227418.1901434856,
            "ZFW": 2117366.1110871173,
            "MTOM": 250119.36224583013,
            "S": 689.0062145230178,
            "b": 45.4644767216016,
            "MAC": 15.154825573867196,
            "fuel_economy": 0.1453492429035177,
            "h_b": 0.08798077726691342,
            "k": 1.4485416851913375,
            "WP": 0.08235589165771333,
            "TW": null,
            "WS": 3561.1738935188127,
            "P": 29793508.323964417,
            "T": null,
            "LD": 19.031230212793716,
            "max_fuel": 369935.31579892396,
            "mission_fuel": 331305.0432165432,
            "reserve_fuel": 4999.789327933104,
            "Mff": 0.8629380873513858
        },
        "max": {
            "MTOM": 272334.47734267666,
            "S": 750.202405895949,
            "b": 47.440565107172226,
            "MAC": 15.813521702390743,
            "fuel_economy": 0.08584836792823627,
            "OEW": 1304805.956347813,
            "total_fuel": 477054.41516111366,
            "max_fuel": 524759.8566772251,
            "mission_fuel": 471935.0699991412,
            "reserve_fuel": 5119.345161972451,
            "Mff": 0.7948786627141319,
            "MTOW": 1744319.4513770815
        },
        "wing_design": {
            "taper_ratio": 0.4,
            "sweep_c_4": 0,
            "dihedral": 5,
            "sweep_x_c": 4.085616779974877,
            "chord_root": 22.590745289129636,
            "chord_tip": 9.036298115651855,
            "y_MAC": 10.165835380108335,
            "X_LEMAC": 21.056440000000002,
            "X_LE": 20.330308901420835,
            "MAC": 16.781696500496302,
            "S": 750.202405895949,
            "b": 47.440565107172226,
            "aspect_ratio": 6
        },
        "cg_range": {
            "most_aft_cg": 36.92561195870009,
            "most_aft_mission": "ALTITUDE_OEW_PAYLOAD",
            "most_forward_cg": 32.40212780415206,
            "most_forward_mission": "DESIGN_OEW_FUEL"
        },
        "empennage_design": {
            "S_h": 348.41239051939795,
            "S_v": 97.3231944184185,
            "l_h": 30.6447420202892,
            "l_v": 30.6447420202892
        }
    },
    "kinematic_viscosity": 1.006e-06,
    "rho_water": 1000,
    "viscosity_air": 1.48e-05,
    "rho_air": 1.225
}