{
    "design_id": 1,
    "inputs": {
        "cruise_altitude": 4,
        "aircraft_type": "PROP",
        "wing_type": "LOW",
        "tail_type": "T_TAIL",
        "n_wings": 1,
        "n_fuselages": 1,
        "depth": 0.1,
        "jet_consumption": 2.7e-05,
        "prop_consumption": 2.1e-08,
        "prop_efficiency": 0.85,
        "Cd0": 0.01841357768863145,
        "oswald_factor": 0.806962284413828,
        "aspect_ratio": 6,
        "aspect_h": 4.5,
        "aspect_v": 1.5,
        "sweep_h": 21,
        "sweep_hc4": 30,
        "sweep_vc4": 20,
        "taper_h": 0.3,
        "sweep_v": 10,
        "taper_v": 0.6,
        "tfo": 0.001,
        "n_engines": 6.0,
        "CLmax_clean": 1.6,
        "CLmax_takeoff": 2.4,
        "CLmax_landing": 2.4,
        "CL_hydro": 0.5,
        "r_float": 4.416363005162699,
        "upsweep": 11,
        "xcg_OEW": 0.4,
        "V_h": 0.9,
        "V_v": 0.083867,
        "h_position": 0.9342075400657516,
        "v_position": 0.9205945069050846,
        "xc_OEW": 0.2,
        "xc_wing": 0.4,
        "xc_fuselage": 0.4,
        "mf_wing": 0.08,
        "mf_fuselage": 0.08,
        "ltcd": 4.5,
        "lnd": 1.5,
        "lfd": 8.5,
        "engine_power": 8202000
    },
    "requirements": {
        "design_range": 3704000,
        "design_payload": 90000,
        "design_crew": 425,
        "ferry_range": 12038000,
        "ferry_payload": 0,
        "reserve_range": 185200,
        "ferry_crew": 170,
        "altitude_range_WIG": 943600,
        "altitude_range_WOG": 538000,
        "altitude_payload": 90000,
        "altitude_crew": 425,
        "cruise_speed": 115.749,
        "stall_speed_clean": 77.16,
        "stall_speed_takeoff": 61.9,
        "stall_speed_landing": 61.9,
        "stall_speed_high": 82.3,
        "high_altitude": 3048.0,
        "cargo_width": 3.5,
        "cargo_height": 4,
        "cargo_length": 7.32,
        "cargo_density": 160
    },
    "outputs": {
        "general": {
            "d_fuselage": 8.832726010325398,
            "r_fuselage": 4.416363005162699,
            "l_fuselage": 75.07817108776588,
            "l_tailcone": 39.747267046464295,
            "l_nose": 13.249089015488098,
            "l_cargo_straight": 15.316351424067726,
            "LD_g": 14.370705692526188,
            "Re": 4850602117.146465,
            "Cd_water": 0.0012696487711144299,
            "hull_surface": 227.12738815886908,
            "take_off_power": 46574052.278447144,
            "take_off_thrust": null,
            "V_lof": 64.995,
            "xcg_payload": 0.44404883931977346
        },
        "design": {
            "MTOW": 2588964.1982014687,
            "total_fuel": 423683.5538042828,
            "OEW": 1275622.4301989842,
            "EW": 1275197.4301989842,
            "ZFW": 2165280.644397186,
            "MTOM": 263910.7235679377,
            "S": 514.9341300699099,
            "b": 55.58421341009927,
            "MAC": 9.264035568349879,
            "h_b": 0.07196287856928146,
            "k": 1.6516056563464143,
            "WP": 0.09131141048528836,
            "TW": null,
            "WS": 5027.539614379501,
            "P": 28353128.97306071,
            "T": null,
            "LD": 23.734744784233985,
            "max_fuel": 466051.9091847111,
            "mission_fuel": 419584.81060741603,
            "reserve_fuel": 4098.743196866766,
            "Mff": 0.8363501688827477,
            "fuel_economy": 0.07632548095692555
        },
        "ferry": {
            "MTOW": 783439.3213260603,
            "total_fuel": 140491.01322856653,
            "OEW": 637995.6187761677,
            "EW": 637825.6187761677,
            "ZFW": 642948.3080974938,
            "MTOM": 79861.29677125996,
            "S": 155.8089447184445,
            "b": 30.575376830231658,
            "MAC": 5.095896138371944,
            "fuel_economy": 0,
            "h_b": 0.13082422572286884,
            "k": 1.4019392528029624,
            "WP": 0.08581356161370647,
            "TW": null,
            "WS": 5027.539614379501,
            "P": 9129551.397164319,
            "T": null,
            "LD": 20.146856400833265,
            "max_fuel": 154540.1145514232,
            "mission_fuel": 139056.96748106854,
            "reserve_fuel": 1434.0457474979921,
            "Mff": 0.8206740338348483,
            "fuel_mission": 116627.08222187468,
            "fuel_reserve": 2339.5820760255447
        },
        "altitude": {
            "MTOW": 2425905.068915456,
            "OEW": 1218037.583813511,
            "EW": 1217612.583813511,
            "ZFW": 2107532.7388824266,
            "MTOM": 247288.99785070907,
            "S": 482.5218394169604,
            "b": 53.80642188904371,
            "MAC": 8.967736981507286,
            "h_b": 0.07434056864529207,
            "k": 1.6356124001141061,
            "WP": 0.09131139304943686,
            "TW": null,
            "WS": 5027.539614379501,
            "P": 26567386.477195106,
            "T": null,
            "LD": 23.504904429086206,
            "Mff": 0.868761422649006,
            "total_fuel": 318372.3300330295,
            "mission_fuel": 314343.8525712287,
            "reserve_fuel": 4028.477461800794,
            "max_fuel": 350209.5630363325,
            "fuel_economy": 0.13790807570876615
        },
        "max": {
            "MTOM": 263910.7235679377,
            "S": 514.9341300699099,
            "b": 55.58421341009927,
            "MAC": 9.264035568349879,
            "fuel_economy": 0.07632548095692555,
            "OEW": 1275622.4301989842,
            "total_fuel": 423683.5538042828,
            "max_fuel": 466051.9091847111,
            "mission_fuel": 419584.81060741603,
            "reserve_fuel": 4098.743196866766,
            "Mff": 0.8206740338348483,
            "LD": 23.734744784233985,
            "MTOW": 2588964.1982014687
        },
        "wing_design": {
            "taper_ratio": 0.4,
            "sweep_c_4": 0,
            "dihedral": 5,
            "sweep_x_c": 4.085616779974877,
            "chord_root": 13.234336526214113,
            "chord_tip": 5.293734610485646,
            "y_MAC": 11.9109028735927,
            "X_LEMAC": 30.031268435106355,
            "X_LE": 29.180489658421163,
            "MAC": 9.83122141947334,
            "S": 514.9341300699099,
            "b": 55.58421341009927,
            "aspect_ratio": 6
        },
        "cg_range": {
            "most_aft_cg": 32.016647102211316,
            "most_aft_mission": "DESIGN_OEW_PAYLOAD_FUEL",
            "most_forward_cg": 30.031268435106355,
            "most_forward_mission": "DESIGN_OEW"
        },
        "empennage_design": {
            "vertical_tail": {
                "S": 64.76173353994677,
                "l_v": 37.06600542627907,
                "mac": 10.731668352743815,
                "b": 9.856094576956949,
                "chord_root": 7.730270256436822,
                "chord_tip": 5.411189179505775,
                "sweep": 10,
                "taper": 0.7,
                "MAC": 6.638937984939859,
                "aspect_ratio": 1.5,
                "LE_pos": 67.04790083132906,
                "relative_pos_mac/4": 0.9205945069050846
            },
            "horizontal_tail": {
                "S": 119.60330701126435,
                "l_h": 38.094166608753945,
                "mac": 6.001306854000643,
                "b": 23.199458647793694,
                "chord_root": 7.9314388539465615,
                "chord_tip": 2.3794316561839683,
                "sweep": 21,
                "sweep_hc4": 30,
                "taper": 0.3,
                "MAC": 5.653692311274727,
                "sweep_c_4": 30,
                "aspect_ratio": 4.5,
                "tail_height": 18.688820587282347,
                "LE_pos": 66.89841397345116,
                "relative_pos_mac/4": 0.9342075400657516
            }
        }
    },
    "kinematic_viscosity": 1.006e-06,
    "rho_water": 1000,