{
    "design_id": 2,
    "requirements": {
        "design_range": 3704000,
        "design_payload": 90000,
        "design_crew": 425,
        "ferry_range": 12038000,
        "reserve_range": 185200,
        "ferry_payload": 0,
        "ferry_crew": 425,
        "altitude_range_WIG": 943600,
        "altitude_range_WOG": 538000,
        "altitude_payload": 90000,
        "altitude_crew": 425,
        "cruise_speed": 115.749,
        "stall_speed_clean": 77.16,
        "stall_speed_takeoff": 77.16,
        "stall_speed_landing": 77.16,
        "stall_speed_high": 82.3,
        "high_altitude": 3048.0,
        "cargo_width": 3.5,
        "cargo_height": 4,
        "cargo_length": 7.32,
        "cargo_density": 160
    },
    "inputs": {
        "cruise_altitude": 5,
        "aircraft_type": "PROP",
        "wing_type": "HIGH",
        "n_wings": 1,
        "n_fuselages": 2,
        "depth": 0.2,
        "jet_consumption": 2.7e-05,
        "prop_consumption": 2.18e-08,
        "prop_efficiency": 0.82,
        "Cd0": 0.02422111472806403,
        "oswald_factor": 0.85,
        "aspect_ratio": 10,
        "tfo": 0.001,
        "reserve_fuel": 0,
        "n_engines": 8,
        "CLmax_clean": 1.5,
        "CLmax_takeoff": 1.6,
        "CLmax_landing": 1.8,
        "r_float": 3.1,
        "k": 1.5282545637368878,
        "upsweep": 11,
        "V_h": 3.662649875,
        "V_v": 0.273372017
    },
    "outputs": {
        "general": {
            "d_fuselage": 6.2048047905502495,
            "r_fuselage": 3.1024023952751247,
            "l_fuselage": 52.740840719677124,
            "l_tailcone": 27.921621557476122,
            "l_nose": 9.307207185825375,
            "L": 89.96966946297863,
            "l_cargo_straight": 8.74654837462985,
            "LD": 16.6018826655351,
            "Re": 4264428576.274252,
            "Cd": 0.0012883326964806083,
            "hull_surface": 303.2192422349961,
            "V_lof": 81.018
        },
        "design": {
            "MTOW": 2587939.1060615103,
            "fuel_used": 423021.5012825378,
            "fuel_res": 0.0,
            "fuel": 423021.5012825378,
            "OEW": 1282017.6047789725,
            "ZFW": 2164917.6047789725,
            "EW": 1277848.3547789725,
            "MTOM": 263806.22895632114,
            "WS": 5207.456896824077,
            "Fuel": 423021.5012825378,
            "Fuel_used": 423021.5012825378,
            "Fuel_reserve": 0.0,
            "S": 496.95471067413393,
            "b": 70.4950147651686,
            "MAC": 7.04950147651686,
            "h_b": 0.07092700124478145,
            "fuel_economy": 0.153901279189632,
            "TW": null,
            "WP": 0.10115707500907528,
            "take_off_thrust": null,
            "take_off_power": 253346838.23629114,
            "k": 1.5429447836601504,
            "design_payload": 90000,
            "P": 25583372.253787823,
            "T": null,
            "Re": 4264428576.274252,
            "Cd": 0.0013221018492204925,
            "hull_surface": 302.4095164946858,
            "stall_speed_clean": 77.16,
            "LD": 16.6018826655351,
            "V_lof": 64.8144
        },
        "ferry": {
            "take_off_power": 253346838.23629114,
            "take_off_thrust": null,
            "MTOM": 79817.32189644004,
            "MTOW": 783007.9278040768,
            "OEW": -240104.47128049177,
            "ZFW": 642795.5287195082,
            "EW": -244273.72128049177,
            "Fuel": 140212.39908456858,
            "Fuel_used": 140212.39908456858,
            "Fuel_reserve": 0.0,
            "S": 150.35674728486202,
            "b": 38.77586198717728,
            "MAC": 3.877586198717729,
            "h_b": 0.12894619858234077,
            "k": 1.3086336144119253,
            "WP": 0.09187390576599427,
            "TW": null,
            "WS": 5207.456896824077,
            "ferry_payload": 0,
            "P": 8522636.773475405,
            "T": null,
            "Re": 4264428576.274252,
            "Cd": 0.0013221018492204925,
            "hull_surface": 302.4095164946858,
            "stall_speed_clean": 77.16,
            "LD": 16.6018826655351,
            "V_lof": 64.8144,
            "fuel_used": 140212.39908456858,
            "fuel_res": 0.0,
            "fuel": 140212.39908456858
        },
        "altitude": {
            "take_off_power": 253346838.23629114,
            "take_off_thrust": null,
            "MTOM": 247536.91499773678,
            "MTOW": 2428337.136127798,
            "OEW": 1225494.0631652118,
            "ZFW": 2108394.063165212,
            "EW": 1221324.8131652118,
            "Fuel": 319943.072962586,
            "Fuel_used": 319943.072962586,
            "Fuel_reserve": 0.0,
            "S": 466.30108370408766,
            "b": 68.28624193086684,
            "MAC": 6.828624193086684,
            "h_b": 0.07322119154048648,
            "k": 1.5282545637368878,
            "WP": 0.10063269595188756,
            "TW": null,
            "WS": 5207.456896824077,
            "fuel_economy": 0.26513303959309886,
            "altitude_payload": 90000,
            "P": 24130697.415567447,
            "T": null,
            "Re": 4264428576.274252,
            "Cd": 0.0013221018492204925,
            "hull_surface": 302.4095164946858,
            "stall_speed_clean": 77.16,
            "LD": 16.6018826655351,
            "V_lof": 64.8144,
            "fuel_used": 319943.072962586,
            "fuel_res": 0.0,
            "fuel": 319943.072962586
        },
        "max": {
            "MTOM": 263806.22895632114,
            "S": 496.95471067413393,
            "b": 70.4950147651686,
            "MAC": 7.04950147651686,
            "fuel_economy": 0.153901279189632,
            "LD": 16.6018826655351
        },
        "wing_design": {
            "taper_ratio": 0.4,
            "sweep_c_4": 0,
            "dihedral": 1,
            "sweep_x_c": 2.454031674527076,
            "chord_root": 10.070716395024087,
            "chord_tip": 4.028286558009635,
            "y_MAC": 15.10607459253613,
            "X_LEMAC": 21.056440000000002,
            "X_LE": 20.409036803177024,
            "MAC": 7.481103607732178,
            "S": 496.95471067413393,
            "b": 70.4950147651686,
            "aspect_ratio": 10
        },
        "empennage_design": {
            "S_h": 434.39275509825796,
            "S_v": 324.22106312140426
        }
    },
    "gravitational_acceleration": 9.81,
    "kinematic_viscosity": 1.002e-06,
    "rho_water": 1000.0
}