{
    "design_id": 3,
    "inputs": {
        "cruise_altitude": 10,
        "aircraft_type": "PROP",
        "wing_type": "HIGH",
        "tail_type": "CONVENTIONAL",
        "n_wings": 1,
        "n_fuselages": 1,
        "depth": 0.1,
        "jet_consumption": 2.7e-05,
        "prop_consumption": 2.1e-08,
        "prop_efficiency": 0.85,
        "Cd0": 0.025541141290425787,
        "oswald_factor": 0.85,
        "aspect_ratio": 10,
        "aspect_h": 4.5,
        "aspect_v": 1.5,
        "sweep_h": 21,
        "sweep_hc4": 30,
        "taper_h": 0.3,
        "sweep_v": 33,
        "taper_v": 0.29,
        "h_position": 0.9326207912548146,
        "v_position": 0.8878675598109457,
        "tfo": 0.001,
        "n_engines": 6.0,
        "CLmax_clean": 1.5,
        "CLmax_takeoff": 1.7,
        "CLmax_landing": 1.7,
        "CL_hydro": 0.5,
        "r_float": 4.416363005162699,
        "upsweep": 11,
        "xcg_OEW": 0.4,
        "V_h": 0.9,
        "V_v": 0.083867,
        "xc_OEW": 0.2,
        "xc_wing": 0.4,
        "xc_fuselage": 0.4,
        "mf_wing": 0.12,
        "mf_fuselage": 0.2,
        "engine_power": 8202000
    },
    "requirements": {
        "design_range": 3704000,
        "design_payload": 90000,
        "design_crew": 425,
        "ferry_range": 12038000,
        "reserve_range": 185200,
        "ferry_payload": 0,
        "ferry_crew": 170,
        "altitude_range_WIG": 943600,
        "altitude_range_WOG": 538000,
        "altitude_payload": 90000,
        "altitude_crew": 425,
        "cruise_speed": 115.749,
        "stall_speed_clean": 77.16,
        "stall_speed_takeoff": 61.73,
        "stall_speed_landing": 61.73,
        "stall_speed_high": 82.3,
        "high_altitude": 3048.0,
        "cargo_width": 3.5,
        "cargo_height": 4,
        "cargo_length": 7.32,
        "cargo_density": 160
    },
    "outputs": {
        "general": {
            "d_fuselage": 8.832726010325398,
            "r_fuselage": 4.416363005162699,
            "l_fuselage": 75.07817108776588,
            "l_tailcone": 39.747267046464295,
            "l_nose": 13.249089015488098,
            "l_cargo_straight": 15.316351424067726,
            "Re": 4837280592.753655,
            "Cd": 0.0012700434697589557,
            "hull_surface": 227.12738815886908,
            "take_off_power": 46205736.735140644,
            "take_off_thrust": null,
            "V_lof": 64.8165,
            "LD_g": 16.16717926046353,
            "Cd_water": 0.0012700434697589557,
            "xcg_payload": 0.44404883931977346
        },
        "design": {
            "MTOW": 2528057.4394910573,
            "total_fuel": 384347.1160113202,
            "OEW": 1254113.0160402458,
            "EW": 1253688.0160402458,
            "ZFW": 2143710.323479737,
            "MTOM": 257702.08353629534,
            "S": 714.1915310481212,
            "b": 84.50985333368655,
            "MAC": 8.450985333368655,
            "fuel_economy": 0.0693087593371402,
            "h_b": 0.1183293971711804,
            "k": 1.7857976050295932,
            "WP": 0.09030196669855917,
            "TW": null,
            "WS": 3539.6003814507203,
            "P": 27995596.684290092,
            "T": null,
            "LD": 28.871310003419882,
            "max_fuel": 422781.82761245227,
            "mission_fuel": 381011.71843674086,
            "reserve_fuel": 3335.397574579343,
            "Mff": 0.8479674116547383
        },
        "ferry": {
            "MTOW": 748047.7238705336,
            "total_fuel": 117633.4617649895,
            "OEW": 625496.9643816736,
            "EW": 625326.9643816736,
            "ZFW": 630414.2621055441,
            "MTOM": 76253.59060861709,
            "S": 211.33677343653778,
            "b": 45.971379513403534,
            "MAC": 4.597137951340352,
            "fuel_economy": 0,
            "h_b": 0.21752664605342928,
            "k": 1.5206096895980834,
            "WP": 0.09030196669855917,
            "TW": null,
            "WS": 3539.6003814507203,
            "P": 8283847.530891808,
            "T": null,
            "LD": 24.583969436930023,
            "max_fuel": 129396.80794148846,
            "mission_fuel": 116481.3863375496,
            "reserve_fuel": 1152.0754274398932,
            "Mff": 0.8427460467945377
        },
        "altitude": {
            "MTOW": 2403893.939430337,
            "total_fuel": 304156.51155776036,
            "OEW": 1210264.2839331462,
            "EW": 1209839.2839331462,
            "ZFW": 2099737.4278725768,
            "MTOM": 245045.25376456033,
            "S": 679.1427506980579,
            "b": 82.41011774643074,
            "MAC": 8.241011774643074,
            "fuel_economy": 0.13195767192564697,
            "h_b": 0.12134432365172915,
            "k": 1.72825376762881,
            "WP": 0.09030196669855917,
            "TW": null,
            "WS": 3539.6003814507203,
            "P": 26620615.555969864,
            "T": null,
            "LD": 27.940988468826454,
            "max_fuel": 334572.1627135364,
            "mission_fuel": 300780.6668047174,
            "reserve_fuel": 3375.8447530429694,
            "Mff": 0.8734734063892029
        },
        "max": {
            "MTOM": 257702.08353629534,
            "S": 714.1915310481212,
            "b": 84.50985333368655,
            "MAC": 8.450985333368655,
            "fuel_economy": 0.0693087593371402,
            "OEW": 1254113.0160402458,
            "total_fuel": 384347.1160113202,
            "max_fuel": 422781.82761245227,
            "mission_fuel": 381011.71843674086,
            "reserve_fuel": 3375.8447530429694,
            "Mff": 0.8427460467945377,
            "MTOW": 1733790.843393344,
            "LD": 28.871310003419882
        },
        "wing_design": {
            "taper_ratio": 0.4,
            "sweep_c_4": 0,
            "dihedral": 1,
            "sweep_x_c": 2.454031674527076,
            "chord_root": 12.072836190526651,
            "chord_tip": 4.829134476210661,
            "y_MAC": 18.109254285789977,
            "X_LEMAC": 29.3137970272122,
            "X_LE": 28.53768612924977,
            "MAC": 8.96839259867694,
            "S": 714.1915310481212,
            "b": 84.50985333368655,
            "aspect_ratio": 10
        },
        "cg_range": {
            "most_aft_cg": 31.75131713259249,
            "most_aft_mission": "DESIGN_OEW_PAYLOAD_FUEL",
            "most_forward_cg": 30.031268435106355,
            "most_forward_mission": "DESIGN_OEW"
        },
        "empennage_design": {
            "vertical_tail": {
                "S": 145.0060929941682,
                "l_v": 34.90815542617089,
                "mac": 11.941273556683253,
                "b": 14.748191058270582,
                "chord_root": 15.24360832896184,
                "chord_tip": 4.420646415398933,
                "abs_pos": 0.8850201690521673,
                "sweep": 33,
                "taper": 0.29,
                "relative_pos_fus": 0.8878675598109457,
                "MAC": 10.82493137200334,
                "aspect_ratio": 1.5
            },
            "horizontal_tail": {
                "S": 150.6379485400432,
                "l_h": 38.268146193244064,
                "mac": 6.890369749157854,
                "b": 26.035951460052203,
                "chord_root": 8.901179986342632,
                "chord_tip": 2.6703539959027895,
                "abs_pos": 1.0541825989753077,
                "sweep": 21,
                "sweep_hc4": 30,
                "taper": 0.3,
                "relative_pos_fus": 0.9326207912548146,
                "MAC": 6.34494368257244,
                "sweep_c_4": 30,
                "aspect_ratio": 4.5,
                "tail_height": 8.832726010325398
            }
        }
    },
    "kinematic_viscosity": 1.006e-06,
    "rho_water": 1000,
    "viscosity_air": 1.484e-05,
    "rho_air": 1.225
}