{
    "design_id": 3,
    "requirements": {
        "design_range": 3704000,
        "design_payload": 90000,
        "design_crew": 425,
        "ferry_range": 12038000,
        "reserve_range": 185200,
        "ferry_payload": 0,
        "ferry_crew": 425,
        "altitude_range_WIG": 943600,
        "altitude_range_WOG": 538000,
        "altitude_payload": 90000,
        "altitude_crew": 425,
        "cruise_speed": 115.749,
        "stall_speed_clean": 77.16,
        "stall_speed_takeoff": 77.16,
        "stall_speed_landing": 77.16,
        "stall_speed_high": 82.3,
        "high_altitude": 3048.0,
        "cargo_width": 3.5,
        "cargo_height": 4,
        "cargo_length": 7.32,
        "cargo_density": 160
    },
    "inputs": {
        "cruise_altitude": 6,
        "aircraft_type": "PROP",
        "wing_type": "HIGH",
        "n_wings": 1,
        "n_fuselages": 1,
        "depth": 0.2,
        "jet_consumption": 2.7e-05,
        "prop_consumption": 2.18e-08,
        "prop_efficiency": 0.82,
        "Cd0": 0.028115017191112573,
        "oswald_factor": 0.85,
        "aspect_ratio": 10,
        "Cl_alpha": 5.0,
        "tfo": 0.001,
        "reserve_fuel": 0,
        "n_engines": 8,
        "CLmax_clean": 1.5,
        "CLmax_takeoff": 1.6,
        "CLmax_landing": 1.8,
        "r_float": 1.5,
        "k": 1.4506478164978118,
        "upsweep": 11,
        "V_h": 3.662649875,
        "V_v": 0.273372017
    },
    "outputs": {
        "general": {
            "d_fuselage": 8.832726010325398,
            "r_fuselage": 4.416363005162699,
            "l_fuselage": 75.07817108776588,
            "l_tailcone": 39.747267046464295,
            "l_nose": 13.249089015488098,
            "L": 128.07452714971828,
            "l_cargo_straight": 15.316351424067726,
            "LD": 15.40938218960205,
            "Re": 6070542180.8269615,
            "Cd": 0.0012380603518356813,
            "hull_surface": 417.71777415595324,
            "V_lof": 81.018
        },
        "design": {
            "take_off_power": 167697070.90542787,
            "take_off_thrust": null,
            "MTOM": 268601.3442686544,
            "MTOW": 2634979.1872755,
            "OEW": 1298676.9980754207,
            "ZFW": 2181576.9980754205,
            "EW": 1294507.7480754207,
            "Fuel": 453402.18920007936,
            "Fuel_used": 453402.18920007936,
            "Fuel_reserve": 0.0,
            "S": 506.0311219013658,
            "b": 71.1358645059836,
            "MAC": 7.11358645059836,
            "h_b": 0.08434563973697556,
            "k": 1.4661119499461461,
            "WP": 0.09377519447997307,
            "TW": null,
            "WS": 5206.956921961618,
            "fuel_economy": 0.16495420845917233,
            "design_payload": 90000,
            "P": 28098893.336214136,
            "T": null,
            "Re": 6070542180.8269615,
            "Cd": 0.0012698173027415375,
            "hull_surface": 416.7264709699246,
            "stall_speed_clean": 77.16,
            "LD": 15.40938218960205,
            "V_lof": 64.8144,
            "fuel_used": 453402.18920007936,
            "fuel_res": 0.0,
            "fuel": 453402.18920007936
        },
        "ferry": {
            "take_off_power": 167697070.90542787,
            "take_off_thrust": null,
            "MTOM": 82361.68898930807,
            "MTOW": 807968.1689851121,
            "OEW": -231264.7230513708,
            "ZFW": 651635.2769486292,
            "EW": -235433.9730513708,
            "Fuel": 156332.8920364829,
            "Fuel_used": 156332.8920364829,
            "Fuel_reserve": 0.0,
            "S": 155.1635559867254,
            "aspect_ratio": 10,
            "b": 39.3908055244781,
            "MAC": 3.9390805524478094,
            "cruise_altitude": 7,
            "h_b": 0.15231980966399636,
            "k": 1.2579734906224935,
            "WP": 0.08813126094408602,
            "TW": null,
            "WS": 5206.956921961618,
            "ferry_payload": 0,
            "P": 9167781.787415016,
            "T": null,
            "Re": 6070542180.8269615,
            "Cd": 0.0012698173027415375,
            "hull_surface": 416.7264709699246,
            "stall_speed_clean": 77.16,
            "LD": 15.40938218960205,
            "V_lof": 64.8144,
            "fuel_used": 156332.8920364829,
            "fuel_res": 0.0,
            "fuel": 156332.8920364829
        },
        "altitude": {
            "take_off_power": 167697070.90542787,
            "take_off_thrust": null,
            "MTOM": 249403.61431608495,
            "MTOW": 2446649.4564407934,
            "OEW": 1231979.4292273351,
            "ZFW": 2114879.4292273354,
            "EW": 1227810.1792273351,
            "Fuel": 331770.0272134582,
            "Fuel_used": 331770.0272134582,
            "Fuel_reserve": 0.0,
            "S": 469.8603403437336,
            "aspect_ratio": 10,
            "b": 68.54635951994341,
            "MAC": 6.85463595199434,
            "cruise_altitude": 7,
            "h_b": 0.08753200085344158,
            "k": 1.4506478164978118,
            "WP": 0.09377519447997307,
            "TW": null,
            "WS": 5206.956921961618,
            "fuel_economy": 0.274933896666285,
            "altitude_payload": 90000,
            "P": 26090582.58965603,
            "T": null,
            "Re": 6070542180.8269615,
            "Cd": 0.0012698173027415375,
            "hull_surface": 416.7264709699246,
            "stall_speed_clean": 77.16,
            "LD": 15.40938218960205,
            "V_lof": 64.8144,
            "fuel_used": 331770.0272134582,
            "fuel_res": 0.0,
            "fuel": 331770.0272134582
        },
        "max": {
            "MTOM": 268601.3442686544,
            "S": 506.0311219013658,
            "b": 71.1358645059836,
            "MAC": 7.11358645059836,
            "fuel_economy": 0.16495420845917233,
            "LD": 15.40938218960205
        },
        "wing_design": {
            "taper_ratio": 0.4,
            "sweep_c_4": 0,
            "dihedral": 1,
            "sweep_x_c": 2.454031674527076,
            "chord_root": 10.162266357997659,
            "chord_tip": 4.064906543199064,
            "y_MAC": 15.243399536996488,
            "MAC": 7.549112151655403,
            "S": 506.0311219013658,
            "b": 71.1358645059836,
            "X_LEMAC": 21.056440000000002,
            "X_LE": 20.403151448414437,
            "aspect_ratio": 10
        },
        "empennage_design": {
            "S_h": 254.24929313603937,
            "S_v": 189.7660012763938
        }
    },
    "gravitational_acceleration": 9.81,
    "kinematic_viscosity": 1.002e-06,
    "rho_water": 1000.0
}