{
    "design_id": 2,
    "inputs": {
        "cruise_altitude": 8,
        "aircraft_type": "PROP",
        "wing_type": "HIGH",
        "n_wings": 1,
        "n_fuselages": 2,
        "depth": 0.1,
        "jet_consumption": 2.7e-05,
        "prop_consumption": 2.1e-08,
        "prop_efficiency": 0.82,
        "Cd0": 0.023153280945846507,
        "oswald_factor": 0.85,
        "aspect_ratio": 10,
        "tfo": 0.001,
        "reserve_fuel": 0,
        "n_engines": 8,
        "CLmax_clean": 1.5,
        "CLmax_takeoff": 1.7,
        "CLmax_landing": 1.7,
        "r_float": 3.1,
        "upsweep": 11,
        "xcg_OEW": 0.4,
        "xcg_payload": 0.55,
        "V_h": 0.9,
        "V_v": 0.0838
    },
    "requirements": {
        "design_range": 3704000,
        "design_payload": 90000,
        "design_crew": 425,
        "ferry_range": 12038000,
        "reserve_range": 185200,
        "ferry_payload": 0,
        "ferry_crew": 170,
        "altitude_range_WIG": 943600,
        "altitude_range_WOG": 538000,
        "altitude_payload": 90000,
        "altitude_crew": 425,
        "cruise_speed": 115.749,
        "stall_speed_clean": 77.16,
        "stall_speed_takeoff": 61.9,
        "stall_speed_landing": 61.9,
        "stall_speed_high": 82.3,
        "high_altitude": 3048.0,
        "cargo_width": 3.5,
        "cargo_height": 4,
        "cargo_length": 7.32,
        "cargo_density": 160
    },
    "outputs": {
        "general": {
            "d_fuselage": 6.2048047905502495,
            "r_fuselage": 3.1024023952751247,
            "l_fuselage": 52.740840719677124,
            "l_tailcone": 27.921621557476122,
            "l_nose": 9.307207185825375,
            "l_cargo_straight": 8.74654837462985,
            "Re": 3407446264.9855022,
            "Cd": 0.0013218773711531056,
            "hull_surface": 210.4204947871738,
            "take_off_power": 93133344.13863601,
            "take_off_thrust": null,
            "V_lof": 64.995,
            "LD_g": 16.9804084539636
        },
        "design": {
            "MTOW": 2603249.387910605,
            "total_fuel": 432909.59847078385,
            "OEW": 1280667.2900519106,
            "EW": 1280242.2900519106,
            "ZFW": 2170339.789439821,
            "MTOM": 265366.91008263046,
            "S": 731.2895923716702,
            "b": 85.51547183823932,
            "MAC": 8.551547183823931,
            "fuel_economy": 0.077192012571867,
            "h_b": 0.0935503228600874,
            "k": 1.423759333681073,
            "WP": 0.09087451023075915,
            "TW": null,
            "WS": 3559.8064228808703,
            "P": 28646640.089725167,
            "T": null,
            "LD": 23.63708540173361,
            "max_fuel": 476200.5583178623,
            "mission_fuel": 424348.4033025702,
            "reserve_fuel": 8561.195168213628,
            "fuel_mission": 424348.4033025702,
            "fuel_reserve": 8561.195168213628,
            "Mff": 0.8337041389575658
        },
        "ferry": {
            "MTOW": 788430.4258506914,
            "total_fuel": 143714.50232580712,
            "OEW": 639758.2430990336,
            "EW": 639588.2430990336,
            "ZFW": 644715.9235248843,
            "MTOM": 80370.07399089616,
            "S": 221.4812639201411,
            "b": 47.0617959623452,
            "MAC": 4.70617959623452,
            "fuel_economy": 0,
            "h_b": 0.16998926276423687,
            "k": 1.227823124091738,
            "WP": 0.09087451023075915,
            "TW": null,
            "WS": 3559.8064228808703,
            "P": 8676034.939265333,
            "T": null,
            "LD": 20.38417544020178,
            "max_fuel": 158085.95255838783,
            "mission_fuel": 140764.5679381622,
            "reserve_fuel": 2949.9343876449275,
            "fuel_mission": 140764.5679381622,
            "fuel_reserve": 2949.9343876449275,
            "Mff": 0.8177207555495544
        },
        "altitude": {
            "MTOW": 2421875.6584268017,
            "total_fuel": 315769.9479922625,
            "OEW": 1216614.5847761126,
            "EW": 1216189.5847761126,
            "ZFW": 2106105.7104345392,
            "MTOM": 246878.25264289515,
            "S": 680.3391450894774,
            "b": 82.48267364055783,
            "MAC": 8.248267364055783,
            "fuel_economy": 0.13485227575229752,
            "h_b": 0.0969900664818689,
            "k": 1.409605266772841,
            "WP": 0.09087451023075915,
            "TW": null,
            "WS": 3559.8064228808703,
            "P": 26650769.861393392,
            "T": null,
            "LD": 23.40210124368301,
            "max_fuel": 347346.9427914888,
            "mission_fuel": 307378.5466885487,
            "reserve_fuel": 8391.401303713792,
            "fuel_mission": 307378.5466885487,
            "fuel_reserve": 8391.401303713792,
            "Mff": 0.8696176053078712
        },
        "max": {
            "MTOM": 265366.91008263046,
            "S": 731.2895923716702,
            "b": 85.51547183823932,
            "MAC": 8.551547183823931,
            "fuel_economy": 0.077192012571867,
            "OEW": 1280667.2900519106,
            "total_fuel": 432909.59847078385,
            "max_fuel": 476200.5583178623,
            "mission_fuel": 424348.4033025702,
            "reserve_fuel": 8561.195168213628,
            "Mff": 0.8177207555495544,
            "MTOW": 1720912.5750032095
        },
        "wing_design": {
            "taper_ratio": 0.4,
            "sweep_c_4": 0,
            "dihedral": 1,
            "sweep_x_c": 2.454031674527076,
            "chord_root": 12.21649597689133,
            "chord_tip": 4.886598390756532,
            "y_MAC": 18.324743965337,
            "X_LEMAC": 21.056440000000002,
            "X_LE": 20.271093830056987,
            "MAC": 9.075111297119275,
            "S": 731.2895923716702,
            "b": 85.51547183823932,
            "aspect_ratio": 10
        },
        "cg_range": {
            "most_aft_cg": 24.552213204908753,
            "most_aft_mission": "ALTITUDE_OEW_PAYLOAD_FUEL",
            "most_forward_cg": 21.09633628787085,
            "most_forward_mission": "DESIGN_OEW"
        },
        "empennage_design": {
            "S_h": 199.665333327648,
            "S_v": 185.9106103650767
        }
    },
    "kinematic_viscosity": 1.006e-06,
    "rho_water": 1000,
    "viscosity_air": 1.48e-05,
    "rho_air": 1.225
}