{
    "design_id": 3,
    "inputs": {
        "cruise_altitude": 10,
        "aircraft_type": "PROP",
        "wing_type": "HIGH",
        "tail_type": "CONVENTIONAL",
        "n_wings": 1,
        "n_fuselages": 1,
        "depth": 0.1,
        "jet_consumption": 2.7e-05,
        "prop_consumption": 2.1e-08,
        "prop_efficiency": 0.85,
        "Cd0": 0.026179850377605007,
        "oswald_factor": 0.85,
        "aspect_ratio": 10,
        "aspect_h": 4.5,
        "aspect_v": 1.5,
        "sweep_h": 21,
        "sweep_hc4": 30,
        "taper_h": 0.3,
        "sweep_v": 33,
        "taper_v": 0.29,
        "h_position": 0.9272260289251131,
        "v_position": 0.876815413332177,
        "tfo": 0.001,
        "n_engines": 6.0,
        "CLmax_clean": 1.5,
        "CLmax_takeoff": 1.7,
        "CLmax_landing": 1.7,
        "CL_hydro": 0.5,
        "r_float": 4.416363005162699,
        "upsweep": 11,
        "xcg_OEW": 0.45,
        "xcg_payload": 0.55,
        "V_h": 0.9,
        "V_v": 0.083867,
        "k": 1.1744700387202258,
        "xc_OEW": 0.2,
        "xc_wing": 0.4,
        "xc_fuselage": 0.4,
        "mf_wing": 0.12,
        "mf_fuselage": 0.2,
        "engine_power": 8202000
    },
    "requirements": {
        "design_range": 3704000,
        "design_payload": 90000,
        "design_crew": 425,
        "ferry_range": 12038000,
        "reserve_range": 185200,
        "ferry_payload": 0,
        "ferry_crew": 170,
        "altitude_range_WIG": 943600,
        "altitude_range_WOG": 538000,
        "altitude_payload": 90000,
        "altitude_crew": 425,
        "cruise_speed": 115.749,
        "stall_speed_clean": 77.16,
        "stall_speed_takeoff": 61.73,
        "stall_speed_landing": 61.73,
        "stall_speed_high": 82.3,
        "high_altitude": 3048.0,
        "cargo_width": 3.5,
        "cargo_height": 4,
        "cargo_length": 7.32,
        "cargo_density": 160
    },
    "outputs": {
        "general": {
            "d_fuselage": 8.832726010325398,
            "r_fuselage": 4.416363005162699,
            "l_fuselage": 75.07817108776588,
            "l_tailcone": 39.747267046464295,
            "l_nose": 13.249089015488098,
            "l_cargo_straight": 15.316351424067726,
            "Re": 4837280592.753655,
            "Cd": 0.0012700434697589557,
            "hull_surface": 227.12738815886908,
            "take_off_power": 46205736.735140644,
            "take_off_thrust": null,
            "V_lof": 64.8165,
            "LD_g": 15.968746383682769,
            "Cd_water": 0.0012700434697589557
        },
        "design": {
            "MTOW": 2538853.8651740327,
            "total_fuel": 391319.9534477032,
            "OEW": 1257925.8078611551,
            "EW": 1257500.8078611551,
            "ZFW": 2147533.9117263295,
            "MTOM": 258802.63661305123,
            "S": 717.2713254808257,
            "b": 84.69187242473895,
            "MAC": 8.469187242473895,
            "fuel_economy": 0.07055242376916633,
            "h_b": 0.11807508458248406,
            "k": 1.740292994621202,
            "WP": 0.08863949460660102,
            "TW": null,
            "WS": 3539.6003814507203,
            "P": 28642467.74467691,
            "T": null,
            "LD": 27.790297942814504,
            "max_fuel": 430451.9487924736,
            "mission_fuel": 387848.52704414877,
            "reserve_fuel": 3471.4264035544475,
            "Mff": 0.8458674763382338
        },
        "ferry": {
            "MTOW": 749946.615286238,
            "total_fuel": 118859.85478985227,
            "OEW": 626167.5638810995,
            "EW": 625997.5638810995,
            "ZFW": 631086.7604963857,
            "MTOM": 76447.15752153292,
            "S": 211.87309778175697,
            "b": 46.029674969714584,
            "MAC": 4.602967496971459,
            "fuel_economy": 0,
            "h_b": 0.2172511538823496,
            "k": 1.5209633249577754,
            "WP": 0.08863949230364854,
            "TW": null,
            "WS": 3539.6003814507203,
            "P": 8460637.530697692,
            "T": null,
            "LD": 24.287877595133597,
            "max_fuel": 130745.8402688375,
            "mission_fuel": 117692.47752817527,
            "reserve_fuel": 1167.3772616770002,
            "Mff": 0.8415089122783945
        },
        "altitude": {
            "MTOW": 2405601.8041412816,
            "total_fuel": 305259.53058854287,
            "OEW": 1210867.4217485972,
            "EW": 1210442.4217485972,
            "ZFW": 2100342.2735527386,
            "MTOM": 245219.3480266342,
            "S": 679.625247665605,
            "b": 82.43938668292026,
            "MAC": 8.243938668292026,
            "fuel_economy": 0.1324228693417585,
            "h_b": 0.12130124206845651,
            "k": 1.7284088975019498,
            "WP": 0.08863949230364854,
            "TW": null,
            "WS": 3539.6003814507203,
            "P": 27139164.966113683,
            "T": null,
            "LD": 27.600523331509383,
            "max_fuel": 335785.4836473972,
            "mission_fuel": 301841.02492540854,
            "reserve_fuel": 3418.5056631343323,
            "Mff": 0.8731047133141346
        },
        "max": {
            "MTOM": 258802.63661305123,
            "S": 717.2713254808257,
            "b": 84.69187242473895,
            "MAC": 8.469187242473895,
            "fuel_economy": 0.07055242376916633,
            "OEW": 1257925.8078611551,
            "total_fuel": 391319.9534477032,
            "max_fuel": 430451.9487924736,
            "mission_fuel": 387848.52704414877,
            "reserve_fuel": 3471.4264035544475,
            "Mff": 0.8415089122783945,
            "MTOW": 1733790.843393344,
            "LD": 27.790297942814504
        },
        "wing_design": {
            "taper_ratio": 0.4,
            "sweep_c_4": 0,
            "dihedral": 1,
            "sweep_x_c": 2.454031674527076,
            "chord_root": 12.092913517820817,
            "chord_tip": 4.837165407128327,
            "y_MAC": 18.139370276731228,
            "X_LEMAC": 29.312603860333002,
            "X_LE": 28.535202277044522,
            "MAC": 8.983307184666891,
            "S": 716.568931012518,
            "b": 84.65039462474573,
            "aspect_ratio": 10
        },
        "cg_range": {
            "most_aft_cg": 36.95172246854751,
            "most_aft_mission": "ALTITUDE_OEW_PAYLOAD",
            "most_forward_cg": 33.72413089057785,
            "most_forward_mission": "DESIGN_OEW_FUEL"
        },
        "empennage_design": {
            "vertical_tail": {
                "S": 176.16163443655952,
                "l_v": 28.87797514599584,
                "mac": 11.93129796429671,
                "b": 16.255536030990772,
                "chord_root": 16.801587628931035,
                "chord_tip": 4.87246041239,
                "abs_pos": 0.8850201690521673,
                "sweep": 33,
                "taper": 0.29,
                "relative_pos_fus": 0.876815413332177
            },
            "horizontal_tail": {
                "S": 177.37176720967693,
                "l_h": 32.66271196812189,
                "mac": 6.884982201461988,
                "b": 28.251954842869655,
                "chord_root": 9.658787980468258,
                "chord_tip": 2.8976363941404775,
                "abs_pos": 1.0541825989753077,
                "sweep": 21,
                "sweep_hc4": 30,
                "taper": 0.3,
                "relative_pos_fus": 0.9272260289251131
            }
        }
    },
    "kinematic_viscosity": 1.006e-06,
    "rho_water": 1000,
    "viscosity_air": 1.484e-05,
    "rho_air": 1.225
}