{
    "design_id": 2,
    "inputs": {
        "cruise_altitude": 8,
        "aircraft_type": "PROP",
        "wing_type": "HIGH",
        "tail_type": "H_TAIL",
        "n_wings": 1,
        "n_fuselages": 2,
        "depth": 0.1,
        "jet_consumption": 2.7e-05,
        "prop_consumption": 2.1e-08,
        "prop_efficiency": 0.85,
        "Cd0": 0.020289892870586523,
        "oswald_factor": 0.5165840932860424,
        "aspect_ratio": 10,
        "aspect_h": 4.5,
        "aspect_v": 1.5,
        "sweep_h": 5,
        "sweep_hc4": 30,
        "taper_h": 0.3,
        "sweep_v": 10,
        "taper_v": 0.6,
        "h_position": 0.8407018734645043,
        "v_position": 0.830731224331671,
        "tfo": 0.001,
        "n_engines": 6.0,
        "CLmax_clean": 1.6,
        "CLmax_takeoff": 2.4,
        "CLmax_landing": 2.4,
        "CL_hydro": 0.5,
        "r_float": 3.1024023952751247,
        "upsweep": 11,
        "xcg_OEW": 0.4,
        "V_h": 0.9,
        "V_v": 0.083867,
        "xc_OEW": 0.2,
        "xc_wing": 0.4,
        "xc_fuselage": 0.4,
        "mf_wing": 0.12,
        "mf_fuselage": 0.2,
        "ltcd": 4.5,
        "lnd": 1.5,
        "lfd": 8.5,
        "engine_power": 8202000
    },
    "requirements": {
        "design_range": 3704000,
        "design_payload": 90000,
        "design_crew": 425,
        "ferry_range": 12038000,
        "reserve_range": 185200,
        "ferry_payload": 0,
        "ferry_crew": 170,
        "altitude_range_WIG": 943600,
        "altitude_range_WOG": 538000,
        "altitude_payload": 90000,
        "altitude_crew": 425,
        "cruise_speed": 115.749,
        "stall_speed_clean": 77.16,
        "stall_speed_takeoff": 61.9,
        "stall_speed_landing": 61.9,
        "stall_speed_high": 82.3,
        "high_altitude": 3048.0,
        "cargo_width": 3.5,
        "cargo_height": 4,
        "cargo_length": 7.32,
        "cargo_density": 160
    },
    "outputs": {
        "general": {
            "d_fuselage": 6.2048047905502495,
            "r_fuselage": 3.1024023952751247,
            "l_fuselage": 52.740840719677124,
            "l_tailcone": 27.921621557476122,
            "l_nose": 9.307207185825375,
            "l_cargo_straight": 8.74654837462985,
            "Re": 3407446264.9855022,
            "Cd_water": 0.0013218773711531056,
            "hull_surface": 224.16418708256532,
            "take_off_power": 47857314.10082371,
            "take_off_thrust": null,
            "V_lof": 64.995,
            "LD_g": 14.140852044811556,
            "xcg_payload": 0.36692342744070505,
            "fuselage_separation": 12.409609581100499
        },
        "design": {
            "MTOW": 2571935.136938421,
            "total_fuel": 412685.3883587799,
            "OEW": 1269608.5634427024,
            "EW": 1269183.5634427024,
            "ZFW": 2159249.7485796413,
            "MTOM": 262174.83556966577,
            "S": 511.7416290519052,
            "b": 71.53611878288514,
            "MAC": 7.153611878288514,
            "fuel_economy": 0.07436348128584291,
            "h_b": 0.1118316192730599,
            "k": 1.7650819658632058,
            "WP": 0.09135057340270591,
            "TW": null,
            "WS": 5025.609067596522,
            "P": 28154559.310760025,
            "T": null,
            "LD": 24.96132936763262,
            "max_fuel": 453953.9271946579,
            "mission_fuel": 408799.09068686137,
            "reserve_fuel": 3886.2976719185244,
            "Mff": 0.8395428475501788
        },
        "ferry": {
            "MTOW": 768669.1648183168,
            "total_fuel": 130951.75428652312,
            "OEW": 632779.4913669754,
            "EW": 632609.4913669754,
            "ZFW": 637717.4105317937,
            "MTOM": 78355.6742934064,
            "S": 152.93189384194318,
            "b": 39.10650762238213,
            "MAC": 3.9106507622382134,
            "fuel_economy": 0,
            "h_b": 0.20456953295981095,
            "k": 1.538386011815276,
            "WP": 0.09134577992073452,
            "TW": null,
            "WS": 5025.609067596522,
            "P": 8414938.987716028,
            "T": null,
            "LD": 21.754088984694295,
            "max_fuel": 144046.92971517544,
            "mission_fuel": 129634.57207704132,
            "reserve_fuel": 1317.1822094818053,
            "Mff": 0.8296383408101521
        },
        "altitude": {
            "MTOW": 2422656.104035283,
            "total_fuel": 316273.9963241531,
            "OEW": 1216890.2016070944,
            "EW": 1216465.2016070944,
            "ZFW": 2106382.10771113,
            "MTOM": 246957.80877016135,
            "S": 482.0605836090652,
            "b": 69.43058285864127,
            "MAC": 6.943058285864128,
            "fuel_economy": 0.13707856864287224,
            "h_b": 0.11522299929827431,
            "k": 1.7514589193860755,
            "WP": 0.09134577990736821,
            "TW": null,
            "WS": 5025.609067596522,
            "P": 26521817.49930918,
            "T": null,
            "LD": 24.767121441604022,
            "max_fuel": 347901.3959565684,
            "mission_fuel": 312453.09711337724,
            "reserve_fuel": 3820.899210775853,
            "Mff": 0.8694515512138297
        },
        "max": {
            "MTOM": 262174.83556966577,
            "S": 511.7416290519052,
            "b": 71.53611878288514,
            "MAC": 7.153611878288514,
            "fuel_economy": 0.07436348128584291,
            "OEW": 1269608.5634427024,
            "total_fuel": 412685.3883587799,
            "max_fuel": 453953.9271946579,
            "mission_fuel": 408799.09068686137,
            "reserve_fuel": 3886.2976719185244,
            "Mff": 0.8296383408101521,
            "MTOW": 2571935.1369384215,
            "LD": 24.96132936763262
        },
        "wing_design": {
            "taper_ratio": 0.4,
            "sweep_c_4": 0,
            "dihedral": 1,
            "sweep_x_c": 2.454031674527076,
            "chord_root": 10.219445540412163,
            "chord_tip": 4.087778216164866,
            "y_MAC": 15.329168310618245,
            "X_LEMAC": 20.48900923861207,
            "X_LE": 19.832044882442716,
            "MAC": 7.59158811573475,
            "S": 511.7416290519052,
            "b": 71.53611878288514,
            "aspect_ratio": 10
        },
        "cg_range": {
            "most_aft_cg": 21.878441149811,
            "most_aft_mission": "DESIGN_OEW_FUEL",
            "most_forward_cg": 20.362831147954626,
            "most_forward_mission": "ALTITUDE_OEW_PAYLOAD"
        },
        "empennage_design": {
            "vertical_tail": {
                "S": 70.04070144610718,
                "l_v": 21.917284579493955,
                "mac": 14.401771856330363,
                "b": 7.247794566941063,
                "chord_root": 11.369089516770293,
                "chord_tip": 7.958362661739205,
                "sweep": 10,
                "taper": 0.7,
                "MAC": 9.764041584990958,
                "aspect_ratio": 1.5,
                "LE_pos": 41.07175120290683,
                "relative_pos_mac/4": 0.830731224331671
            },
            "horizontal_tail": {
                "S": 155.78342869607,
                "l_h": 22.444226139835063,
                "mac": 7.64605310200267,
                "b": 26.4768848079285,
                "chord_root": 9.051926430061025,
                "chord_tip": 2.7155779290183073,
                "sweep": 5,
                "sweep_hc4": 30,
                "taper": 0.3,
                "MAC": 6.452398839889653,
                "sweep_c_4": 30,
                "aspect_ratio": 4.5,
                "tail_height": 13.452599357491312,
                "LE_pos": 42.25105932373255,
                "relative_pos_mac/4": 0.8407018734645043
            }
        }
    },
    "kinematic_viscosity": 1.006e-06,
    "rho_water": 1000,
    "viscosity_air": 1.48e-05,
    "rho_air": 1.225
}