{
    "aircraft_type": "MIXED",
    "cruise_altitude": 7,
    "design_range": 3704000,
    "design_payload": 90000,
    "design_crew": 425,
    "ferry_range": 12038000,
    "ferry_payload": 0,
    "ferry_crew": 425,
    "altitude_range_WIG": 943600,
    "altitude_range_WOG": 538000,
    "altitude_payload": 90000,
    "altitude_crew": 425,
    "cruise_speed": 115.749,
    "jet_consumption": 1.9e-05,
    "prop_consumption": 2.18e-08,
    "prop_efficiency": 0.82,
    "Cd0": 0.02,
    "oswald_factor": 0.85,
    "aspect_ratio": 10,
    "Cl_alpha": 5.0,
    "tfo": 0.001,
    "reserve_fuel": 0,
    "k": 1.5141849303822925,
    "n_engines": 8,
    "CLmax_clean": 1.5,
    "CLmax_takeoff": 1.6,
    "CLmax_landing": 1.8,
    "stall_speed_clean": 77.16,
    "stall_speed_takeoff": 61.728,
    "stall_speed_landing": 51.44,
    "high_altitude": 3048.0,
    "L": 70,
    "r": 4,
    "hull_surface": 251.32741228718345,
    "design": {
        "MTOW": 2642009.5315649956,
        "fuel_used": 439780.7189899248,
        "fuel_res": 0.0,
        "fuel": 439780.7189899248,
        "OEW": 1294355.5571731091,
        "ZFW": 2184066.8167046737,
        "EW": 1293930.5571731091,
        "MTOM": 269317.9950626907,
        "WS": 3332.132469647425,
        "Fuel": 457942.7148603219,
        "Fuel_used": 457942.7148603219,
        "Fuel_reserve": 0.0,
        "S": 792.9129523256335,
        "b": 89.0456597665284,
        "MAC": 8.90456597665284,
        "h_b": 0.07861135532437537,
        "fuel_economy": 0.11482660169616521,
        "TW": 0.1387624257848662,
        "WP": 0.11856105649393377,
        "take_off_thrust": null,
        "take_off_power": 53392355.25717556,
        "aspect_ratio": 10,
        "cruise_altitude": 7,
        "k": 1.4964142680707542,
        "design_payload": 90000
    },
    "ferry": {
        "take_off_power": 53392355.25717556,
        "take_off_thrust": null,
        "MTOM": 80448.90990788279,
        "MTOW": 789203.8061963301,
        "OEW": 640031.364810134,
        "ZFW": 644989.8186163304,
        "EW": 639606.364810134,
        "Fuel": 144213.9875799997,
        "Fuel_used": 144213.9875799997,
        "Fuel_reserve": 0.0,
        "S": 236.8383430732178,
        "aspect_ratio": 10,
        "b": 48.66603980942129,
        "MAC": 4.866603980942129,
        "cruise_altitude": 7,
        "h_b": 0.14383746915533624,
        "k": 1.2747222935895575,
        "WP": 0.11490136009591423,
        "TW": 0.1388831236531779,
        "WS": 3332.132469647425,
        "fuel_economy": 0.01112641826721138,
        "ferry_payload": 0
    },
    "altitude": {
        "take_off_power": 53392355.25717556,
        "take_off_thrust": null,
        "MTOM": 291765.93990144756,
        "MTOW": 2862223.8704332006,
        "OEW": 1372124.9462967387,
        "ZFW": 2262056.420167172,
        "EW": 1371699.9462967387,
        "Fuel": 600167.4502660288,
        "Fuel_used": 600167.4502660288,
        "Fuel_reserve": 0.0,
        "S": 858.9478409686266,
        "aspect_ratio": 10,
        "b": 92.6794389802089,
        "MAC": 9.26794389802089,
        "cruise_altitude": 7,
        "h_b": 0.07552915810695407,
        "k": 1.5141849303822925,
        "WP": 0.11879458425247882,
        "TW": 0.1388232903688952,
        "WS": 3332.132469647425,
        "fuel_economy": 0.3762216677238784,
        "altitude_payload": 90000
    },
    "gravitational_acceleration": 9.81,
    "kinematic_viscosity": 1.002e-06,
    "rho_water": 1000.0,
    "MTOW": 2862223.8704332006,
    "fuel_used": 600167.4502660288,
    "fuel_res": 0.0,
    "fuel": 600167.4502660288,
    "OEW": 1372124.9462967387,
    "ZFW": 2262056.420167172,
    "EW": 1371699.9462967387,
    "MTOM": 291765.93990144756,
    "TW": 0.13610126506754433,
    "WP": 0.12121896352293758,
    "WS": 3400.1351731096174
}