{
    "design_id": 4,
    "inputs": {
        "cruise_altitude": 4,
        "aircraft_type": "PROP",
        "wing_type": "LOW",
        "n_wings": 2,
        "n_fuselages": 1,
        "depth": 0.05,
        "jet_consumption": 2.7e-05,
        "prop_consumption": 2.1e-08,
        "prop_efficiency": 0.85,
        "Cd0": 0.02634329740251178,
        "oswald_factor": 0.85,
        "aspect_ratio": 6,
        "Cl_alpha": 5.0,
        "tfo": 0.001,
        "n_engines": 8,
        "CLmax_clean": 1.5,
        "CLmax_takeoff": 1.7,
        "CLmax_landing": 1.7,
        "CL_hydro": 0.5,
        "r_float": 1.5,
        "upsweep": 11,
        "xcg_OEW": 0.45,
        "xcg_payload": 0.55,
        "V_h": 0.9,
        "V_v": 0.0838,
        "k": 1.4662715103188428,
        "xc_OEW": 0.2,
        "xc_wing": 0.4,
        "xc_fuselage": 0.4,
        "mf_wing": 0.08,
        "mf_fuselage": 0.08
    },
    "requirements": {
        "design_range": 3704000,
        "design_payload": 90000,
        "design_crew": 425,
        "ferry_range": 12038000,
        "reserve_range": 185200,
        "ferry_payload": 0,
        "ferry_crew": 170,
        "altitude_range_WIG": 943600,
        "altitude_range_WOG": 538000,
        "altitude_payload": 90000,
        "altitude_crew": 425,
        "cruise_speed": 115.749,
        "stall_speed_clean": 77.16,
        "stall_speed_takeoff": 61.9,
        "stall_speed_landing": 61.9,
        "stall_speed_high": 82.3,
        "high_altitude": 3048.0,
        "cargo_width": 3.5,
        "cargo_height": 4,
        "cargo_length": 7.32,
        "cargo_density": 160
    },
    "outputs": {
        "general": {
            "d_fuselage": 8.832726010325398,
            "r_fuselage": 4.416363005162699,
            "l_fuselage": 75.07817108776588,
            "l_tailcone": 39.747267046464295,
            "l_nose": 13.249089015488098,
            "l_cargo_straight": 15.316351424067726,
            "Re": 4850602117.146465,
            "Cd_water": 0.0012696487711144299,
            "hull_surface": 50.9373226662635,
            "take_off_power": 10445052.655311173,
            "take_off_thrust": null,
            "V_lof": 64.995,
            "LD_g": 12.330905267831994
        },
        "design": {
            "MTOW": 2700457.076298158,
            "total_fuel": 495690.8770713322,
            "OEW": 1314996.4921505277,
            "EW": 1314571.4921505277,
            "ZFW": 2204766.199226826,
            "MTOM": 275275.9506929825,
            "S": 758.3053163676669,
            "b": 47.69607896990067,
            "MAC": 15.89869298996689,
            "fuel_economy": 0.08817651312123334,
            "h_b": 0.08386433615484955,
            "k": 1.468528742938815,
            "WP": 0.07600723041456173,
            "TW": null,
            "WS": 3561.1738935188127,
            "P": 35528949.83239378,
            "T": null,
            "LD": 18.108288895617573,
            "max_fuel": 545259.9647784655,
            "mission_fuel": 484733.60526708834,
            "reserve_fuel": 10957.27180424385,
            "Mff": 0.8164418603717133
        },
        "ferry": {
            "MTOW": 846404.9175569536,
            "total_fuel": 181157.14473311394,
            "OEW": 660232.1179062827,
            "EW": 660062.1179062827,
            "ZFW": 665247.7728238397,
            "MTOM": 86279.8081097812,
            "S": 237.67613357216288,
            "b": 26.70259164793726,
            "MAC": 8.900863882645751,
            "fuel_economy": 0,
            "h_b": 0.14979819385093263,
            "k": 1.2627808797937177,
            "WP": 0.07600722996173719,
            "TW": null,
            "WS": 3561.1738935188127,
            "P": 11135847.444816006,
            "T": null,
            "LD": 15.571231402765873,
            "max_fuel": 199272.85920642535,
            "mission_fuel": 177310.75459634385,
            "reserve_fuel": 3846.390136770089,
            "Mff": 0.7859687001157764
        },
        "altitude": {
            "MTOW": 2466230.160462408,
            "total_fuel": 344416.1630774734,
            "OEW": 1232278.5172244718,
            "EW": 1231853.5172244718,
            "ZFW": 2121813.9973849347,
            "MTOM": 251399.6086098275,
            "S": 692.5327576593622,
            "b": 45.58067872441224,
            "MAC": 15.193559574804082,
            "fuel_economy": 0.146414450635291,
            "h_b": 0.08775648173614553,
            "k": 1.4495921686065365,
            "WP": 0.07600722996173719,
            "TW": null,
            "WS": 3561.1738935188127,
            "P": 32447310.100682966,
            "T": null,
            "LD": 17.874783708078347,
            "max_fuel": 378857.7793852208,
            "mission_fuel": 333733.04825158836,
            "reserve_fuel": 10683.114825885044,
            "Mff": 0.8603471125286632
        },
        "max": {
            "MTOM": 275275.9506929825,
            "S": 758.3053163676669,
            "b": 47.69607896990067,
            "MAC": 15.89869298996689,
            "fuel_economy": 0.08817651312123334,
            "OEW": 1314996.4921505277,
            "total_fuel": 495690.8770713322,
            "max_fuel": 545259.9647784655,
            "mission_fuel": 484733.60526708834,
            "reserve_fuel": 10957.27180424385,
            "Mff": 0.7859687001157764,
            "MTOW": 1744319.4513770815
        },
        "wing_design": {
            "taper_ratio": 0.4,
            "sweep_c_4": 0,
            "dihedral": 5,
            "sweep_x_c": 4.085616779974877,
            "chord_root": 22.59074528912964,
            "chord_tip": 9.036298115651856,
            "y_MAC": 10.165835380108337,
            "X_LEMAC": 30.031268435106355,
            "X_LE": 29.30513733652719,
            "MAC": 16.781696500496302,
            "S": 750.2024058959493,
            "b": 47.44056510717223,
            "aspect_ratio": 6
        },
        "cg_range": {
            "most_aft_cg": 37.07659037968831,
            "most_aft_mission": "ALTITUDE_OEW_PAYLOAD_FUEL",
            "most_forward_cg": 33.785176989494644,
            "most_forward_mission": "DESIGN_OEW"
        },
        "empennage_design": {
            "S_h": 350.1374236528798,
            "S_v": 97.8050536737044,
            "l_h": 30.493763599300976,
            "l_v": 30.493763599300976
        }
    },
    "kinematic_viscosity": 1.006e-06,
    "rho_water": 1000,
    "viscosity_air": 1.48e-05,
    "rho_air": 1.225
}