{
    "aircraft_type": "JET",
    "design_range": 3704000,
    "design_payload": 90000,
    "design_crew": 425,
    "ferry_range": 12038000,
    "ferry_payload": 0,
    "ferry_crew": 425,
    "altitude_range_WIG": 943600,
    "altitude_range_WOG": 538000,
    "altitude_payload": 90000,
    "altitude_crew": 425,
    "cruise_speed": 115.749,
    "jet_consumption": 1.9e-05,
    "prop_consumption": 9e-08,
    "prop_efficiency": 0.82,
    "Cd0": 0.02,
    "oswald_factor": 0.85,
    "aspect_ratio": 8,
    "tfo": 0.001,
    "reserve_fuel": 0,
    "k": 1.5688004726142641,
    "n_engines": 8,
    "CLmax_clean": 1.5,
    "CLmax_takeoff": 1.6,
    "CLmax_landing": 1.8,
    "aspect_ratios": 10,
    "stall_speed_clean": 77.16,
    "stall_speed_takeoff": 61.728,
    "stall_speed_landing": 51.44,
    "cruise_altitude": 9,
    "high_altitude": 3048.0,
    "L": 40,
    "r": 3,
    "hull_surface": 251.32741228718345,
    "rho_water": 1000.0,
    "kinematic_viscosity": 1.002e-06,
    "MTOW": 7480218.990951232,
    "fuel_used": 3582685.0169972517,
    "fuel_res": 0.0,
    "fuel": 3582685.0169972517,
    "OEW": 3002984.5049630282,
    "ZFW": 3897533.97395398,
    "EW": 3002559.5049630282,
    "MTOM": 762509.5811367208,
    "TW": 0.1390615317108224,
    "WP": null,
    "WS": 3331.4926193385054,
    "Fuel": 3582685.0169972517,
    "Fuel_used": 3582685.0169972517,
    "Fuel_reserve": 0.0,
    "S": 2245.3130708605663,
    "A": 8,
    "b": 134.02426857433144,
    "MAC": 16.753033571791434,
    "h_b": 0.06715201728564923,
    "fuel_economy": 0.8983384429972654,
    "gravitational_acceleration": 9.81
}