{
    "design_id": 1,
    "inputs": {
        "cruise_altitude": 4,
        "aircraft_type": "PROP",
        "wing_type": "HIGH",
        "n_wings": 1,
        "n_fuselages": 1,
        "depth": 0.05,
        "jet_consumption": 2.7e-05,
        "prop_consumption": 2.1e-08,
        "prop_efficiency": 0.82,
        "Cd0": 0.02434723936958912,
        "oswald_factor": 0.85,
        "aspect_ratio": 10,
        "tfo": 0.001,
        "reserve_fuel": 0,
        "n_engines": 8,
        "CLmax_clean": 1.5,
        "CLmax_takeoff": 1.7,
        "CLmax_landing": 1.7,
        "r_float": 4.4,
        "upsweep": 11
    },
    "requirements": {
        "design_range": 3704000,
        "design_payload": 90000,
        "design_crew": 425,
        "ferry_range": 12038000,
        "ferry_payload": 0,
        "reserve_range": 185200,
        "ferry_crew": 425,
        "altitude_range_WIG": 943600,
        "altitude_range_WOG": 538000,
        "altitude_payload": 90000,
        "altitude_crew": 425,
        "cruise_speed": 115.749,
        "stall_speed_clean": 77.16,
        "stall_speed_takeoff": 61.9,
        "stall_speed_landing": 61.9,
        "stall_speed_high": 82.3,
        "high_altitude": 3048.0,
        "cargo_width": 3.5,
        "cargo_height": 4,
        "cargo_length": 7.32,
        "cargo_density": 160
    },
    "outputs": {
        "general": {
            "d_fuselage": 8.832726010325398,
            "r_fuselage": 4.416363005162699,
            "l_fuselage": 75.07817108776588,
            "l_tailcone": 39.747267046464295,
            "l_nose": 13.249089015488098,
            "l_cargo_straight": 15.316351424067726,
            "LD_g": 16.558825930206265,
            "Re": 4850602117.146465,
            "Cd": 0.0012696487711144299,
            "hull_surface": 297.98795964264247,
            "take_off_power": 63340036.516666256,
            "take_off_thrust": null,
            "V_lof": 64.995
        },
        "design": {
            "MTOW": 2588146.623971219,
            "total_fuel": 423155.5260692609,
            "fuel_mission": 397367.48950223404,
            "fuel_reserve": 25788.036567026866,
            "OEW": 1275333.7012779873,
            "EW": 1274908.7012779873,
            "ZFW": 2164991.097901958,
            "MTOM": 263827.3826678103,
            "S": 726.7678303971138,
            "b": 85.25067919947112,
            "MAC": 8.525067919947112,
            "fuel_economy": 0.14818218193705618,
            "h_b": 0.046920447292164394,
            "k": 1.758472533527595,
            "WP": 0.09054334798002854,
            "TW": null,
            "WS": 3561.1738935188127,
            "P": 28584613.68738094,
            "T": null,
            "LD": 29.118240585732245
        },
        "ferry": {
            "MTOW": 763299.5495646588,
            "total_fuel": 127483.80523013037,
            "fuel_mission": 124431.16379544149,
            "fuel_reserve": 3052.641434688878,
            "OEW": 630883.1947849637,
            "EW": 630458.1947849637,
            "ZFW": 635815.7443345285,
            "MTOM": 77808.3129015962,
            "S": 214.33930867938048,
            "b": 46.29679348285154,
            "MAC": 4.629679348285154,
            "fuel_economy": 0,
            "h_b": 0.08639907214052764,
            "k": 1.4560421217702209,
            "WP": 0.09054334798002854,
            "TW": null,
            "WS": 3561.1738935188127,
            "P": 8430211.236865489,
            "T": null,
            "LD": 24.11034804144128
        },
        "altitude": {
            "MTOW": 2453458.8224236923,
            "total_fuel": 336167.83473214967,
            "fuel_mission": 310978.2067960444,
            "fuel_reserve": 25189.627936105244,
            "OEW": 1227768.278869119,
            "EW": 1227343.278869119,
            "ZFW": 2117290.9876915426,
            "MTOM": 250097.73928885753,
            "S": 688.9466495569923,
            "b": 83.00281016670414,
            "MAC": 8.300281016670413,
            "fuel_economy": 0.2899169561885601,
            "h_b": 0.048191139456198386,
            "k": 1.7430786624359031,
            "WP": 0.09054334798002854,
            "TW": null,
            "WS": 3561.1738935188127,
            "P": 27097063.198556125,
            "T": null,
            "LD": 28.863336153932885
        },
        "max": {
            "MTOM": 263827.3826678103,
            "S": 726.7678303971138,
            "b": 85.25067919947112,
            "MAC": 8.525067919947112,
            "fuel_economy": 0.14818218193705618
        },
        "wing_design": {
            "taper_ratio": 0.4,
            "sweep_c_4": 0,
            "dihedral": 1,
            "sweep_x_c": 2.454031674527076,
            "chord_root": 12.178668457067305,
            "chord_tip": 4.871467382826922,
            "y_MAC": 18.268002685600955,
            "X_LEMAC": 21.056440000000002,
            "X_LE": 20.27352559918853,
            "MAC": 9.047010853821426,
            "S": 726.7678303971138,
            "b": 85.25067919947112,
            "aspect_ratio": 10
        }
    },
    "kinematic_viscosity": 1.006e-06,
    "rho_water": 1000
}