{
    "design_id": 3,
    "inputs": {
        "cruise_altitude": 10,
        "aircraft_type": "PROP",
        "wing_type": "HIGH",
        "tail_type": "CONVENTIONAL",
        "n_wings": 1,
        "n_fuselages": 1,
        "depth": 0.1,
        "jet_consumption": 2.7e-05,
        "prop_consumption": 2.1e-08,
        "prop_efficiency": 0.85,
        "Cd0": 0.01873621119097947,
        "oswald_factor": 0.6560637537879077,
        "aspect_ratio": 8,
        "aspect_h": 4.5,
        "aspect_v": 1.5,
        "sweep_h": 21,
        "sweep_hc4": 30,
        "taper_h": 0.3,
        "sweep_v": 10,
        "taper_v": 0.6,
        "h_position": 0.9382295180405841,
        "v_position": 0.9071818107580653,
        "tfo": 0.001,
        "n_engines": 6.0,
        "CLmax_clean": 1.6,
        "CLmax_takeoff": 2.4,
        "CLmax_landing": 2.4,
        "CL_hydro": 0.5,
        "r_float": 4.416363005162699,
        "upsweep": 11,
        "xcg_OEW": 0.4,
        "V_h": 0.9,
        "V_v": 0.083867,
        "xc_OEW": 0.2,
        "xc_wing": 0.4,
        "xc_fuselage": 0.4,
        "mf_wing": 0.12,
        "mf_fuselage": 0.2,
        "ltcd": 4.5,
        "lnd": 1.5,
        "lfd": 8.5,
        "engine_power": 8202000
    },
    "requirements": {
        "design_range": 3704000,
        "design_payload": 90000,
        "design_crew": 425,
        "ferry_range": 12038000,
        "reserve_range": 185200,
        "ferry_payload": 0,
        "ferry_crew": 170,
        "altitude_range_WIG": 943600,
        "altitude_range_WOG": 538000,
        "altitude_payload": 90000,
        "altitude_crew": 425,
        "cruise_speed": 115.749,
        "stall_speed_clean": 77.16,
        "stall_speed_takeoff": 61.73,
        "stall_speed_landing": 61.73,
        "stall_speed_high": 82.3,
        "high_altitude": 3048.0,
        "cargo_width": 3.5,
        "cargo_height": 4,
        "cargo_length": 7.32,
        "cargo_density": 160
    },
    "outputs": {
        "general": {
            "d_fuselage": 8.832726010325398,
            "r_fuselage": 4.416363005162699,
            "l_fuselage": 75.07817108776588,
            "l_tailcone": 39.747267046464295,
            "l_nose": 13.249089015488098,
            "l_cargo_straight": 15.316351424067726,
            "Re": 4837280592.753655,
            "Cd": 0.0012700434697589557,
            "hull_surface": 227.12738815886908,
            "take_off_power": 46205736.735140644,
            "take_off_thrust": null,
            "V_lof": 64.8165,
            "LD_g": 14.83276342201457,
            "Cd_water": 0.0012700434697589557,
            "xcg_payload": 0.44404883931977346
        },
        "design": {
            "MTOW": 2576612.9439530303,
            "total_fuel": 415706.535248447,
            "OEW": 1271260.5457606302,
            "EW": 1270835.5457606302,
            "ZFW": 2160906.4087045835,
            "MTOM": 262651.6762439378,
            "S": 515.6046474057424,
            "b": 64.22489532296599,
            "MAC": 8.028111915370749,
            "fuel_economy": 0.07490242024942624,
            "h_b": 0.15570286179079423,
            "k": 1.6592164501855977,
            "WP": 0.09537320004849245,
            "TW": null,
            "WS": 4997.0828914598405,
            "P": 27016110.842909254,
            "T": null,
            "LD": 24.610765268873195,
            "max_fuel": 457277.1887732917,
            "mission_fuel": 411761.8051058073,
            "reserve_fuel": 3944.730142639659,
            "Mff": 0.8386616289326438
        },
        "ferry": {
            "MTOW": 766849.7020065327,
            "total_fuel": 129776.65997469725,
            "OEW": 632136.9423298289,
            "EW": 631966.9423298289,
            "ZFW": 637073.0420318354,
            "MTOM": 78170.20407813789,
            "S": 153.44734953473403,
            "b": 35.03682057889774,
            "MAC": 4.379602572362218,
            "fuel_economy": 0,
            "h_b": 0.28541402543879457,
            "k": 1.4814066114126745,
            "WP": 0.09157736364262375,
            "TW": null,
            "WS": 4997.0828914598405,
            "P": 8373790.983972051,
            "T": null,
            "LD": 21.97335379890144,
            "max_fuel": 142754.325972167,
            "mission_fuel": 128473.95254446268,
            "reserve_fuel": 1302.7074302345718,
            "Mff": 0.8307664987870182
        },
        "altitude": {
            "MTOW": 2420252.260674045,
            "total_fuel": 314721.4816797118,
            "OEW": 1216041.2767336587,
            "EW": 1215616.2767336587,
            "ZFW": 2105530.778994333,
            "MTOM": 246712.76867217582,
            "S": 484.3317928415158,
            "b": 62.24672154203887,
            "MAC": 7.78084019275486,
            "fuel_economy": 0.1363756540881197,
            "h_b": 0.16065103112693915,
            "k": 1.6476757518015928,
            "WP": 0.09537319942837993,
            "TW": null,
            "WS": 4997.0828914598405,
            "P": 25376649.57430229,
            "T": null,
            "LD": 24.439584622663023,
            "max_fuel": 346193.629847683,
            "mission_fuel": 310850.8931232648,
            "reserve_fuel": 3870.588556447008,
            "Mff": 0.8699633559718022
        },
        "max": {
            "MTOM": 262651.6762439378,
            "S": 515.6046474057424,
            "b": 64.22489532296599,
            "MAC": 8.028111915370749,
            "fuel_economy": 0.07490242024942624,
            "OEW": 1271260.5457606302,
            "total_fuel": 415706.535248447,
            "max_fuel": 457277.1887732917,
            "mission_fuel": 411761.8051058073,
            "reserve_fuel": 3944.730142639659,
            "Mff": 0.8307664987870182,
            "MTOW": 2576612.94395303,
            "LD": 24.610765268873195
        },
        "wing_design": {
            "taper_ratio": 0.4,
            "sweep_c_4": 0,
            "dihedral": 1,
            "sweep_x_c": 3.066485501125894,
            "chord_root": 11.468731307672499,
            "chord_tip": 4.587492523069,
            "y_MAC": 13.762477569206997,
            "X_LEMAC": 29.349698117393245,
            "X_LE": 28.612422533328584,
            "MAC": 8.519628971413857,
            "S": 515.6046474057424,
            "b": 64.22489532296599,
            "aspect_ratio": 8
        },
        "cg_range": {
            "most_aft_cg": 31.775937098347406,
            "most_aft_mission": "DESIGN_OEW_PAYLOAD_FUEL",
            "most_forward_cg": 30.031268435106355,
            "most_forward_mission": "DESIGN_OEW"
        },
        "empennage_design": {
            "vertical_tail": {
                "S": 76.43684226252361,
                "l_v": 36.333614097455914,
                "mac": 11.941273556683253,
                "b": 10.707719803664336,
                "chord_root": 8.923099836386946,
                "chord_tip": 5.353859901832167,
                "sweep": 10,
                "taper": 0.6,
                "MAC": 7.287198199716006,
                "aspect_ratio": 1.5,
                "LE_pos": 65.85507125137894,
                "relative_pos_mac/4": 0.9071818107580653
            },
            "horizontal_tail": {
                "S": 102.25069706707762,
                "l_h": 38.66461917669569,
                "mac": 6.890369749157854,
                "b": 21.45059758612448,
                "chord_root": 7.333537636281872,
                "chord_tip": 2.2000612908845616,
                "sweep": 21,
                "sweep_hc4": 30,
                "taper": 0.3,
                "MAC": 5.227496058682975,
                "sweep_c_4": 30,
                "aspect_ratio": 4.5,
                "tail_height": 8.832726010325398,
                "LE_pos": 67.44463345148401,
                "relative_pos_mac/4": 0.9382295180405841
            }
        }
    },
    "kinematic_viscosity": 1.006e-06,
    "rho_water": 1000,
    "viscosity_air": 1.484e-05,
    "rho_air": 1.225
}