{
    "design_id": 2,
    "inputs": {
        "cruise_altitude": 5,
        "aircraft_type": "PROP",
        "wing_type": "HIGH",
        "n_wings": 1,
        "n_fuselages": 2,
        "depth": 0.1,
        "jet_consumption": 2.7e-05,
        "prop_consumption": 2.18e-08,
        "prop_efficiency": 0.82,
        "Cd0": 0.02422111472806403,
        "oswald_factor": 0.85,
        "aspect_ratio": 10,
        "tfo": 0.001,
        "reserve_fuel": 0,
        "n_engines": 8,
        "CLmax_clean": 1.5,
        "CLmax_takeoff": 1.7,
        "CLmax_landing": 1.7,
        "r_float": 3.1,
        "k": 1.6235779029497115,
        "upsweep": 11
    },
    "requirements": {
        "design_range": 3704000,
        "design_payload": 90000,
        "design_crew": 425,
        "ferry_range": 12038000,
        "reserve_range": 185200,
        "ferry_payload": 0,
        "ferry_crew": 425,
        "altitude_range_WIG": 943600,
        "altitude_range_WOG": 538000,
        "altitude_payload": 90000,
        "altitude_crew": 425,
        "cruise_speed": 115.749,
        "stall_speed_clean": 77.16,
        "stall_speed_takeoff": 61.9,
        "stall_speed_landing": 61.9,
        "stall_speed_high": 82.3,
        "high_altitude": 3048.0,
        "cargo_width": 3.5,
        "cargo_height": 4,
        "cargo_length": 7.32,
        "cargo_density": 160
    },
    "outputs": {
        "general": {
            "d_fuselage": 6.2048047905502495,
            "r_fuselage": 3.1024023952751247,
            "l_fuselage": 52.740840719677124,
            "l_tailcone": 27.921621557476122,
            "l_nose": 9.307207185825375,
            "l_cargo_straight": 8.74654837462985,
            "LD": 26.954449843126646,
            "Re": 3407446264.9855022,
            "Cd": 0.0013218773711531056,
            "hull_surface": 210.4204947871738,
            "take_off_power": 93133344.13863601,
            "take_off_thrust": null,
            "V_lof": 64.995,
            "LD_g": 16.6018826655351
        },
        "design": {
            "MTOW": 2620153.2567988397,
            "total_fuel": 443826.9088163231,
            "fuel_mission": 418292.9973826433,
            "fuel_reserve": 25533.91143367981,
            "OEW": 1286636.9447257179,
            "EW": 1286211.9447257179,
            "ZFW": 2176326.3479825165,
            "MTOM": 267090.03637093166,
            "S": 735.8084168428596,
            "b": 85.77927586794257,
            "MAC": 8.577927586794258,
            "fuel_economy": 0.15598550631002972,
            "h_b": 0.05828913743335294,
            "k": 1.6394179007933911,
            "WP": 0.0908869540962573,
            "TW": null,
            "WS": 3560.831988190202,
            "P": 28828705.757086616,
            "T": null
        },
        "ferry": {
            "MTOW": 779851.7122183106,
            "total_fuel": 138173.9672146175,
            "fuel_mission": 135214.93837593906,
            "fuel_reserve": 2959.0288386784378,
            "OEW": 636728.6432914748,
            "EW": 636303.6432914748,
            "ZFW": 641677.745003693,
            "MTOM": 79495.58738209077,
            "S": 218.99921250740564,
            "b": 46.79735168868059,
            "MAC": 4.67973516886806,
            "fuel_economy": 0,
            "h_b": 0.10684365289007171,
            "k": 1.3732024409592782,
            "WP": 0.0908869540962573,
            "TW": null,
            "WS": 3560.831988190202,
            "P": 8580458.21837509,
            "T": null
        },
        "altitude": {
            "MTOW": 2463521.753660739,
            "total_fuel": 342666.9470967236,
            "fuel_mission": 317821.0098112678,
            "fuel_reserve": 24845.937285455817,
            "OEW": 1231322.034810355,
            "EW": 1230897.034810355,
            "ZFW": 2120854.8065640153,
            "MTOM": 251123.52228957583,
            "S": 691.81964009254,
            "b": 83.1756959749986,
            "MAC": 8.317569597499862,
            "fuel_economy": 0.2962963248343912,
            "h_b": 0.060113714004905075,
            "k": 1.6235779029497115,
            "WP": 0.0908869540962573,
            "TW": null,
            "WS": 3560.831988190202,
            "P": 27105339.574386574,
            "T": null
        },
        "max": {
            "MTOM": 267090.03637093166,
            "S": 735.8084168428596,
            "b": 85.77927586794257,
            "MAC": 8.577927586794258,
            "fuel_economy": 0.15598550631002972
        },
        "wing_design": {
            "taper_ratio": 0.4,
            "sweep_c_4": 0,
            "dihedral": 1,
            "sweep_x_c": 2.454031674527076,
            "chord_root": 12.254182266848941,
            "chord_tip": 4.901672906739577,
            "y_MAC": 18.381273400273408,
            "X_LEMAC": 21.056440000000002,
            "X_LE": 20.268671139988285,
            "MAC": 9.10310682680207,
            "S": 735.8084168428596,
            "b": 85.77927586794257,
            "aspect_ratio": 10
        }
    },
    "kinematic_viscosity": 1.006e-06,
    "rho_water": 1000
}