{
    "design_id": 4,
    "inputs": {
        "cruise_altitude": 4,
        "aircraft_type": "PROP",
        "wing_type": "LOW",
        "n_wings": 2,
        "n_fuselages": 1,
        "depth": 0.05,
        "jet_consumption": 2.7e-05,
        "prop_consumption": 2.1e-08,
        "prop_efficiency": 0.85,
        "Cd0": 0.023484175557793377,
        "oswald_factor": 0.85,
        "aspect_ratio": 6,
        "Cl_alpha": 5.0,
        "tfo": 0.001,
        "reserve_fuel": 0,
        "n_engines": 8,
        "CLmax_clean": 1.5,
        "CLmax_takeoff": 1.7,
        "CLmax_landing": 1.7,
        "r_float": 1.5,
        "upsweep": 11
    },
    "requirements": {
        "design_range": 3704000,
        "design_payload": 90000,
        "design_crew": 425,
        "ferry_range": 12038000,
        "reserve_range": 185200,
        "ferry_payload": 0,
        "ferry_crew": 425,
        "altitude_range_WIG": 943600,
        "altitude_range_WOG": 538000,
        "altitude_payload": 90000,
        "altitude_crew": 425,
        "cruise_speed": 115.749,
        "stall_speed_clean": 77.16,
        "stall_speed_takeoff": 61.9,
        "stall_speed_landing": 61.9,
        "stall_speed_high": 82.3,
        "high_altitude": 3048.0,
        "cargo_width": 3.5,
        "cargo_height": 4,
        "cargo_length": 7.32,
        "cargo_density": 160
    },
    "outputs": {
        "general": {
            "d_fuselage": 8.832726010325398,
            "r_fuselage": 4.416363005162699,
            "l_fuselage": 75.07817108776588,
            "l_tailcone": 39.747267046464295,
            "l_nose": 13.249089015488098,
            "l_cargo_straight": 15.316351424067726,
            "Re": 4850602117.146465,
            "Cd": 0.0012696487711144299,
            "hull_surface": 101.58680442362811,
            "take_off_power": 20831081.52820842,
            "take_off_thrust": null,
            "V_lof": 64.995,
            "LD_g": 13.059975721072268
        },
        "design": {
            "MTOW": 2725898.3875582884,
            "total_fuel": 512122.06761479547,
            "fuel_mission": 487408.4858193271,
            "fuel_reserve": 24713.581795468344,
            "OEW": 1323981.1715559345,
            "EW": 1323556.1715559345,
            "ZFW": 2213776.3199434928,
            "MTOM": 277869.35652989685,
            "S": 765.4493908649923,
            "b": 47.920227175953336,
            "MAC": 15.973409058651114,
            "fuel_economy": 0.18175934073977265,
            "h_b": 0.08347205837135982,
            "k": 1.4705148428524981,
            "WP": 0.08174918027359299,
            "TW": null,
            "WS": 3561.1738935188127,
            "P": 33344657.138278622,
            "T": null,
            "LD": 19.204888145130028
        },
        "ferry": {
            "MTOW": 836646.2067571682,
            "total_fuel": 174854.512177334,
            "fuel_mission": 172205.94138623012,
            "fuel_reserve": 2648.570791103877,
            "OEW": 656785.798373077,
            "EW": 656360.798373077,
            "ZFW": 661791.6945798341,
            "MTOM": 85285.03636668381,
            "S": 234.93551052921882,
            "b": 26.54819262374854,
            "MAC": 8.849397541249514,
            "fuel_economy": 0,
            "h_b": 0.15066939044361996,
            "k": 1.2611041766103255,
            "WP": 0.08174918027359299,
            "TW": null,
            "WS": 3561.1738935188127,
            "P": 10234306.985796476,
            "T": null,
            "LD": 16.469989928273684
        },
        "altitude": {
            "MTOW": 2501243.863808359,
            "total_fuel": 367029.65282362554,
            "fuel_mission": 343266.8169632822,
            "fuel_reserve": 23762.83586034336,
            "OEW": 1244643.717120925,
            "EW": 1244218.717120925,
            "ZFW": 2134214.2109847334,
            "MTOM": 254968.79345650956,
            "S": 702.3649893537965,
            "b": 45.903104122285555,
            "MAC": 15.301034707428522,
            "fuel_economy": 0.32001879411376244,
            "h_b": 0.08714007639535722,
            "k": 1.4525012725148405,
            "WP": 0.08174918027359299,
            "TW": null,
            "WS": 3561.1738935188127,
            "P": 30596562.013678353,
            "T": null,
            "LD": 18.96963135387039
        },
        "max": {
            "MTOM": 277869.35652989685,
            "S": 765.4493908649923,
            "b": 47.920227175953336,
            "MAC": 15.973409058651114,
            "fuel_economy": 0.18175934073977265
        },
        "wing_design": {
            "taper_ratio": 0.4,
            "sweep_c_4": 0,
            "dihedral": 5,
            "sweep_x_c": 4.085616779974877,
            "chord_root": 22.819155798073023,
            "chord_tip": 9.12766231922921,
            "y_MAC": 10.268620109132858,
            "X_LEMAC": 21.056440000000002,
            "X_LE": 20.32296713506194,
            "MAC": 16.95137287856853,
            "S": 765.4493908649923,
            "b": 47.920227175953336,
            "aspect_ratio": 6
        }
    },
    "kinematic_viscosity": 1.006e-06,
    "rho_water": 1000
}