{
    "design_id": 1,
    "inputs": {
        "cruise_altitude": 4,
        "aircraft_type": "PROP",
        "wing_type": "LOW",
        "tail_type": "T_TAIL",
        "n_wings": 1,
        "n_fuselages": 1,
        "depth": 0.1,
        "jet_consumption": 2.7e-05,
        "prop_consumption": 2.1e-08,
        "prop_efficiency": 0.85,
        "Cd0": 0.025784454631193474,
        "oswald_factor": 0.85,
        "aspect_ratio": 10,
        "aspect_h": 4.5,
        "aspect_v": 1.5,
        "sweep_h": 21,
        "sweep_hc4": 30,
        "taper_h": 0.3,
        "sweep_v": 33,
        "taper_v": 0.29,
        "tfo": 0.001,
        "n_engines": 6.0,
        "CLmax_clean": 1.5,
        "CLmax_takeoff": 1.7,
        "CLmax_landing": 1.7,
        "CL_hydro": 0.5,
        "r_float": 4.416363005162699,
        "upsweep": 11,
        "xcg_OEW": 0.45,
        "xcg_payload": 0.55,
        "V_h": 0.9,
        "V_v": 0.083867,
        "h_position": 1.0540257168071576,
        "v_position": 0.8887992189527598,
        "xc_OEW": 0.2,
        "xc_wing": 0.4,
        "xc_fuselage": 0.4,
        "mf_wing": 0.08,
        "mf_fuselage": 0.08,
        "engine_power": 8202000
    },
    "requirements": {
        "design_range": 3704000,
        "design_payload": 90000,
        "design_crew": 425,
        "ferry_range": 12038000,
        "ferry_payload": 0,
        "reserve_range": 185200,
        "ferry_crew": 170,
        "altitude_range_WIG": 943600,
        "altitude_range_WOG": 538000,
        "altitude_payload": 90000,
        "altitude_crew": 425,
        "cruise_speed": 115.749,
        "stall_speed_clean": 77.16,
        "stall_speed_takeoff": 61.9,
        "stall_speed_landing": 61.9,
        "stall_speed_high": 82.3,
        "high_altitude": 3048.0,
        "cargo_width": 3.5,
        "cargo_height": 4,
        "cargo_length": 7.32,
        "cargo_density": 160
    },
    "outputs": {
        "general": {
            "d_fuselage": 8.832726010325398,
            "r_fuselage": 4.416363005162699,
            "l_fuselage": 75.07817108776588,
            "l_tailcone": 39.747267046464295,
            "l_nose": 13.249089015488098,
            "l_cargo_straight": 15.316351424067726,
            "LD_g": 16.090718181454434,
            "Re": 4850602117.146465,
            "Cd_water": 0.0012696487711144299,
            "hull_surface": 227.12738815886908,
            "take_off_power": 46574052.278447144,
            "take_off_thrust": null,
            "V_lof": 64.995
        },
        "design": {
            "MTOW": 2519287.8171629827,
            "total_fuel": 378683.28312183317,
            "OEW": 1251015.9962239864,
            "EW": 1250590.9962239864,
            "ZFW": 2140604.5340411495,
            "MTOM": 256808.13630611444,
            "S": 707.4318448048776,
            "b": 84.10896770290773,
            "MAC": 8.410896770290774,
            "h_b": 0.047557354575185395,
            "k": 1.853158724397906,
            "WP": 0.08993488045954721,
            "TW": null,
            "WS": 3561.1738935188127,
            "P": 28012355.209569223,
            "T": null,
            "LD": 29.818654779790293,
            "max_fuel": 416551.6114340165,
            "mission_fuel": 375458.61024408235,
            "reserve_fuel": 3224.672877750825,
            "Mff": 0.8496863754343577,
            "fuel_economy": 0.06829860920087354
        },
        "ferry": {
            "MTOW": 747162.7677668722,
            "total_fuel": 117061.91565979132,
            "OEW": 625184.4393393139,
            "EW": 625014.4393393139,
            "ZFW": 630100.8521070809,
            "MTOM": 76163.38101599105,
            "S": 209.8079987407178,
            "b": 45.80480310411975,
            "MAC": 4.580480310411975,
            "fuel_economy": 0,
            "h_b": 0.08732708643911263,
            "k": 1.5365885622344566,
            "WP": 0.08993488045954721,
            "TW": null,
            "WS": 3561.1738935188127,
            "P": 8307819.65739029,
            "T": null,
            "LD": 24.7248135157609,
            "max_fuel": 128768.10722577047,
            "mission_fuel": 115916.97843846827,
            "reserve_fuel": 1144.9372213230527,
            "Mff": 0.8433247470164136,
            "fuel_mission": 116627.08222187468,
            "fuel_reserve": 2339.5820760255447
        },
        "altitude": {
            "MTOW": 2400174.774270602,
            "OEW": 1208950.8490132904,
            "EW": 1208525.8490132904,
            "ZFW": 2098420.273787561,
            "MTOM": 244666.13397253843,
            "S": 673.9841541124458,
            "b": 82.09653793628851,
            "MAC": 8.209653793628851,
            "h_b": 0.04872312646246085,
            "k": 1.8384827661116383,
            "WP": 0.08993488045954721,
            "TW": null,
            "WS": 3561.1738935188127,
            "P": 26687918.658547644,
            "T": null,
            "LD": 29.58250807096318,
            "Mff": 0.8742781135283191,
            "total_fuel": 301754.500483041,
            "mission_fuel": 298568.1219852331,
            "reserve_fuel": 3186.378497807891,
            "max_fuel": 331929.9505313451,
            "fuel_economy": 0.13098699031066185
        },
        "max": {
            "MTOM": 256808.13630611444,
            "S": 707.4318448048776,
            "b": 84.10896770290773,
            "MAC": 8.410896770290774,
            "fuel_economy": 0.06829860920087354,
            "OEW": 1251015.9962239864,
            "total_fuel": 378683.28312183317,
            "max_fuel": 416551.6114340165,
            "mission_fuel": 375458.61024408235,
            "reserve_fuel": 3224.672877750825,
            "Mff": 0.8433247470164136,
            "LD": 29.818654779790293
        },
        "wing_design": {
            "taper_ratio": 0.4,
            "sweep_c_4": 0,
            "dihedral": 5,
            "sweep_x_c": 2.454031674527076,
            "chord_root": 12.015566814701105,
            "chord_tip": 4.8062267258804425,
            "y_MAC": 18.023350222051658,
            "X_LEMAC": 30.031268435106355,
            "X_LE": 29.25883913987557,
            "MAC": 8.925849633777963,
            "S": 707.4318448048776,
            "b": 84.10896770290773,
            "aspect_ratio": 10
        },
        "cg_range": {
            "most_aft_cg": 36.9539744821388,
            "most_aft_mission": "ALTITUDE_OEW_PAYLOAD",
            "most_forward_cg": 33.785176989494644,
            "most_forward_mission": "DESIGN_OEW"
        },
        "empennage_design": {
            "vertical_tail": {
                "S": 167.71012882202643,
                "l_v": 29.754915684357478,
                "mac": 10.731668352743815,
                "b": 15.86080682793406,
                "chord_root": 12.811186512584325,
                "chord_tip": 8.419099543382233,
                "abs_pos": 0.888799218957035,
                "sweep": 33,
                "taper": 0.6571678224426926,
                "relative_pos_fus": 0.8887992189527598,
                "MAC": 10.731668352743863
            },
            "horizontal_tail": {
                "S": 134.76295207702168,
                "l_h": 42.17024900388805,
                "mac": 6.001306854000643,
                "b": 24.62586616439303,
                "chord_root": 8.419099543382233,
                "chord_tip": 2.5257298630146696,
                "abs_pos": 1.0540257168049647,
                "sweep": 21,
                "sweep_hc4": 30,
                "taper": 0.3,
                "relative_pos_fus": 1.0540257168071576,
                "MAC": 6.001306854000668,
                "sweep_c_4": 30
            }
        }
    },
    "kinematic_viscosity": 1.006e-06,
    "rho_water": 1000,
    "viscosity_air": 1.484e-05,
    "rho_air": 1.225
}