{
    "design_id": 1,
    "aircraft_type": "PROP",
    "cruise_altitude": 4,
    "n_wings": 1,
    "design_range": 5185600,
    "design_payload": 90000,
    "design_crew": 425,
    "ferry_range": 12038000,
    "ferry_payload": 0,
    "ferry_crew": 425,
    "max_payload": 100000,
    "altitude_range_WIG": 943600,
    "altitude_range_WOG": 538000,
    "altitude_payload": 90000,
    "altitude_crew": 425,
    "cruise_speed": 115.749,
    "jet_consumption": 2.7e-05,
    "prop_consumption": 2.1e-08,
    "prop_efficiency": 0.85,
    "Cd0": 0.02,
    "oswald_factor": 0.85,
    "aspect_ratio": 12,
    "Cl_alpha": 5.0,
    "tfo": 0.001,
    "reserve_fuel": 0,
    "k": 1.812794897626506,
    "n_engines": 8,
    "CLmax_clean": 1.5,
    "CLmax_takeoff": 1.6,
    "CLmax_landing": 1.8,
    "stall_speed_clean": 77.16,
    "stall_speed_takeoff": 61.728,
    "stall_speed_landing": 51.44,
    "high_altitude": 3048.0,
    "L": 70,
    "r": 4,
    "hull_surface": 251.32741228718345,
    "design": {
        "take_off_power": 51507919.18927524,
        "take_off_thrust": null,
        "MTOM": 265905.9034346798,
        "MTOW": 2608536.912694209,
        "OEW": 1289312.3830379066,
        "ZFW": 2172212.3830379066,
        "EW": 1285143.1330379066,
        "Fuel": 436324.5296563023,
        "Fuel_used": 436324.5296563023,
        "Fuel_reserve": 0.0,
        "S": 782.5939759555251,
        "aspect_ratio": 12,
        "b": 96.90783101208231,
        "MAC": 8.075652584340192,
        "cruise_altitude": 4,
        "h_b": 0.041276333999274904,
        "k": 1.8352647784171634,
        "WP": 0.11014405566570765,
        "TW": null,
        "WS": 3333.092421384543,
        "fuel_economy": 0.11622117083990863,
        "design_payload": 90000,
        "P": 23682956.805324476,
        "T": null,
        "Fuel_max": 479956.9826219326
    },
    "ferry": {
        "take_off_power": 51507919.18927524,
        "take_off_thrust": null,
        "MTOM": 74123.39690870963,
        "MTOW": 727150.5236744415,
        "OEW": -259886.5473292359,
        "ZFW": 623013.4526707641,
        "EW": -264055.79732923594,
        "Fuel": 104137.07100367741,
        "Fuel_used": 104137.07100367741,
        "Fuel_reserve": 0.0,
        "S": 218.15691533666381,
        "aspect_ratio": 12,
        "b": 51.165251724583214,
        "MAC": 4.263770977048601,
        "cruise_altitude": 4,
        "h_b": 0.0781780576695205,
        "k": 1.4988457828068251,
        "WP": 0.11014405566570765,
        "TW": null,
        "WS": 3333.092421384543,
        "ferry_payload": 0,
        "P": 6601813.591115414,
        "T": null,
        "Fuel_max": 114550.77810404517
    },
    "altitude": {
        "take_off_power": 51507919.18927524,
        "take_off_thrust": null,
        "MTOM": 247105.43394779725,
        "MTOW": 2424104.3070278913,
        "OEW": 1223994.993373831,
        "ZFW": 2106894.993373831,
        "EW": 1219825.743373831,
        "Fuel": 317209.31365406024,
        "Fuel_used": 317209.31365406024,
        "Fuel_reserve": 0.0,
        "S": 727.2722528154217,
        "aspect_ratio": 12,
        "b": 93.41984282680559,
        "MAC": 7.784986902233799,
        "cruise_altitude": 4,
        "h_b": 0.04281745589548619,
        "k": 1.812794897626506,
        "WP": 0.11014405566570765,
        "TW": null,
        "WS": 3333.092421384543,
        "fuel_economy": 0.29572605629423543,
        "altitude_payload": 90000,
        "P": 22008489.630935337,
        "T": null,
        "Fuel_max": 348930.24501946627
    },
    "gravitational_acceleration": 9.81,
    "kinematic_viscosity": 1.002e-06,
    "rho_water": 1000.0
}