{
    "design_id": 1,
    "aircraft_type": "PROP",
    "cruise_altitude": 4,
    "n_wings": 1,
    "design_range": 3704000,
    "design_payload": 90000,
    "design_crew": 425,
    "ferry_range": 12038000,
    "ferry_payload": 0,
    "ferry_crew": 425,
    "max_payload": 100000,
    "altitude_range_WIG": 943600,
    "altitude_range_WOG": 538000,
    "altitude_payload": 90000,
    "altitude_crew": 425,
    "cruise_speed": 115.749,
    "jet_consumption": 2.7e-05,
    "prop_consumption": 2.1e-08,
    "prop_efficiency": 0.85,
    "Cd0": 0.02,
    "oswald_factor": 0.85,
    "aspect_ratio": 12,
    "Cl_alpha": 5.0,
    "tfo": 0.001,
    "reserve_fuel": 0,
    "k": 1.805981776609489,
    "n_engines": 8,
    "CLmax_clean": 1.5,
    "CLmax_takeoff": 1.6,
    "CLmax_landing": 1.8,
    "stall_speed_clean": 77.16,
    "stall_speed_takeoff": 61.728,
    "stall_speed_landing": 51.44,
    "high_altitude": 3048.0,
    "L": 70,
    "r": 4,
    "hull_surface": 251.32741228718345,
    "design": {
        "take_off_power": 51507919.18927524,
        "take_off_thrust": null,
        "MTOM": 251439.93141806163,
        "MTOW": 2466625.727211185,
        "OEW": 1239054.0885980616,
        "ZFW": 2121954.0885980614,
        "EW": 1234884.8385980616,
        "Fuel": 344671.6386131232,
        "Fuel_used": 344671.6386131232,
        "Fuel_reserve": 0.0,
        "S": 740.0352641971986,
        "aspect_ratio": 12,
        "b": 94.23599721107844,
        "MAC": 7.8529997675898695,
        "cruise_altitude": 4,
        "h_b": 0.0424466246273219,
        "k": 1.8180898140940167,
        "WP": 0.11014405566570765,
        "TW": null,
        "WS": 3333.092421384543,
        "fuel_economy": 0.1285313892323996,
        "design_payload": 90000,
        "P": 22394542.422675166,
        "T": null,
        "Fuel_max": 379138.8024744356
    },
    "ferry": {
        "take_off_power": 51507919.18927524,
        "take_off_thrust": null,
        "MTOM": 73301.04448931765,
        "MTOW": 719083.2464402062,
        "OEW": -262743.59903510415,
        "ZFW": 620156.4009648958,
        "EW": -266912.84903510415,
        "Fuel": 98926.84547531031,
        "Fuel_used": 98926.84547531031,
        "Fuel_reserve": 0.0,
        "S": 215.73678453807202,
        "aspect_ratio": 12,
        "b": 50.880658549756056,
        "MAC": 4.240054879146339,
        "cruise_altitude": 4,
        "h_b": 0.07861533466765984,
        "k": 1.4963920352370714,
        "WP": 0.11014405566570765,
        "TW": null,
        "WS": 3333.092421384543,
        "ferry_payload": 0,
        "P": 6528570.625932437,
        "T": null,
        "Fuel_max": 108819.53002284135
    },
    "altitude": {
        "take_off_power": 51507919.18927524,
        "take_off_thrust": null,
        "MTOM": 241608.26130917753,
        "MTOW": 2370177.0434430316,
        "OEW": 1204896.482693662,
        "ZFW": 2087796.482693662,
        "EW": 1200727.232693662,
        "Fuel": 282380.56074936973,
        "Fuel_used": 282380.56074936973,
        "Fuel_reserve": 0.0,
        "S": 711.093441920999,
        "aspect_ratio": 12,
        "b": 92.37489541564845,
        "MAC": 7.697907951304036,
        "cruise_altitude": 4,
        "h_b": 0.04330180815904224,
        "k": 1.805981776609489,
        "WP": 0.11014405566570765,
        "TW": null,
        "WS": 3333.092421384543,
        "fuel_economy": 0.2632561088532118,
        "altitude_payload": 90000,
        "P": 21518882.967562314,
        "T": null,
        "Fuel_max": 310618.6168243067
    },
    "gravitational_acceleration": 9.81,
    "kinematic_viscosity": 1.002e-06,
    "rho_water": 1000.0
}