{
    "design_id": 1,
    "inputs": {
        "cruise_altitude": 4,
        "aircraft_type": "PROP",
        "wing_type": "LOW",
        "tail_type": "T_TAIL",
        "n_wings": 1,
        "n_fuselages": 1,
        "depth": 0.1,
        "jet_consumption": 2.7e-05,
        "prop_consumption": 2.1e-08,
        "prop_efficiency": 0.85,
        "Cd0": 0.025066871173892752,
        "oswald_factor": 0.85,
        "aspect_ratio": 6,
        "aspect_h": 4.5,
        "aspect_v": 1.5,
        "sweep_h": 21,
        "sweep_hc4": 30,
        "sweep_vc4": 20,
        "taper_h": 0.3,
        "sweep_v": 33,
        "taper_v": 0.29,
        "tfo": 0.001,
        "n_engines": 6.0,
        "CLmax_clean": 1.5,
        "CLmax_takeoff": 1.7,
        "CLmax_landing": 1.7,
        "CL_hydro": 0.5,
        "r_float": 4.416363005162699,
        "upsweep": 11,
        "xcg_OEW": 0.4,
        "V_h": 0.9,
        "V_v": 0.083867,
        "h_position": 0.9964091409923439,
        "v_position": 0.9161535827724455,
        "xc_OEW": 0.2,
        "xc_wing": 0.4,
        "xc_fuselage": 0.4,
        "mf_wing": 0.08,
        "mf_fuselage": 0.08,
        "engine_power": 8202000
    },
    "requirements": {
        "design_range": 3704000,
        "design_payload": 90000,
        "design_crew": 425,
        "ferry_range": 12038000,
        "ferry_payload": 0,
        "reserve_range": 185200,
        "ferry_crew": 170,
        "altitude_range_WIG": 943600,
        "altitude_range_WOG": 538000,
        "altitude_payload": 90000,
        "altitude_crew": 425,
        "cruise_speed": 115.749,
        "stall_speed_clean": 77.16,
        "stall_speed_takeoff": 61.9,
        "stall_speed_landing": 61.9,
        "stall_speed_high": 82.3,
        "high_altitude": 3048.0,
        "cargo_width": 3.5,
        "cargo_height": 4,
        "cargo_length": 7.32,
        "cargo_density": 160
    },
    "outputs": {
        "general": {
            "d_fuselage": 8.832726010325398,
            "r_fuselage": 4.416363005162699,
            "l_fuselage": 75.07817108776588,
            "l_tailcone": 39.747267046464295,
            "l_nose": 13.249089015488098,
            "l_cargo_straight": 15.316351424067726,
            "LD_g": 12.640957296421174,
            "Re": 4850602117.146465,
            "Cd_water": 0.0012696487711144299,
            "hull_surface": 227.12738815886908,
            "take_off_power": 46574052.278447144,
            "take_off_thrust": null,
            "V_lof": 64.995,
            "xcg_payload": 0.44404883931977346
        },
        "design": {
            "MTOW": 2614860.30907477,
            "total_fuel": 440408.47524183,
            "OEW": 1284767.7235238652,
            "EW": 1284342.7235238652,
            "ZFW": 2174451.83383294,
            "MTOM": 266550.4902216891,
            "S": 734.2241266619922,
            "b": 66.37277122413944,
            "MAC": 11.062128537356575,
            "h_b": 0.06026567711768557,
            "k": 1.7484798407543019,
            "WP": 0.07846776979242064,
            "TW": null,
            "WS": 3561.1738935188127,
            "P": 33324004.44146872,
            "T": null,
            "LD": 22.102459014929575,
            "max_fuel": 484449.32276601304,
            "mission_fuel": 435988.0849462934,
            "reserve_fuel": 4420.390295536607,
            "Mff": 0.8315747599543235,
            "fuel_economy": 0.07930935399410906
        },
        "ferry": {
            "MTOW": 800392.1520933066,
            "total_fuel": 151439.94544906265,
            "OEW": 643982.5644921507,
            "EW": 643812.5644921507,
            "ZFW": 648952.206644244,
            "MTOM": 81589.41407678966,
            "S": 224.75681067923395,
            "b": 36.72248444856916,
            "MAC": 6.120414074761526,
            "fuel_economy": 0,
            "h_b": 0.10892509208090506,
            "k": 1.4724740951512014,
            "WP": 0.07846776972786536,
            "TW": null,
            "WS": 3561.1738935188127,
            "P": 10200266.362471528,
            "T": null,
            "LD": 18.613482156892747,
            "max_fuel": 166583.93999396893,
            "mission_fuel": 149873.1251289199,
            "reserve_fuel": 1566.8203201427532,
            "Mff": 0.8107928156804212,
            "fuel_mission": 116627.08222187468,
            "fuel_reserve": 2339.5820760255447
        },
        "altitude": {
            "MTOW": 2442704.1370801367,
            "OEW": 1223970.2277808746,
            "EW": 1223545.2277808746,
            "ZFW": 2113482.181917955,
            "MTOM": 249001.44108869895,
            "S": 685.9237126775357,
            "b": 64.15249236050938,
            "MAC": 10.692082060084896,
            "h_b": 0.062351435662417014,
            "k": 1.7299842002262908,
            "WP": 0.07846776972786536,
            "TW": null,
            "WS": 3561.1738935188127,
            "P": 31130031.419928163,
            "T": null,
            "LD": 21.86865639854388,
            "Mff": 0.865222336932006,
            "total_fuel": 329221.9551621817,
            "mission_fuel": 324879.52717816725,
            "reserve_fuel": 4342.4279840144445,
            "max_fuel": 362144.1506783999,
            "fuel_economy": 0.14253025807197103
        },
        "max": {
            "MTOM": 266550.4902216891,
            "S": 734.2241266619922,
            "b": 66.37277122413944,
            "MAC": 11.062128537356575,
            "fuel_economy": 0.07930935399410906,
            "OEW": 1284767.7235238652,
            "total_fuel": 440408.47524183,
            "max_fuel": 484449.32276601304,
            "mission_fuel": 435988.0849462934,
            "reserve_fuel": 4420.390295536607,
            "Mff": 0.8107928156804212,
            "LD": 22.102459014929575,
            "MTOW": 2614860.30907477
        },
        "wing_design": {
            "taper_ratio": 0.4,
            "sweep_c_4": 0,
            "dihedral": 5,
            "sweep_x_c": 4.085616779974877,
            "chord_root": 15.810827688611553,
            "chord_tip": 6.324331075444622,
            "y_MAC": 14.229744919750399,
            "X_LEMAC": 30.031268435106355,
            "X_LE": 29.014858083695614,
            "MAC": 11.745186282968582,
            "S": 734.9478802649592,
            "b": 66.40547629216852,
            "aspect_ratio": 6
        },
        "cg_range": {
            "most_aft_cg": 32.14467002370283,
            "most_aft_mission": "DESIGN_OEW_PAYLOAD_FUEL",
            "most_forward_cg": 30.031268435106355,
            "most_forward_mission": "DESIGN_OEW"
        },
        "empennage_design": {
            "vertical_tail": {
                "S": 111.71571535148135,
                "l_v": 36.63846540635652,
                "mac": 10.731668352743815,
                "b": 12.945021167507685,
                "chord_root": 10.1529577784374,
                "chord_tip": 7.10707044490618,
                "sweep": 33,
                "taper": 0.7,
                "relative_pos_fus": 0.9161535827724455,
                "MAC": 8.719599033246238,
                "aspect_ratio": 1.5,
                "LE_pos": 64.62521330932849
            },
            "horizontal_tail": {
                "S": 182.09513674706452,
                "l_h": 42.6639059371342,
                "mac": 6.001306854000643,
                "b": 28.62565484599069,
                "chord_root": 9.786548665295962,
                "chord_tip": 2.9359645995887886,
                "sweep": 21,
                "sweep_hc4": 30,
                "taper": 0.3,
                "relative_pos_fus": 0.9964091409923439,
                "MAC": 6.976052638339173,
                "sweep_c_4": 30,
                "aspect_ratio": 4.5,
                "tail_height": 21.777747177833085,
                "LE_pos": 70.81054036541366
            }
        }
    },
    "kinematic_viscosity": 1.006e-06,
    "rho_water": 1000,
    "viscosity_air": 1.484e-05,
    "rho_air": 1.225
}