{
    "design_id": 1,
    "inputs": {
        "cruise_altitude": 4,
        "aircraft_type": "PROP",
        "wing_type": "LOW",
        "tail_type": "T_TAIL",
        "n_wings": 1,
        "n_fuselages": 1,
        "depth": 0.1,
        "jet_consumption": 2.7e-05,
        "prop_consumption": 2.1e-08,
        "prop_efficiency": 0.85,
        "Cd0": 0.025062276409064742,
        "oswald_factor": 0.85,
        "aspect_ratio": 6,
        "aspect_h": 4.5,
        "aspect_v": 1.5,
        "sweep_h": 21,
        "sweep_hc4": 30,
        "sweep_vc4": 20,
        "taper_h": 0.3,
        "sweep_v": 33,
        "taper_v": 0.29,
        "tfo": 0.001,
        "n_engines": 6.0,
        "CLmax_clean": 1.5,
        "CLmax_takeoff": 1.7,
        "CLmax_landing": 1.7,
        "CL_hydro": 0.5,
        "r_float": 4.416363005162699,
        "upsweep": 11,
        "xcg_OEW": 0.4,
        "V_h": 0.9,
        "V_v": 0.083867,
        "h_position": 0.9964089298547795,
        "v_position": 0.9161952135079059,
        "xc_OEW": 0.2,
        "xc_wing": 0.4,
        "xc_fuselage": 0.4,
        "mf_wing": 0.08,
        "mf_fuselage": 0.08,
        "engine_power": 8202000
    },
    "requirements": {
        "design_range": 3704000,
        "design_payload": 90000,
        "design_crew": 425,
        "ferry_range": 12038000,
        "ferry_payload": 0,
        "reserve_range": 185200,
        "ferry_crew": 170,
        "altitude_range_WIG": 943600,
        "altitude_range_WOG": 538000,
        "altitude_payload": 90000,
        "altitude_crew": 425,
        "cruise_speed": 115.749,
        "stall_speed_clean": 77.16,
        "stall_speed_takeoff": 61.9,
        "stall_speed_landing": 61.9,
        "stall_speed_high": 82.3,
        "high_altitude": 3048.0,
        "cargo_width": 3.5,
        "cargo_height": 4,
        "cargo_length": 7.32,
        "cargo_density": 160
    },
    "outputs": {
        "general": {
            "d_fuselage": 8.832726010325398,
            "r_fuselage": 4.416363005162699,
            "l_fuselage": 75.07817108776588,
            "l_tailcone": 39.747267046464295,
            "l_nose": 13.249089015488098,
            "l_cargo_straight": 15.316351424067726,
            "LD_g": 12.642116001304236,
            "Re": 4850602117.146465,
            "Cd_water": 0.0012696487711144299,
            "hull_surface": 227.12738815886908,
            "take_off_power": 46574052.278447144,
            "take_off_thrust": null,
            "V_lof": 64.995,
            "xcg_payload": 0.44404883931977346
        },
        "design": {
            "MTOW": 2614832.3862051237,
            "total_fuel": 440390.4413446387,
            "OEW": 1284757.8624742797,
            "EW": 1284332.8624742797,
            "ZFW": 2174441.944860485,
            "MTOM": 266547.6438537333,
            "S": 734.2163347096433,
            "b": 66.37241903274175,
            "MAC": 11.062069838790293,
            "h_b": 0.060265996904931035,
            "k": 1.74844832649473,
            "WP": 0.07847691475444901,
            "TW": null,
            "WS": 3561.1738935188127,
            "P": 33319765.365226515,
            "T": null,
            "LD": 22.10408656583271,
            "max_fuel": 484429.4854791026,
            "mission_fuel": 435970.3969599917,
            "reserve_fuel": 4420.044384646986,
            "Mff": 0.8315798581706523,
            "fuel_economy": 0.07930613642276828
        },
        "ferry": {
            "MTOW": 800375.7335190318,
            "total_fuel": 151429.34156471078,
            "OEW": 643976.766220802,
            "EW": 643806.766220802,
            "ZFW": 648946.391954321,
            "MTOM": 81587.74041988091,
            "S": 224.75219825238008,
            "b": 36.72210763987111,
            "MAC": 6.120351273311853,
            "fuel_economy": 0,
            "h_b": 0.10892620977062305,
            "k": 1.472446021182254,
            "WP": 0.07847691475444869,
            "TW": null,
            "WS": 3561.1738935188127,
            "P": 10198868.495574491,
            "T": null,
            "LD": 18.61483340544493,
            "max_fuel": 166572.27572118185,
            "mission_fuel": 149862.6491549279,
            "reserve_fuel": 1566.6924097828742,
            "Mff": 0.8108021829960815,
            "fuel_mission": 116627.08222187468,
            "fuel_reserve": 2339.5820760255447
        },
        "altitude": {
            "MTOW": 2442689.2559477207,
            "OEW": 1223964.972461973,
            "EW": 1223539.972461973,
            "ZFW": 2113476.9117179206,
            "MTOM": 248999.9241536922,
            "S": 685.9195371431534,
            "b": 64.15229709728968,
            "MAC": 10.692049516214944,
            "h_b": 0.062351625444274125,
            "k": 1.7299542600394382,
            "WP": 0.07847691475444869,
            "TW": null,
            "WS": 3561.1738935188127,
            "P": 31126214.168724693,
            "T": null,
            "LD": 21.870282432369013,
            "Mff": 0.8652254504218256,
            "total_fuel": 329212.3442297999,
            "mission_fuel": 324870.25025994086,
            "reserve_fuel": 4342.093969859066,
            "max_fuel": 362133.57865278,
            "fuel_economy": 0.14252618812776613
        },
        "max": {
            "MTOM": 266547.6438537333,
            "S": 734.2163347096433,
            "b": 66.37241903274175,
            "MAC": 11.062069838790293,
            "fuel_economy": 0.07930613642276828,
            "OEW": 1284757.8624742797,
            "total_fuel": 440390.4413446387,
            "max_fuel": 484429.4854791026,
            "mission_fuel": 435970.3969599917,
            "reserve_fuel": 4420.044384646986,
            "Mff": 0.8108021829960815,
            "LD": 22.10408656583271,
            "MTOW": 2614832.3862051237
        },
        "wing_design": {
            "taper_ratio": 0.4,
            "sweep_c_4": 0,
            "dihedral": 5,
            "sweep_x_c": 4.085616779974877,
            "chord_root": 15.802956912557633,
            "chord_tip": 6.321182765023053,
            "y_MAC": 14.22266122130187,
            "X_LEMAC": 30.031268435106355,
            "X_LE": 29.015364062156223,
            "MAC": 11.739339420757098,
            "S": 734.2163347096498,
            "b": 66.37241903274204,
            "aspect_ratio": 6
        },
        "cg_range": {
            "most_aft_cg": 32.14252640406143,
            "most_aft_mission": "DESIGN_OEW_PAYLOAD_FUEL",
            "most_forward_cg": 30.031268435106355,
            "most_forward_mission": "DESIGN_OEW"
        },
        "empennage_design": {
            "vertical_tail": {
                "S": 111.59925796550492,
                "l_v": 36.621952078083794,
                "mac": 10.731668352743815,
                "b": 12.938272177855023,
                "chord_root": 10.147664453219626,
                "chord_tip": 7.1033651172537375,
                "sweep": 33,
                "taper": 0.7,
                "relative_pos_fus": 0.9161952133705713,
                "MAC": 8.715053001000385,
                "aspect_ratio": 1.5,
                "LE_pos": 64.63050663454626,
                "relative_pos_mac/4": 0.9161952135079059
            },
            "horizontal_tail": {
                "S": 181.81378783090412,
                "l_h": 42.66614417875377,
                "mac": 6.001306854000643,
                "b": 28.603532041324346,
                "chord_root": 9.77898531327328,
                "chord_tip": 2.9336955939819838,
                "sweep": 21,
                "sweep_hc4": 30,
                "taper": 0.3,
                "relative_pos_fus": 0.9964089298554759,
                "MAC": 6.970661325871722,
                "sweep_c_4": 30,
                "aspect_ratio": 4.5,
                "tail_height": 21.77099818818042,
                "LE_pos": 70.81361432100383,
                "relative_pos_mac/4": 0.9964089298547795
            }
        }
    },
    "kinematic_viscosity": 1.006e-06,