{
    "design_id": 4,
    "requirements": {
        "design_range": 3704000,
        "design_payload": 90000,
        "design_crew": 425,
        "ferry_range": 12038000,
        "ferry_payload": 0,
        "ferry_crew": 425,
        "altitude_range_WIG": 943600,
        "altitude_range_WOG": 538000,
        "altitude_payload": 90000,
        "altitude_crew": 425,
        "cruise_speed": 115.749,
        "stall_speed_clean": 77.16,
        "stall_speed_takeoff": 61.728,
        "stall_speed_landing": 51.44,
        "high_altitude": 3048.0,
        "cargo_width": 3.5,
        "cargo_height": 4,
        "cargo_length": 7.32,
        "cargo_density": 160
    },
    "inputs": {
        "cruise_altitude": 5,
        "aircraft_type": "PROP",
        "n_wings": 2,
        "n_fuselages": 1,
        "depth": 0.05,
        "jet_consumption": 2.7e-05,
        "prop_consumption": 2.18e-08,
        "prop_efficiency": 0.82,
        "Cd0": 0.023484175557793377,
        "oswald_factor": 0.85,
        "aspect_ratio": 6,
        "Cl_alpha": 5.0,
        "tfo": 0.001,
        "reserve_fuel": 0,
        "n_engines": 8,
        "CLmax_clean": 1.5,
        "CLmax_takeoff": 1.6,
        "CLmax_landing": 1.8,
        "r_float": 1.5,
        "k": 1.3797606191884773,
        "upsweep": 11
    },
    "outputs": {
        "general": {
            "d_fuselage": 8.832726010325398,
            "r_fuselage": 4.416363005162699,
            "l_fuselage": 75.07817108776588,
            "l_tailcone": 39.747267046464295,
            "l_nose": 13.249089015488098,
            "L": 128.07452714971828
        },
        "design": {
            "take_off_power": 21365710.513412848,
            "take_off_thrust": null,
            "MTOM": 284023.3236710955,
            "MTOW": 2786268.8052134467,
            "OEW": 1345301.1751774512,
            "ZFW": 2235156.6939826645,
            "EW": 1344876.1751774512,
            "Fuel": 551112.111230782,
            "Fuel_used": 551112.111230782,
            "Fuel_reserve": 0.0,
            "S": 836.0258657377499,
            "b": 50.08071082975211,
            "MAC": 16.693570276584033,
            "h_b": 0.09983883849007959,
            "k": 1.3984826071684175,
            "WP": 0.07745536694056192,
            "TW": null,
            "WS": 3332.77241396741,
            "fuel_economy": 0.2055150390798534,
            "design_payload": 90000,
            "P": 35972572.53137265,
            "T": null,
            "Re": 4844908742.514971,
            "Cd": 0.0012698173027415375,
            "hull_surface": 101.34572461062017,
            "stall_speed_clean": 77.16,
            "LD": 13.059975721072268,
            "V_lof": 64.8144
        },
        "ferry": {
            "take_off_power": 21365710.513412848,
            "take_off_thrust": null,
            "MTOM": 88577.55516558026,
            "MTOW": 868945.8161743424,
            "OEW": 668192.5074285159,
            "ZFW": 673230.7032446904,
            "EW": 667767.5074285159,
            "Fuel": 195715.112929652,
            "Fuel_used": 195715.112929652,
            "Fuel_reserve": 0.0,
            "S": 260.70922334309546,
            "b": 27.966545550519577,
            "MAC": 9.322181850173193,
            "h_b": 0.17878504125466105,
            "k": 1.2147990897431327,
            "WP": 0.07745536694056192,
            "TW": null,
            "WS": 3332.77241396741,
            "ferry_payload": 0,
            "P": 11218665.026029227,
            "T": null,
            "Re": 4844908742.514971,
            "Cd": 0.0012698173027415375,
            "hull_surface": 101.34572461062017,
            "stall_speed_clean": 77.16,
            "LD": 13.059975721072268,
            "V_lof": 64.8144
        },
        "altitude": {
            "take_off_power": 21365710.513412848,
            "take_off_thrust": null,
            "MTOM": 257038.5304695364,
            "MTOW": 2521547.983906152,
            "OEW": 1251814.1812460753,
            "ZFW": 2141404.979229982,
            "EW": 1251389.1812460753,
            "Fuel": 380143.0046761704,
            "Fuel_used": 380143.0046761704,
            "Fuel_reserve": 0.0,
            "S": 756.5613152122402,
            "b": 47.64120008602555,
            "MAC": 15.880400028675181,
            "cruise_altitude": 5,
            "h_b": 0.10495117652308333,
            "k": 1.3797606191884773,
            "WP": 0.07745536694056192,
            "TW": null,
            "WS": 3332.77241396741,
            "fuel_economy": 0.3543975121844158,
            "altitude_payload": 90000,
            "P": 32554851.697251014,
            "T": null,
            "Re": 4844908742.514971,
            "Cd": 0.0012698173027415375,
            "hull_surface": 101.34572461062017,
            "stall_speed_clean": 77.16,
            "LD": 13.059975721072268,
            "V_lof": 64.8144
        },
        "max": {
            "MTOM": 284023.3236710955,
            "S": 836.0258657377499,
            "b": 50.08071082975211,
            "MAC": 16.693570276584033,
            "fuel_economy": 0.2055150390798534
        }
    },
    "gravitational_acceleration": 9.81,
    "kinematic_viscosity": 1.002e-06,
    "rho_water": 1000.0,
    "V_lof": 64.8144,
    "LD": 13.059975721072268
}