{
    "aircraft_type": "PROP",
    "cruise_altitude": 7,
    "design_range": 3704000,
    "design_payload": 90000,
    "design_crew": 425,
    "ferry_range": 12038000,
    "ferry_payload": 0,
    "ferry_crew": 425,
    "altitude_range_WIG": 943600,
    "altitude_range_WOG": 538000,
    "altitude_payload": 90000,
    "altitude_crew": 425,
    "cruise_speed": 115.749,
    "jet_consumption": 1.9e-05,
    "prop_consumption": 2.18e-08,
    "prop_efficiency": 0.82,
    "Cd0": 0.02,
    "oswald_factor": 0.85,
    "aspect_ratio": 10,
    "Cl_alpha": 5.0,
    "tfo": 0.001,
    "reserve_fuel": 0,
    "k": 1.480607864631891,
    "n_engines": 8,
    "CLmax_clean": 1.5,
    "CLmax_takeoff": 1.6,
    "CLmax_landing": 1.8,
    "stall_speed_clean": 77.16,
    "stall_speed_takeoff": 61.728,
    "stall_speed_landing": 51.44,
    "high_altitude": 3048.0,
    "L": 70,
    "r": 4,
    "design": {
        "take_off_power": 53392355.25717556,
        "take_off_thrust": null,
        "MTOM": 266984.70317726774,
        "MTOW": 2619119.938168997,
        "OEW": 1286272.0249887654,
        "ZFW": 2175960.394926934,
        "EW": 1285847.0249887654,
        "Fuel": 443159.54324206273,
        "Fuel_used": 443159.54324206273,
        "Fuel_reserve": 0.0,
        "S": 786.0024090497524,
        "aspect_ratio": 10,
        "b": 88.65677690113444,
        "MAC": 8.865677690113444,
        "cruise_altitude": 7,
        "h_b": 0.07895617509089065,
        "k": 1.49449429421639,
        "WP": 0.1013906496250647,
        "TW": null,
        "WS": 3332.132469647425,
        "fuel_economy": 0.11111980321650457,
        "design_payload": 90000
    },
    "ferry": {
        "take_off_power": 53392355.25717556,
        "take_off_thrust": null,
        "MTOM": 79127.62169690196,
        "MTOW": 776241.9688466083,
        "OEW": 635453.8510215747,
        "ZFW": 640399.3429904212,
        "EW": 635028.8510215747,
        "Fuel": 135842.62585618708,
        "Fuel_used": 135842.62585618708,
        "Fuel_reserve": 0.0,
        "S": 232.9501625293693,
        "aspect_ratio": 10,
        "b": 48.26491091148613,
        "MAC": 4.826491091148613,
        "cruise_altitude": 7,
        "h_b": 0.14503290004693933,
        "k": 1.2722596143144411,
        "WP": 0.10048685667711828,
        "TW": null,
        "WS": 3332.132469647425,
        "fuel_economy": 0.010480549766046794,
        "ferry_payload": 0
    },
    "altitude": {
        "take_off_power": 53392355.25717556,
        "take_off_thrust": null,
        "MTOM": 250438.6754663036,
        "MTOW": 2456803.4063244383,
        "OEW": 1228949.4292345792,
        "ZFW": 2118475.4826409034,
        "EW": 1228524.4292345792,
        "Fuel": 338327.92368353484,
        "Fuel_used": 338327.92368353484,
        "Fuel_reserve": 0.0,
        "S": 737.2898325746008,
        "aspect_ratio": 10,
        "b": 85.86558289411427,
        "MAC": 8.586558289411427,
        "cruise_altitude": 7,
        "h_b": 0.08152276807614639,
        "k": 1.480607864631891,
        "WP": 0.1013906496250647,
        "TW": null,
        "WS": 3332.132469647425,
        "fuel_economy": 0.2120846367615503,
        "altitude_payload": 90000
    },
    "hull_surface": 251.32741228718345,
    "kinematic_viscosity": 1.002e-06,
    "rho_water": 1000.0,
    "MTOW": 2456803.4063244383,
    "fuel_used": 338327.92368353484,
    "fuel_res": 0.0,
    "fuel": 338327.92368353484,
    "OEW": 1228949.4292345792,
    "ZFW": 2118475.4826409034,
    "EW": 1228524.4292345792,
    "MTOM": 250438.6754663036,
    "TW": 0.13610126506754436,
    "WP": 0.12121896352293766,
    "WS": 3400.1351731096174
}