{
    "design_id": 4,
    "inputs": {
        "cruise_altitude": 4,
        "aircraft_type": "PROP",
        "wing_type": "LOW",
        "n_wings": 2,
        "n_fuselages": 1,
        "depth": 0.05,
        "jet_consumption": 2.7e-05,
        "prop_consumption": 2.1e-08,
        "prop_efficiency": 0.85,
        "Cd0": 0.023484175557793377,
        "oswald_factor": 0.85,
        "aspect_ratio": 6,
        "Cl_alpha": 5.0,
        "tfo": 0.001,
        "reserve_fuel": 0,
        "n_engines": 8,
        "CLmax_clean": 1.5,
        "CLmax_takeoff": 1.7,
        "CLmax_landing": 1.7,
        "r_float": 1.5,
        "upsweep": 11,
        "xcg_OEW": 0.45,
        "xcg_payload": 0.55
    },
    "requirements": {
        "design_range": 3704000,
        "design_payload": 90000,
        "design_crew": 425,
        "ferry_range": 12038000,
        "reserve_range": 185200,
        "ferry_payload": 0,
        "ferry_crew": 425,
        "altitude_range_WIG": 943600,
        "altitude_range_WOG": 538000,
        "altitude_payload": 90000,
        "altitude_crew": 425,
        "cruise_speed": 115.749,
        "stall_speed_clean": 77.16,
        "stall_speed_takeoff": 61.9,
        "stall_speed_landing": 61.9,
        "stall_speed_high": 82.3,
        "high_altitude": 3048.0,
        "cargo_width": 3.5,
        "cargo_height": 4,
        "cargo_length": 7.32,
        "cargo_density": 160
    },
    "outputs": {
        "general": {
            "d_fuselage": 8.832726010325398,
            "r_fuselage": 4.416363005162699,
            "l_fuselage": 75.07817108776588,
            "l_tailcone": 39.747267046464295,
            "l_nose": 13.249089015488098,
            "l_cargo_straight": 15.316351424067726,
            "Re": 4850602117.146465,
            "Cd": 0.0012696487711144299,
            "hull_surface": 101.58680442362811,
            "take_off_power": 20831081.52820842,
            "take_off_thrust": null,
            "V_lof": 64.995,
            "LD_g": 13.059975721072268
        },
        "design": {
            "MTOW": 2674226.592120333,
            "total_fuel": 478750.0016908801,
            "OEW": 1305733.113837333,
            "EW": 1305308.113837333,
            "ZFW": 2195476.590429453,
            "MTOM": 272602.09909483517,
            "S": 750.9396261124369,
            "b": 47.46386918843965,
            "MAC": 15.821289729479883,
            "fuel_economy": 0.17042333093570797,
            "h_b": 0.08427462970031621,
            "k": 1.4664671380756322,
            "WP": 0.08174918027359299,
            "TW": null,
            "WS": 3561.1738935188127,
            "P": 32712579.908084713,
            "T": null,
            "LD": 19.15202521901809,
            "max_fuel": 526625.0018599682,
            "mission_fuel": 468434.9193560873,
            "reserve_fuel": 10315.082334792824,
            "fuel_mission": 468434.9193560873,
            "fuel_reserve": 10315.082334792824
        },
        "ferry": {
            "MTOW": 830841.6663704317,
            "total_fuel": 171105.66809706908,
            "OEW": 654735.9066069922,
            "EW": 654310.9066069922,
            "ZFW": 659735.9982733626,
            "MTOM": 84693.3400989227,
            "S": 233.30555912546527,
            "b": 26.455938414208553,
            "MAC": 8.818646138069518,
            "fuel_economy": 0,
            "h_b": 0.1511947880046372,
            "k": 1.2601011070908228,
            "WP": 0.08174918027359299,
            "TW": null,
            "WS": 3561.1738935188127,
            "P": 10163302.721688747,
            "T": null,
            "LD": 16.456889864702433,
            "max_fuel": 188216.234906776,
            "mission_fuel": 167496.99248712097,
            "reserve_fuel": 3608.6756099481136,
            "fuel_mission": 167496.99248712097,
            "fuel_reserve": 3608.6756099481136
        },
        "altitude": {
            "MTOW": 2454816.6369245504,
            "total_fuel": 337044.77494007215,
            "OEW": 1228247.795347554,
            "EW": 1227822.795347554,
            "ZFW": 2117771.8619844783,
            "MTOM": 250236.1505529613,
            "S": 689.327932396734,
            "b": 45.47508985356931,
            "MAC": 15.158363284523102,
            "fuel_economy": 0.2868965438325269,
            "h_b": 0.08796024401227308,
            "k": 1.4486376745429397,
            "WP": 0.08174918027359299,
            "TW": null,
            "WS": 3561.1738935188127,
            "P": 30028639.170557126,
            "T": null,
            "LD": 18.91917285816138,
            "max_fuel": 370749.2524340794,
            "mission_fuel": 326972.02253817796,
            "reserve_fuel": 10072.752401894191,
            "fuel_mission": 326972.02253817796,
            "fuel_reserve": 10072.752401894191
        },
        "max": {
            "MTOM": 272602.09909483517,
            "S": 750.9396261124369,
            "b": 47.46386918843965,
            "MAC": 15.821289729479883,
            "fuel_economy": 0.17042333093570797,
            "OEW": 1305733.113837333,
            "total_fuel": 478750.0016908801,
            "max_fuel": 526625.0018599682,
            "mission_fuel": 468434.9193560873,
            "reserve_fuel": 10315.082334792824
        },
        "wing_design": {
            "taper_ratio": 0.4,
            "sweep_c_4": 0,
            "dihedral": 5,
            "sweep_x_c": 4.085616779974877,
            "chord_root": 22.601842470685547,
            "chord_tip": 9.040736988274219,
            "y_MAC": 10.170829111808498,
            "X_LEMAC": 21.056440000000002,
            "X_LE": 20.329952206299396,
            "MAC": 16.78994012108069,
            "S": 750.9396261124369,
            "b": 47.46386918843965,
            "aspect_ratio": 6
        },
        "cg_range": {
            "most_aft_cg": 36.92501008879104,
            "most_aft_mission": "ALTITUDE_OEW_PAYLOAD",
            "most_forward_cg": 32.400443430904836,
            "most_forward_mission": "DESIGN_OEW_FUEL"
        },
        "empennage_design": {
            "S_h": 1014.4133692591995,
            "S_v": 227.14065358989833
        }
    },
    "kinematic_viscosity": 1.006e-06,
    "rho_water": 1000
}