{
    "design_id": 1,
    "inputs": {
        "cruise_altitude": 4,
        "aircraft_type": "PROP",
        "wing_type": "LOW",
        "tail_type": "T_TAIL",
        "n_wings": 1,
        "n_fuselages": 1,
        "depth": 0.1,
        "jet_consumption": 2.7e-05,
        "prop_consumption": 2.1e-08,
        "prop_efficiency": 0.85,
        "Cd0": 0.026213944604381586,
        "oswald_factor": 0.85,
        "aspect_ratio": 10,
        "aspect_h": 4.5,
        "aspect_v": 1.5,
        "sweep_h": 21,
        "sweep_hc4": 30,
        "taper_h": 0.3,
        "sweep_v": 33,
        "taper_v": 0.29,
        "tfo": 0.001,
        "n_engines": 6.0,
        "CLmax_clean": 1.5,
        "CLmax_takeoff": 1.7,
        "CLmax_landing": 1.7,
        "CL_hydro": 0.5,
        "r_float": 4.416363005162699,
        "upsweep": 11,
        "xcg_OEW": 0.45,
        "xcg_payload": 0.55,
        "V_h": 0.9,
        "V_v": 0.083867,
        "xc_OEW": 0.2,
        "xc_wing": 0.4,
        "xc_fuselage": 0.4,
        "mf_wing": 0.08,
        "mf_fuselage": 0.08,
        "engine_power": 8202000
    },
    "requirements": {
        "design_range": 3704000,
        "design_payload": 90000,
        "design_crew": 425,
        "ferry_range": 12038000,
        "ferry_payload": 0,
        "reserve_range": 185200,
        "ferry_crew": 170,
        "altitude_range_WIG": 943600,
        "altitude_range_WOG": 538000,
        "altitude_payload": 90000,
        "altitude_crew": 425,
        "cruise_speed": 115.749,
        "stall_speed_clean": 77.16,
        "stall_speed_takeoff": 61.9,
        "stall_speed_landing": 61.9,
        "stall_speed_high": 82.3,
        "high_altitude": 3048.0,
        "cargo_width": 3.5,
        "cargo_height": 4,
        "cargo_length": 7.32,
        "cargo_density": 160
    },
    "outputs": {
        "general": {
            "d_fuselage": 8.832726010325398,
            "r_fuselage": 4.416363005162699,
            "l_fuselage": 75.07817108776588,
            "l_tailcone": 39.747267046464295,
            "l_nose": 13.249089015488098,
            "l_cargo_straight": 15.316351424067726,
            "LD_g": 15.958358416300573,
            "Re": 4850602117.146465,
            "Cd_water": 0.0012696487711144299,
            "hull_surface": 227.12738815886908,
            "take_off_power": 46574052.278447144,
            "take_off_thrust": null,
            "V_lof": 64.995
        },
        "design": {
            "MTOW": 2521462.24001308,
            "total_fuel": 380087.6272535761,
            "OEW": 1251783.9005194907,
            "EW": 1251358.9005194907,
            "ZFW": 2141374.612759504,
            "MTOM": 257029.79001152702,
            "S": 708.0424361171476,
            "b": 84.14525750849822,
            "MAC": 8.414525750849823,
            "h_b": 0.047536844243373094,
            "k": 1.8534217866101976,
            "WP": 0.08882593714894126,
            "TW": null,
            "WS": 3561.1738935188127,
            "P": 28386553.75833695,
            "T": null,
            "LD": 29.577569221448794,
            "max_fuel": 418096.3899789338,
            "mission_fuel": 373578.3950825311,
            "reserve_fuel": 6509.232171045034,
            "Mff": 0.8492590445250513,
            "fuel_economy": 0.0679565846020799
        },
        "ferry": {
            "MTOW": 748407.4725424502,
            "total_fuel": 117865.80430879866,
            "OEW": 625624.0107611091,
            "EW": 625454.0107611091,
            "ZFW": 630541.6682336516,
            "MTOM": 76290.26223674313,
            "S": 210.1574743077751,
            "b": 45.84293558529767,
            "MAC": 4.584293558529766,
            "fuel_economy": 0,
            "h_b": 0.08725444714502192,
            "k": 1.5369524899756586,
            "WP": 0.08882593690419781,
            "TW": null,
            "WS": 3561.1738935188127,
            "P": 8425551.12421315,
            "T": null,
            "LD": 24.527238703857172,
            "max_fuel": 129652.38473967854,
            "mission_fuel": 115553.73680965879,
            "reserve_fuel": 2312.06749913987,
            "Mff": 0.8425111872435063,
            "fuel_mission": 116627.08222187468,
            "fuel_reserve": 2339.5820760255447
        },
        "altitude": {
            "MTOW": 2401280.3926970814,
            "OEW": 1209341.30165172,
            "EW": 1208916.30165172,
            "ZFW": 2098811.8320444175,
            "MTOM": 244778.83717605314,
            "S": 674.2946175588589,
            "b": 82.1154441965005,
            "MAC": 8.211544419650052,
            "h_b": 0.04871190844962228,
            "k": 1.8386214558746319,
            "WP": 0.08882593690419781,
            "TW": null,
            "WS": 3561.1738935188127,
            "P": 27033549.843520984,
            "T": null,
            "LD": 29.341380184747745,
            "Mff": 0.8740386330673628,
            "total_fuel": 302468.5606526641,
            "mission_fuel": 296037.2740287548,
            "reserve_fuel": 6431.286623909313,
            "max_fuel": 332715.4167179305,
            "fuel_economy": 0.12987666361352915
        },
        "max": {
            "MTOM": 257029.79001152702,
            "S": 708.0424361171476,
            "b": 84.14525750849822,
            "MAC": 8.414525750849823,
            "fuel_economy": 0.0679565846020799,
            "OEW": 1251783.9005194907,
            "total_fuel": 380087.6272535761,
            "max_fuel": 418096.3899789338,
            "mission_fuel": 373578.3950825311,
            "reserve_fuel": 6509.232171045034,
            "Mff": 0.8425111872435063,
            "LD": 29.577569221448794
        },
        "wing_design": {
            "taper_ratio": 0.4,
            "sweep_c_4": 0,
            "dihedral": 5,
            "sweep_x_c": 2.454031674527076,
            "chord_root": 12.019331255797747,
            "chord_tip": 4.807732502319099,
            "y_MAC": 18.028996883696617,
            "X_LEMAC": 30.031268435106355,
            "X_LE": 29.258597140090785,
            "MAC": 8.928646075735468,
            "S": 707.8751867993233,
            "b": 84.13531879058421,
            "aspect_ratio": 10
        },
        "cg_range": {
            "most_aft_cg": 36.953471296363944,
            "most_aft_mission": "ALTITUDE_OEW_PAYLOAD",
            "most_forward_cg": 33.785176989494644,
            "most_forward_mission": "DESIGN_OEW"
        },
        "empennage_design": {
            "S_h": 175.07195167584132,
            "S_v": 163.1417707910865,
            "l_h": 30.616882682625345,
            "l_v": 30.616882682625345
        }
    },
    "kinematic_viscosity": 1.006e-06,
    "rho_water": 1000,
    "viscosity_air": 1.484e-05,
    "rho_air": 1.225
}