{
    "design_id": 3,
    "aircraft_type": "PROP",
    "cruise_altitude": 6,
    "n_wings": 1,
    "n_fuselages": 1,
    "depth": 0.2,
    "design_range": 3704000,
    "design_payload": 90000,
    "design_crew": 425,
    "ferry_range": 12038000,
    "ferry_payload": 0,
    "ferry_crew": 425,
    "altitude_range_WIG": 943600,
    "altitude_range_WOG": 538000,
    "altitude_payload": 90000,
    "altitude_crew": 425,
    "cruise_speed": 115.749,
    "jet_consumption": 2.7e-05,
    "prop_consumption": 2.18e-08,
    "prop_efficiency": 0.82,
    "Cd0": 0.028115017191112573,
    "oswald_factor": 0.85,
    "aspect_ratio": 10,
    "Cl_alpha": 5.0,
    "tfo": 0.001,
    "reserve_fuel": 0,
    "k": 1.5519880990849366,
    "n_engines": 8,
    "CLmax_clean": 1.5,
    "CLmax_takeoff": 1.6,
    "CLmax_landing": 1.8,
    "stall_speed_clean": 77.16,
    "stall_speed_takeoff": 61.728,
    "stall_speed_landing": 51.44,
    "high_altitude": 3048.0,
    "L": 74.9,
    "r_fuselage": 4.4,
    "r_float": 1.5,
    "design": {
        "take_off_power": 87854294.55685715,
        "take_off_thrust": null,
        "MTOM": 271295.3389530341,
        "MTOW": 2661407.275129264,
        "OEW": 1301205.9315634563,
        "ZFW": 2190936.588838585,
        "EW": 1300780.9315634563,
        "Fuel": 470470.6862906789,
        "Fuel_used": 470470.6862906789,
        "Fuel_reserve": 0.0,
        "S": 798.6298276115739,
        "b": 89.36609131049505,
        "MAC": 8.936609131049504,
        "h_b": 0.06713955944602633,
        "k": 1.5688895223253634,
        "WP": 0.078321684164432,
        "TW": null,
        "WS": 3332.4524300554363,
        "fuel_economy": 0.17544307139798135,
        "design_payload": 90000,
        "P": 33980465.35288731,
        "T": null,
        "Re": 4844908742.514971,
        "Cd": 0.0012698173027415375,
        "hull_surface": 416.7264709699246,
        "stall_speed_clean": 77.16,
        "LD": 15.40938218960205
    },
    "ferry": {
        "take_off_power": 87854294.55685715,
        "take_off_thrust": null,
        "MTOM": 81765.52932640926,
        "MTOW": 802119.842692075,
        "OEW": 644592.70388249,
        "ZFW": 649564.0737251821,
        "EW": 644167.70388249,
        "Fuel": 152555.76896689282,
        "Fuel_used": 152555.76896689282,
        "Fuel_reserve": 0.0,
        "S": 240.68724021110248,
        "aspect_ratio": 10,
        "b": 49.05988587543824,
        "MAC": 4.905988587543824,
        "cruise_altitude": 7,
        "h_b": 0.1222995099343248,
        "k": 1.3259995427932558,
        "WP": 0.078321684164432,
        "TW": null,
        "WS": 3332.4524300554363,
        "ferry_payload": 0,
        "P": 10241350.798944378,
        "T": null,
        "Re": 4844908742.514971,
        "Cd": 0.0012698173027415375,
        "hull_surface": 416.7264709699246,
        "stall_speed_clean": 77.16,
        "LD": 15.40938218960205
    },
    "altitude": {
        "take_off_power": 87854294.55685715,
        "take_off_thrust": null,
        "MTOM": 252678.37081306023,
        "MTOW": 2478774.817676121,
        "OEW": 1236708.7025307063,
        "ZFW": 2126256.727348382,
        "EW": 1236283.7025307063,
        "Fuel": 352518.09032773884,
        "Fuel_used": 352518.09032773884,
        "Fuel_reserve": 0.0,
        "S": 743.8052474856559,
        "aspect_ratio": 10,
        "b": 86.24414458301827,
        "MAC": 8.624414458301827,
        "cruise_altitude": 7,
        "h_b": 0.06956994041751349,
        "k": 1.5519880990849366,
        "WP": 0.078321684164432,
        "TW": null,
        "WS": 3332.4524300554363,
        "fuel_economy": 0.3286435175061982,
        "altitude_payload": 90000,
        "P": 31648640.400429487,
        "T": null,
        "Re": 4844908742.514971,
        "Cd": 0.0012698173027415375,
        "hull_surface": 416.7264709699246,
        "stall_speed_clean": 77.16,
        "LD": 15.40938218960205
    },
    "max": {
        "MTOM": 271295.3389530341,
        "S": 798.6298276115739,
        "b": 89.36609131049505,
        "MAC": 8.936609131049504,
        "fuel_economy": 0.17544307139798135
    },
    "hull_surface": 251.32741228718345,
    "kinematic_viscosity": 1.002e-06,
    "rho_water": 1000.0,
    "V_lof": 64.8144,
    "LD": 20.43312933822085
}