{
    "design_id": 1,
    "inputs": {
        "cruise_altitude": 4,
        "aircraft_type": "PROP",
        "wing_type": "LOW",
        "n_wings": 1,
        "n_fuselages": 1,
        "depth": 0.05,
        "jet_consumption": 2.7e-05,
        "prop_consumption": 2.1e-08,
        "prop_efficiency": 0.85,
        "Cd0": 0.02434723936958912,
        "oswald_factor": 0.85,
        "aspect_ratio": 10,
        "tfo": 0.001,
        "reserve_fuel": 0,
        "n_engines": 8,
        "CLmax_clean": 1.5,
        "CLmax_takeoff": 1.7,
        "CLmax_landing": 1.7,
        "r_float": 4.4,
        "upsweep": 11,
        "xcg_OEW": 0.45,
        "xcg_payload": 0.55
    },
    "requirements": {
        "design_range": 3704000,
        "design_payload": 90000,
        "design_crew": 425,
        "ferry_range": 12038000,
        "ferry_payload": 0,
        "reserve_range": 185200,
        "ferry_crew": 425,
        "altitude_range_WIG": 943600,
        "altitude_range_WOG": 538000,
        "altitude_payload": 90000,
        "altitude_crew": 425,
        "cruise_speed": 115.749,
        "stall_speed_clean": 77.16,
        "stall_speed_takeoff": 61.9,
        "stall_speed_landing": 61.9,
        "stall_speed_high": 82.3,
        "high_altitude": 3048.0,
        "cargo_width": 3.5,
        "cargo_height": 4,
        "cargo_length": 7.32,
        "cargo_density": 160
    },
    "outputs": {
        "general": {
            "d_fuselage": 8.832726010325398,
            "r_fuselage": 4.416363005162699,
            "l_fuselage": 75.07817108776588,
            "l_tailcone": 39.747267046464295,
            "l_nose": 13.249089015488098,
            "l_cargo_straight": 15.316351424067726,
            "LD_g": 16.558825930206265,
            "Re": 4850602117.146465,
            "Cd": 0.0012696487711144299,
            "hull_surface": 297.98795964264247,
            "take_off_power": 61104505.81607803,
            "take_off_thrust": null,
            "V_lof": 64.995
        },
        "design": {
            "MTOW": 2526797.733806802,
            "total_fuel": 383533.5390728101,
            "OEW": 1253668.1470001852,
            "EW": 1253243.1470001852,
            "ZFW": 2143264.1947339918,
            "MTOM": 257573.67317092782,
            "S": 709.5406765745053,
            "b": 84.23423749132566,
            "MAC": 8.423423749132565,
            "fuel_economy": 0.1371177554160349,
            "h_b": 0.04748662917987374,
            "k": 1.7515366941579187,
            "WP": 0.09385590949149301,
            "TW": null,
            "WS": 3561.1738935188127,
            "P": 26922095.23616441,
            "T": null,
            "LD": 29.003391228929903,
            "max_fuel": 421886.89298009116,
            "mission_fuel": 376889.3868459184,
            "reserve_fuel": 6644.152226891718,
            "fuel_mission": 376889.3868459184,
            "fuel_reserve": 6644.152226891718
        },
        "ferry": {
            "MTOW": 751466.5920490194,
            "total_fuel": 119841.5269825908,
            "OEW": 626704.3484743796,
            "EW": 626279.3484743796,
            "ZFW": 631625.0650664286,
            "MTOM": 76602.09908756569,
            "S": 211.01653963504995,
            "b": 45.93653661684237,
            "MAC": 4.593653661684237,
            "fuel_economy": 0,
            "h_b": 0.08707665606930895,
            "k": 1.452802443926642,
            "WP": 0.09385590949149301,
            "TW": null,
            "WS": 3561.1738935188127,
            "P": 8006598.584153419,
            "T": null,
            "LD": 24.05670277995951,
            "max_fuel": 131825.6796808499,
            "mission_fuel": 117480.10183647001,
            "reserve_fuel": 2361.4251461207896,
            "fuel_mission": 117480.10183647001,
            "fuel_reserve": 2361.4251461207896
        },
        "altitude": {
            "MTOW": 2400285.789716573,
            "total_fuel": 301826.1994582764,
            "OEW": 1208990.0544685803,
            "EW": 1208565.0544685803,
            "ZFW": 2098459.5902582966,
            "MTOM": 244677.45053176073,
            "S": 674.0153279470549,
            "b": 82.09843652269237,
            "MAC": 8.209843652269237,
            "fuel_economy": 0.25907637806156064,
            "h_b": 0.04872199970451791,
            "k": 1.7368278410007238,
            "WP": 0.09385590949149301,
            "TW": null,
            "WS": 3561.1738935188127,
            "P": 25574157.266401343,
            "T": null,
            "LD": 28.75982988986695,
            "max_fuel": 332008.819404104,
            "mission_fuel": 295265.7644286688,
            "reserve_fuel": 6560.435029607615,
            "fuel_mission": 295265.7644286688,
            "fuel_reserve": 6560.435029607615
        },
        "max": {
            "MTOM": 257573.67317092782,
            "S": 709.5406765745053,
            "b": 84.23423749132566,
            "MAC": 8.423423749132565,
            "fuel_economy": 0.1371177554160349,
            "OEW": 1253668.1470001852,
            "total_fuel": 383533.5390728101,
            "max_fuel": 421886.89298009116,
            "mission_fuel": 376889.3868459184,
            "reserve_fuel": 6644.152226891718
        },
        "wing_design": {
            "taper_ratio": 0.4,
            "sweep_c_4": 0,
            "dihedral": 5,
            "sweep_x_c": 2.454031674527076,
            "chord_root": 12.033462498760809,
            "chord_tip": 4.813384999504324,
            "y_MAC": 18.050193748141215,
            "X_LEMAC": 21.056440000000002,
            "X_LE": 20.282860267936808,
            "MAC": 8.939143570508028,
            "S": 709.5406765745053,
            "b": 84.23423749132566,
            "aspect_ratio": 10
        },
        "cg_range": {
            "most_aft_cg": 36.95391509366943,
            "most_aft_mission": "ALTITUDE_OEW_PAYLOAD",
            "most_forward_cg": 31.640680880782618,
            "most_forward_mission": "DESIGN_OEW_FUEL"
        },
        "empennage_design": {
            "S_h": 242.48927936696495,
            "S_v": 180.98858931042025
        }
    },
    "kinematic_viscosity": 1.006e-06,
    "rho_water": 1000
}