{
    "design_id": 3,
    "requirements": {
        "design_range": 3704000,
        "design_payload": 90000,
        "design_crew": 425,
        "ferry_range": 12038000,
        "reserve_range": 185200,
        "ferry_payload": 0,
        "ferry_crew": 425,
        "altitude_range_WIG": 943600,
        "altitude_range_WOG": 538000,
        "altitude_payload": 90000,
        "altitude_crew": 425,
        "cruise_speed": 115.749,
        "stall_speed_clean": 77.16,
        "stall_speed_takeoff": 77.16,
        "stall_speed_landing": 77.16,
        "stall_speed_high": 82.3,
        "high_altitude": 3048.0,
        "cargo_width": 3.5,
        "cargo_height": 4,
        "cargo_length": 7.32,
        "cargo_density": 160
    },
    "inputs": {
        "cruise_altitude": 6,
        "aircraft_type": "PROP",
        "wing_type": "HIGH",
        "n_wings": 1,
        "n_fuselages": 1,
        "depth": 0.2,
        "jet_consumption": 2.7e-05,
        "prop_consumption": 2.18e-08,
        "prop_efficiency": 0.82,
        "Cd0": 0.028115017191112573,
        "oswald_factor": 0.85,
        "aspect_ratio": 10,
        "Cl_alpha": 5.0,
        "tfo": 0.001,
        "reserve_fuel": 0,
        "n_engines": 8,
        "CLmax_clean": 1.5,
        "CLmax_takeoff": 1.6,
        "CLmax_landing": 1.8,
        "r_float": 1.5,
        "k": 1.455350793847103,
        "upsweep": 11
    },
    "outputs": {
        "general": {
            "d_fuselage": 8.832726010325398,
            "r_fuselage": 4.416363005162699,
            "l_fuselage": 75.07817108776588,
            "l_tailcone": 39.747267046464295,
            "l_nose": 13.249089015488098,
            "L": 128.07452714971828,
            "l_cargo_straight": 15.316351424067726,
            "LD": 15.40938218960205,
            "Re": 6070542180.8269615,
            "Cd": 0.0012380603518356813,
            "hull_surface": 417.71777415595324,
            "V_lof": 81.018
        },
        "design": {
            "take_off_power": 167697070.90542787,
            "take_off_thrust": null,
            "MTOM": 274875.5644428413,
            "MTOW": 2696529.287184273,
            "OEW": 1313609.3810225104,
            "ZFW": 2203375.1603096942,
            "EW": 1313184.3810225104,
            "Fuel": 493154.12687457853,
            "Fuel_used": 493154.12687457853,
            "Fuel_reserve": 0.0,
            "S": 517.8509418353451,
            "b": 71.96186085944034,
            "MAC": 7.196186085944034,
            "h_b": 0.08337749925227077,
            "k": 1.4709958106154366,
            "WP": 0.09377519447997307,
            "TW": null,
            "WS": 5206.956921961618,
            "fuel_economy": 0.1794165325723048,
            "design_payload": 90000,
            "P": 28755251.344854873,
            "T": null,
            "Re": 6070542180.8269615,
            "Cd": 0.0012698173027415375,
            "hull_surface": 416.7264709699246,
            "stall_speed_clean": 77.16,
            "LD": 15.40938218960205,
            "V_lof": 64.8144,
            "fuel_used": 493154.12687457853,
            "fuel_res": 0.0,
            "fuel": 493154.12687457853
        },
        "ferry": {
            "take_off_power": 167697070.90542787,
            "take_off_thrust": null,
            "MTOM": 83324.47165061829,
            "MTOW": 817413.0668925655,
            "OEW": 649993.554299023,
            "ZFW": 654980.2173659155,
            "EW": 649568.554299023,
            "Fuel": 162432.84952664995,
            "Fuel_used": 162432.84952664995,
            "Fuel_reserve": 0.0,
            "S": 156.977148775732,
            "aspect_ratio": 10,
            "b": 39.62034184301443,
            "MAC": 3.9620341843014426,
            "cruise_altitude": 7,
            "h_b": 0.15143736073185537,
            "k": 1.2596400362408695,
            "WP": 0.08820876238753257,
            "TW": null,
            "WS": 5206.956921961618,
            "ferry_payload": 0,
            "P": 9266801.219830953,
            "T": null,
            "Re": 6070542180.8269615,
            "Cd": 0.0012698173027415375,
            "hull_surface": 416.7264709699246,
            "stall_speed_clean": 77.16,
            "LD": 15.40938218960205,
            "V_lof": 64.8144,
            "fuel_used": 162432.84952664995,
            "fuel_res": 0.0,
            "fuel": 162432.84952664995
        },
        "altitude": {
            "take_off_power": 167697070.90542787,
            "take_off_thrust": null,
            "MTOM": 255137.0706359155,
            "MTOW": 2502894.6629383313,
            "OEW": 1245226.7020462654,
            "ZFW": 2134798.8467092034,
            "EW": 1244801.7020462654,
            "Fuel": 368095.8162291277,
            "Fuel_used": 368095.8162291277,
            "Fuel_reserve": 0.0,
            "S": 480.6611587317871,
            "aspect_ratio": 10,
            "b": 69.32973090469825,
            "MAC": 6.932973090469824,
            "cruise_altitude": 7,
            "h_b": 0.08654295814659507,
            "k": 1.455350793847103,
            "WP": 0.09377519447997307,
            "TW": null,
            "WS": 5206.956921961618,
            "fuel_economy": 0.30503664828444027,
            "altitude_payload": 90000,
            "P": 26690370.27134993,
            "T": null,
            "Re": 6070542180.8269615,
            "Cd": 0.0012698173027415375,
            "hull_surface": 416.7264709699246,
            "stall_speed_clean": 77.16,
            "LD": 15.40938218960205,
            "V_lof": 64.8144,
            "fuel_used": 368095.8162291277,
            "fuel_res": 0.0,
            "fuel": 368095.8162291277
        },
        "max": {
            "MTOM": 274875.5644428413,
            "S": 517.8509418353451,
            "b": 71.96186085944034,
            "MAC": 7.196186085944034,
            "fuel_economy": 0.1794165325723048,
            "LD": 15.40938218960205
        },
        "wing_design": {
            "taper_ratio": 0.4,
            "sweep_c_4": 0,
            "dihedral": 1,
            "sweep_x_c": 2.454031674527076,
            "chord_root": 10.280265837062906,
            "chord_tip": 4.112106334825163,
            "y_MAC": 15.42039875559436,
            "MAC": 7.636768907532445,
            "S": 517.8509418353451,
            "b": 71.96186085944034,
            "X_LEMAC": 21.056440000000002,
            "X_LE": 20.395565767617388,
            "aspect_ratio": 10
        }
    },
    "gravitational_acceleration": 9.81,
    "kinematic_viscosity": 1.002e-06,
    "rho_water": 1000.0
}