{
    "design_id": 2,
    "inputs": {
        "cruise_altitude": 8,
        "aircraft_type": "PROP",
        "wing_type": "HIGH",
        "tail_type": "H_TAIL",
        "n_wings": 1,
        "n_fuselages": 2,
        "depth": 0.1,
        "jet_consumption": 2.7e-05,
        "prop_consumption": 2.1e-08,
        "prop_efficiency": 0.85,
        "Cd0": 0.01999736626769847,
        "oswald_factor": 0.5165840932860424,
        "aspect_ratio": 10,
        "aspect_h": 4.5,
        "aspect_v": 1.5,
        "sweep_h": 5,
        "sweep_hc4": 30,
        "taper_h": 0.3,
        "sweep_v": 33,
        "taper_v": 0.29,
        "h_position": 0.907699639517493,
        "v_position": 0.8493515863578955,
        "tfo": 0.001,
        "n_engines": 6.0,
        "CLmax_clean": 1.6,
        "CLmax_takeoff": 2.4,
        "CLmax_landing": 2.4,
        "CL_hydro": 0.5,
        "r_float": 3.1024023952751247,
        "upsweep": 11,
        "xcg_OEW": 0.4,
        "V_h": 0.9,
        "V_v": 0.083867,
        "xc_OEW": 0.2,
        "xc_wing": 0.4,
        "xc_fuselage": 0.4,
        "mf_wing": 0.12,
        "mf_fuselage": 0.2,
        "engine_power": 8202000
    },
    "requirements": {
        "design_range": 3704000,
        "design_payload": 90000,
        "design_crew": 425,
        "ferry_range": 12038000,
        "reserve_range": 185200,
        "ferry_payload": 0,
        "ferry_crew": 170,
        "altitude_range_WIG": 943600,
        "altitude_range_WOG": 538000,
        "altitude_payload": 90000,
        "altitude_crew": 425,
        "cruise_speed": 115.749,
        "stall_speed_clean": 77.16,
        "stall_speed_takeoff": 61.9,
        "stall_speed_landing": 61.9,
        "stall_speed_high": 82.3,
        "high_altitude": 3048.0,
        "cargo_width": 3.5,
        "cargo_height": 4,
        "cargo_length": 7.32,
        "cargo_density": 160
    },
    "outputs": {
        "general": {
            "d_fuselage": 6.2048047905502495,
            "r_fuselage": 3.1024023952751247,
            "l_fuselage": 52.740840719677124,
            "l_tailcone": 27.921621557476122,
            "l_nose": 9.307207185825375,
            "l_cargo_straight": 8.74654837462985,
            "Re": 3407446264.9855022,
            "Cd_water": 0.0013218773711531056,
            "hull_surface": 224.16418708256532,
            "take_off_power": 47857314.10082371,
            "take_off_thrust": null,
            "V_lof": 64.995,
            "LD_g": 14.243904548792706,
            "xcg_payload": 0.36692342744070505,
            "fuselage_separation": 12.409609581100499
        },
        "design": {
            "MTOW": 2570378.747851773,
            "total_fuel": 411680.19938164746,
            "OEW": 1269058.9197222737,
            "EW": 1268633.9197222737,
            "ZFW": 2158698.5484701255,
            "MTOM": 262016.18224788716,
            "S": 511.4348358128607,
            "b": 71.51467232763223,
            "MAC": 7.151467232763223,
            "fuel_economy": 0.07418416905868408,
            "h_b": 0.1118651563325267,
            "k": 1.7607811691187054,
            "WP": 0.0918997395375731,
            "TW": null,
            "WS": 5025.609067596522,
            "P": 27969380.11778452,
            "T": null,
            "LD": 25.080398904238468,
            "max_fuel": 452848.21931981225,
            "mission_fuel": 407813.3558322787,
            "reserve_fuel": 3866.8435493687284,
            "Mff": 0.8398367556821288
        },
        "ferry": {
            "MTOW": 767798.2228087744,
            "total_fuel": 130389.25913976062,
            "OEW": 632471.9154462051,
            "EW": 632301.9154462051,
            "ZFW": 637408.9636690138,
            "MTOM": 78266.89325267833,
            "S": 152.7608433373925,
            "b": 39.084631677603475,
            "MAC": 3.908463167760347,
            "fuel_economy": 0,
            "h_b": 0.20468403197424043,
            "k": 1.5345796310805264,
            "WP": 0.0918997395375731,
            "TW": null,
            "WS": 5025.609067596522,
            "P": 8354737.7465075515,
            "T": null,
            "LD": 21.85840578763254,
            "max_fuel": 143428.1850537367,
            "mission_fuel": 129079.00353411115,
            "reserve_fuel": 1310.255605649465,
            "Mff": 0.8301777012940091
        },
        "altitude": {
            "MTOW": 2421710.6630966594,
            "total_fuel": 315663.3862792826,
            "OEW": 1216556.31615428,
            "EW": 1216131.31615428,
            "ZFW": 2106047.2768173767,
            "MTOM": 246861.43354706006,
            "S": 481.8726509400202,
            "b": 69.41704768571047,
            "MAC": 6.941704768571048,
            "fuel_economy": 0.1368190504959014,
            "h_b": 0.11524546587202099,
            "k": 1.7472244316882077,
            "WP": 0.0918997395375731,
            "TW": null,
            "WS": 5025.609067596522,
            "P": 26351659.703089207,
            "T": null,
            "LD": 24.887298030285415,
            "max_fuel": 347229.7249072109,
            "mission_fuel": 311861.5586286895,
            "reserve_fuel": 3801.827650593128,
            "Mff": 0.8696527247909783
        },
        "max": {
            "MTOM": 262016.18224788716,
            "S": 511.4348358128607,
            "b": 71.51467232763223,
            "MAC": 7.151467232763223,
            "fuel_economy": 0.07418416905868408,
            "OEW": 1269058.9197222737,
            "total_fuel": 411680.19938164746,
            "max_fuel": 452848.21931981225,
            "mission_fuel": 407813.3558322787,
            "reserve_fuel": 3866.8435493687284,
            "Mff": 0.8301777012940091,
            "MTOW": 2570378.747851773,
            "LD": 25.080398904238468
        },
        "wing_design": {
            "taper_ratio": 0.4,
            "sweep_c_4": 0,
            "dihedral": 1,
            "sweep_x_c": 2.454031674527076,
            "chord_root": 10.21638176109032,
            "chord_tip": 4.086552704436128,
            "y_MAC": 15.324572641635479,
            "X_LEMAC": 20.48919131464034,
            "X_LE": 19.832423915713104,
            "MAC": 7.58931216538138,
            "S": 511.4348358128607,
            "b": 71.51467232763223,
            "aspect_ratio": 10
        },
        "cg_range": {
            "most_aft_cg": 21.877052071238733,
            "most_aft_mission": "DESIGN_OEW_FUEL",
            "most_forward_cg": 20.362714495517565,
            "most_forward_mission": "ALTITUDE_OEW_PAYLOAD"
        },
        "empennage_design": {
            "vertical_tail": {
                "S": 66.93631153029222,
                "l_v": 22.913149806772143,
                "mac": 14.401771856330363,
                "b": 7.085353459617887,
                "chord_root": 11.11427993665551,
                "chord_tip": 7.7799959556588565,
                "sweep": 33,
                "taper": 0.7,
                "MAC": 9.54520512206885,
                "aspect_ratio": 1.5,
                "LE_pos": 41.32656078302162,
                "relative_pos_mac/4": 0.8493515863578955
            },
            "horizontal_tail": {
                "S": 134.39566701070618,
                "l_h": 25.9926144704699,
                "mac": 7.64605310200267,
                "b": 24.59228540717958,
                "chord_root": 8.407618942625497,
                "chord_tip": 2.522285682787649,
                "sweep": 5,
                "sweep_hc4": 30,
                "taper": 0.3,
                "MAC": 5.993123246281764,
                "sweep_c_4": 30,
                "aspect_ratio": 4.5,
                "tail_height": 13.290158250168137,
                "LE_pos": 45.93321849069467,
                "relative_pos_mac/4": 0.907699639517493
            }
        }
    },
    "kinematic_viscosity": 1.006e-06,
    "rho_water": 1000,
    "viscosity_air": 1.48e-05,
    "rho_air": 1.225
}