{
    "design_id": 1,
    "aircraft_type": "PROP",
    "wing_type": "HIGH",
    "cruise_altitude": 4,
    "n_wings": 1,
    "n_fuselages": 1,
    "depth": 0.05,
    "design_range": 3704000,
    "design_payload": 90000,
    "design_crew": 425,
    "ferry_range": 12038000,
    "ferry_payload": 0,
    "ferry_crew": 425,
    "altitude_range_WIG": 943600,
    "altitude_range_WOG": 538000,
    "altitude_payload": 90000,
    "altitude_crew": 425,
    "cruise_speed": 115.749,
    "jet_consumption": 2.7e-05,
    "prop_consumption": 2.1e-08,
    "prop_efficiency": 0.82,
    "Cd0": 0.02434723936958912,
    "oswald_factor": 0.85,
    "aspect_ratio": 10,
    "Cl_alpha": 5.0,
    "tfo": 0.001,
    "reserve_fuel": 0,
    "k": 1.6721151011608182,
    "n_engines": 8,
    "CLmax_clean": 1.5,
    "CLmax_takeoff": 1.5,
    "CLmax_landing": 1.5,
    "stall_speed_clean": 77.16,
    "stall_speed_takeoff": 77.16,
    "stall_speed_landing": 77.16,
    "stall_speed_high": 82.3,
    "high_altitude": 3048.0,
    "L": 74.9,
    "r_fuselage": 4.4,
    "r_float": 4.4,
    "design": {
        "take_off_power": 119378064.39288813,
        "take_off_thrust": null,
        "MTOM": 258976.02843900587,
        "MTOW": 2540554.838986648,
        "OEW": 1258526.5121341036,
        "ZFW": 2148136.3169730897,
        "EW": 1258101.5121341036,
        "Fuel": 392418.52201355796,
        "Fuel_used": 392418.52201355796,
        "Fuel_reserve": 0.0,
        "S": 564.0999084814647,
        "b": 75.10658482992451,
        "MAC": 7.510658482992451,
        "cruise_altitude": 4,
        "h_b": 0.05325764723636177,
        "k": 1.6873274219978824,
        "WP": 0.098995376555781,
        "TW": null,
        "WS": 4503.643732667401,
        "fuel_economy": 0.1463366640721543,
        "design_payload": 90000,
        "P": 25663368.607473496,
        "T": null,
        "Re": 6056135928.143713,
        "Cd": 0.0012383886905922182,
        "stall_speed_clean": 77.16,
        "hull_surface": 297.2807921911525,
        "LD": 16.558825930206265
    },
    "ferry": {
        "take_off_power": 119378064.39288813,
        "take_off_thrust": null,
        "MTOM": 77477.99099407642,
        "MTOW": 760059.0916518897,
        "OEW": 629738.8168409476,
        "ZFW": 634668.1259325994,
        "EW": 629313.8168409476,
        "Fuel": 125390.96571929028,
        "Fuel_used": 125390.96571929028,
        "Fuel_reserve": 0.0,
        "S": 168.75921443697686,
        "b": 41.08031334313029,
        "MAC": 4.108031334313029,
        "cruise_altitude": 4,
        "h_b": 0.09737024074255035,
        "k": 1.4080905331871103,
        "WP": 0.09873468020862591,
        "TW": null,
        "WS": 4503.643732667401,
        "ferry_payload": 0,
        "P": 7697995.172981656,
        "T": null,
        "Re": 6056135928.143713,
        "Cd": 0.0012383886905922182,
        "stall_speed_clean": 77.16,
        "hull_surface": 297.2807921911525,
        "LD": 16.558825930206265
    },
    "altitude": {
        "take_off_power": 119378064.39288813,
        "take_off_thrust": null,
        "MTOM": 244774.26327326728,
        "MTOW": 2401235.522710752,
        "OEW": 1209325.4556743668,
        "ZFW": 2098795.9411970773,
        "EW": 1208900.4556743668,
        "Fuel": 302439.581513675,
        "Fuel_used": 302439.581513675,
        "Fuel_reserve": 0.0,
        "S": 533.1628322653988,
        "b": 73.01799999078301,
        "MAC": 7.301799999078302,
        "cruise_altitude": 4,
        "h_b": 0.05478101290784349,
        "k": 1.6721151011608182,
        "WP": 0.098995376555781,
        "TW": null,
        "WS": 4503.643732667401,
        "fuel_economy": 0.28195661621038676,
        "altitude_payload": 90000,
        "P": 24256037.062071543,
        "T": null,
        "Re": 6056135928.143713,
        "Cd": 0.0012383886905922182,
        "stall_speed_clean": 77.16,
        "hull_surface": 297.2807921911525,
        "LD": 16.558825930206265
    },
    "max": {
        "MTOM": 258976.02843900587,
        "S": 564.0999084814647,
        "b": 75.10658482992451,
        "MAC": 7.510658482992451,
        "fuel_economy": 0.1463366640721543,
        "LD": 16.558825930206265
    },
    "wing_design": {
        "taper_ratio": 0.4,
        "sweep_c_4": 0,
        "dihedral": 1,
        "sweep_x_c": 2.454031674527076,
        "chord_root": 11.562314278049922,
        "chord_tip": 4.624925711219968,
        "y_MAC": 17.343471417074884,
        "X_LEMAC": 21.056440000000002,
        "X_LE": 20.31314836783965
    },
    "gravitational_acceleration": 9.81,
    "kinematic_viscosity": 1.002e-06,
    "rho_water": 1000.0,
    "V_lof": 81.018,
    "LD": 16.558825930206265
}