{
    "design_id": 2,
    "inputs": {
        "cruise_altitude": 8,
        "aircraft_type": "PROP",
        "wing_type": "HIGH",
        "n_wings": 1,
        "n_fuselages": 2,
        "depth": 0.1,
        "jet_consumption": 2.7e-05,
        "prop_consumption": 2.1e-08,
        "prop_efficiency": 0.85,
        "Cd0": 0.027031982560727214,
        "oswald_factor": 0.85,
        "aspect_ratio": 10,
        "tfo": 0.001,
        "n_engines": 8,
        "CLmax_clean": 1.5,
        "CLmax_takeoff": 1.7,
        "CLmax_landing": 1.7,
        "CL_hydro": 0.5,
        "r_float": 3.1024023952751247,
        "upsweep": 11,
        "xcg_OEW": 0.4,
        "xcg_payload": 0.55,
        "V_h": 0.9,
        "V_v": 0.0838,
        "k": 1.2261010000485446,
        "xc_OEW": 0.2,
        "xc_wing": 0.4,
        "xc_fuselage": 0.4,
        "mf_wing": 0.08,
        "mf_fuselage": 0.08
    },
    "requirements": {
        "design_range": 3704000,
        "design_payload": 90000,
        "design_crew": 425,
        "ferry_range": 12038000,
        "reserve_range": 185200,
        "ferry_payload": 0,
        "ferry_crew": 170,
        "altitude_range_WIG": 943600,
        "altitude_range_WOG": 538000,
        "altitude_payload": 90000,
        "altitude_crew": 425,
        "cruise_speed": 115.749,
        "stall_speed_clean": 77.16,
        "stall_speed_takeoff": 61.9,
        "stall_speed_landing": 61.9,
        "stall_speed_high": 82.3,
        "high_altitude": 3048.0,
        "cargo_width": 3.5,
        "cargo_height": 4,
        "cargo_length": 7.32,
        "cargo_density": 160
    },
    "outputs": {
        "general": {
            "d_fuselage": 6.2048047905502495,
            "r_fuselage": 3.1024023952751247,
            "l_fuselage": 52.740840719677124,
            "l_tailcone": 27.921621557476122,
            "l_nose": 9.307207185825375,
            "l_cargo_straight": 8.74654837462985,
            "Re": 3407446264.9855022,
            "Cd_water": 0.0013218773711531056,
            "hull_surface": 224.16418708256532,
            "take_off_power": 47857314.10082371,
            "take_off_thrust": null,
            "V_lof": 64.995,
            "LD_g": 15.715038678052819
        },
        "design": {
            "MTOW": 2610119.292523625,
            "total_fuel": 437346.5046725826,
            "OEW": 1283093.4185585184,
            "EW": 1282668.4185585184,
            "ZFW": 2172772.787851042,
            "MTOM": 266067.2061695846,
            "S": 733.2194488031005,
            "b": 85.62823417559774,
            "MAC": 8.562823417559773,
            "fuel_economy": 0.07796804404702103,
            "h_b": 0.09342712806145702,
            "k": 1.4242817859210282,
            "WP": 0.08677045290975466,
            "TW": null,
            "WS": 3559.8064228808703,
            "P": 30080738.373444602,
            "T": null,
            "LD": 22.38264298138036,
            "max_fuel": 481081.1551398409,
            "mission_fuel": 428614.48869693093,
            "reserve_fuel": 8732.01597565168,
            "Mff": 0.8324419477970568
        },
        "ferry": {
            "MTOW": 792342.5260830171,
            "total_fuel": 146241.11990794516,
            "OEW": 641139.813648989,
            "EW": 640969.813648989,
            "ZFW": 646101.406175072,
            "MTOM": 80768.8609666684,
            "S": 222.58033139579314,
            "b": 47.17842000277173,
            "MAC": 4.717842000277172,
            "fuel_economy": 0,
            "h_b": 0.16956905295959468,
            "k": 1.2284754854972477,
            "WP": 0.0867704551019972,
            "TW": null,
            "WS": 3559.8064228808703,
            "P": 9131478.279693611,
            "T": null,
            "LD": 19.305539769628965,
            "max_fuel": 160865.2318987397,
            "mission_fuel": 143229.71446815433,
            "reserve_fuel": 3011.405439790833,
            "Mff": 0.8154319437694515
        },
        "altitude": {
            "MTOW": 2424876.8267911817,
            "total_fuel": 317708.24310386064,
            "OEW": 1217674.4568605297,
            "EW": 1217249.4568605297,
            "ZFW": 2107168.5836873213,
            "MTOM": 247184.18213977385,
            "S": 681.1821299320346,
            "b": 82.53375854352173,
            "MAC": 8.253375854352173,
            "fuel_economy": 0.1356307547184788,
            "h_b": 0.09693003373621277,
            "k": 1.4098453331263563,
            "WP": 0.0867704551019972,
            "TW": null,
            "WS": 3559.8064228808703,
            "P": 27945881.163591687,
            "T": null,
            "LD": 22.15577394015295,
            "max_fuel": 349479.06741424673,
            "mission_fuel": 309152.99010759743,
            "reserve_fuel": 8555.25299626321,
            "Mff": 0.8689796365763117
        },
        "max": {
            "MTOM": 266067.2061695846,
            "S": 733.2194488031005,
            "b": 85.62823417559774,
            "MAC": 8.562823417559773,
            "fuel_economy": 0.07796804404702103,
            "OEW": 1283093.4185585184,
            "total_fuel": 437346.5046725826,
            "max_fuel": 481081.1551398409,
            "mission_fuel": 428614.48869693093,
            "reserve_fuel": 8732.01597565168,
            "Mff": 0.8154319437694515,
            "MTOW": 1720912.5750032095
        },
        "wing_design": {
            "taper_ratio": 0.4,
            "sweep_c_4": 0,
            "dihedral": 1,
            "sweep_x_c": 2.454031674527076,
            "chord_root": 12.173850258246512,
            "chord_tip": 4.869540103298605,
            "y_MAC": 18.26077538736977,
            "X_LEMAC": 21.09633628787085,
            "X_LE": 20.313731628412146,
            "MAC": 9.043431620411695,
            "S": 726.1928875400224,
            "b": 85.21695180772558,
            "aspect_ratio": 10
        },
        "cg_range": {
            "most_aft_cg": 24.557883980116024,
            "most_aft_mission": "ALTITUDE_OEW_PAYLOAD_FUEL",
            "most_forward_cg": 21.09633628787085,
            "most_forward_mission": "DESIGN_OEW"
        },
        "empennage_design": {
            "S_h": 243.11781150774962,
            "S_v": 226.3696956038824,
            "l_h": 22.908872667593386,
            "l_v": 22.908872667593386
        }
    },
    "kinematic_viscosity": 1.006e-06,
    "rho_water": 1000,
    "viscosity_air": 1.48e-05,
    "rho_air": 1.225
}