{
    "design_id": 2,
    "inputs": {
        "cruise_altitude": 8,
        "aircraft_type": "PROP",
        "wing_type": "HIGH",
        "tail_type": "H_TAIL",
        "n_wings": 1,
        "n_fuselages": 2,
        "depth": 0.1,
        "jet_consumption": 2.7e-05,
        "prop_consumption": 2.1e-08,
        "prop_efficiency": 0.85,
        "Cd0": 0.020191187652571788,
        "oswald_factor": 0.85,
        "aspect_ratio": 10,
        "aspect_h": 4.5,
        "aspect_v": 1.5,
        "sweep_hc4": 10,
        "sweep_vc4": 10,
        "h_position": 0.9213410529202575,
        "v_position": 0.867846042662265,
        "tfo": 0.001,
        "n_engines": 6.0,
        "CLmax_clean": 1.6,
        "CLmax_takeoff": 2.4,
        "CLmax_landing": 2.4,
        "CL_hydro": 0.5,
        "r_float": 3.1024023952751247,
        "upsweep": 11,
        "xcg_OEW": 0.4,
        "V_h": 0.9,
        "V_v": 0.083867,
        "xc_OEW": 0.2,
        "xc_wing": 0.4,
        "xc_fuselage": 0.4,
        "mf_wing": 0.08,
        "mf_fuselage": 0.3,
        "ltcd": 4.5,
        "lnd": 1.5,
        "lfd": 8.5,
        "engine_power": 8202000
    },
    "requirements": {
        "design_range": 3704000,
        "design_payload": 90000,
        "design_crew": 425,
        "ferry_range": 12038000,
        "reserve_range": 185200,
        "ferry_payload": 0,
        "ferry_crew": 170,
        "altitude_range_WIG": 943600,
        "altitude_range_WOG": 538000,
        "altitude_payload": 90000,
        "altitude_crew": 425,
        "cruise_speed": 115.749,
        "stall_speed_clean": 77.16,
        "stall_speed_takeoff": 61.9,
        "stall_speed_landing": 61.9,
        "stall_speed_high": 82.3,
        "high_altitude": 3048.0,
        "cargo_width": 3.5,
        "cargo_height": 4,
        "cargo_length": 7.32,
        "cargo_density": 160
    },
    "outputs": {
        "general": {
            "d_fuselage": 6.2048047905502495,
            "r_fuselage": 3.1024023952751247,
            "l_fuselage": 52.740840719677124,
            "l_tailcone": 27.921621557476122,
            "l_nose": 9.307207185825375,
            "l_cargo_straight": 8.74654837462985,
            "Re": 3407446264.9855022,
            "Cd_water": 0.0013218773711531056,
            "hull_surface": 224.16418708256532,
            "take_off_power": 47857314.10082371,
            "take_off_thrust": null,
            "V_lof": 64.995,
            "LD_g": 18.183332111311703,
            "xcg_payload": 0.36692342744070505,
            "fuselage_separation": 12.409609581100499
        },
        "design": {
            "MTOW": 2503039.1373123727,
            "total_fuel": 368189.12454740837,
            "OEW": 1245277.7236276518,
            "EW": 1244852.7236276518,
            "ZFW": 2134850.0127649643,
            "MTOM": 255151.79789116947,
            "S": 498.04726057995015,
            "b": 70.57246350949853,
            "MAC": 7.057246350949852,
            "fuel_economy": 0.06642706707267586,
            "h_b": 0.11335866146890648,
            "k": 1.7468463126317266,
            "WP": 0.1139206246508157,
            "TW": null,
            "WS": 5025.609067596522,
            "P": 21971782.063033573,
            "T": null,
            "LD": 31.76340890548123,
            "max_fuel": 405008.0370021492,
            "mission_fuel": 365170.1634559541,
            "reserve_fuel": 3018.9610914542573,
            "Mff": 0.8529031691678821,
            "max_fuel_L": 50347.83284877915,
            "total_fuel_L": 45770.75713525377,
            "mission_fuel_L": 45395.460512661804,
            "reserve_fuel_L": 375.2966225919616
        },
        "ferry": {
            "MTOW": 731084.1688606618,
            "total_fuel": 106677.60332625677,
            "OEW": 619506.2313655444,
            "EW": 619336.2313655444,
            "ZFW": 624406.5655344051,
            "MTOM": 74524.38010812046,
            "S": 145.46478268350438,
            "b": 38.13984565824885,
            "MAC": 3.813984565824885,
            "fuel_economy": 0,
            "h_b": 0.20975438840743624,
            "k": 1.5206283497182789,
            "WP": 0.10640896152064498,
            "TW": null,
            "WS": 5025.609067596522,
            "P": 6870513.144880379,
            "T": null,
            "LD": 27.650090274905775,
            "max_fuel": 117345.36365888244,
            "mission_fuel": 105663.1459107373,
            "reserve_fuel": 1014.4574155194714,
            "Mff": 0.8540830073061142,
            "max_fuel_L": 14587.574110400345,
            "total_fuel_L": 13261.431009454856,
            "mission_fuel_L": 13135.320592568221,
            "reserve_fuel_L": 126.11041688663528
        },
        "altitude": {
            "MTOW": 2388375.0722671803,
            "total_fuel": 294133.70020305907,
            "OEW": 1204783.746991854,
            "EW": 1204358.746991854,
            "ZFW": 2094241.3720641213,
            "MTOM": 243463.3101189786,
            "S": 475.2402660410448,
            "b": 68.93767228743981,
            "MAC": 6.893767228743982,
            "fuel_economy": 0.12773435522072593,
            "h_b": 0.11604685412996706,
            "k": 1.7362908751037462,
            "WP": 0.11360395144472725,
            "TW": null,
            "WS": 5025.609067596522,
            "P": 21023697.168044526,
            "T": null,
            "LD": 31.571553623851447,
            "max_fuel": 323547.070223365,
            "mission_fuel": 291154.1555447324,
            "reserve_fuel": 2979.5446583266603,
            "Mff": 0.8768477767087685,
            "max_fuel_L": 40221.16185865157,
            "total_fuel_L": 36564.692598774156,
            "mission_fuel_L": 36194.29595792402,
            "reserve_fuel_L": 370.39664085013555
        },
        "max": {
            "MTOM": 255151.79789116947,
            "S": 498.04726057995015,
            "b": 70.57246350949853,
            "MAC": 7.057246350949852,
            "fuel_economy": 0.06642706707267586,
            "OEW": 1245277.7236276518,
            "total_fuel": 368189.12454740837,
            "max_fuel": 405008.0370021492,
            "mission_fuel": 365170.1634559541,
            "reserve_fuel": 3018.9610914542573,
            "Mff": 0.8529031691678821,
            "MTOW": 2503039.1373123727,
            "LD": 31.76340890548123,
            "total_fuel_L": 45770.75713525377,
            "mission_fuel_L": 45395.460512661804,
            "reserve_fuel_L": 375.2966225919616,
            "max_fuel_L": 50347.83284877915
        },
        "wing_design": {
            "taper_ratio": 0.4,
            "sweep_c_4": 0,
            "dihedral": 1,
            "sweep_x_c": 2.454031674527076,
            "chord_root": 10.081780501356933,
            "chord_tip": 4.032712200542774,
            "y_MAC": 15.1226707520354,
            "X_LEMAC": 19.997902298008725,
            "X_LE": 19.34978783720721,
            "MAC": 7.489322658150864,
            "S": 498.04726057995015,
            "b": 70.57246350949853,
            "aspect_ratio": 10
        },
        "cg_range": {
            "most_aft_cg": 21.745765232653838,
            "most_aft_mission": "DESIGN_OEW_FUEL",
            "most_forward_cg": 20.358577559881873,
            "most_forward_mission": "ALTITUDE_OEW_PAYLOAD"
        },
        "empennage_design": {
            "vertical_tail": {
                "S": 61.34802317489211,
                "l_v": 24.025164672461045,
                "mac": 14.401771856330363,
                "b": 9.592811619245849,
                "chord_root": 9.369626541419894,
                "chord_tip": 3.4207889509079057,
                "sweep": 25.938031088089183,
                "taper": 0.36509341496011344,
                "MAC": 6.856342996220422,
                "aspect_ratio": 1.5,
                "LE_pos": 43.071214178257236,
                "relative_pos_mac/4": 0.867846042662265,
                "sweep_c_4": 10
            },
            "horizontal_tail": {
                "S": 125.04529109978867,