{
    "design_id": 2,
    "inputs": {
        "cruise_altitude": 8,
        "aircraft_type": "PROP",
        "wing_type": "HIGH",
        "tail_type": "H_TAIL",
        "n_wings": 1,
        "n_fuselages": 2,
        "depth": 0.1,
        "jet_consumption": 2.7e-05,
        "prop_consumption": 2.1e-08,
        "prop_efficiency": 0.85,
        "Cd0": 0.02021674840620823,
        "oswald_factor": 0.85,
        "aspect_ratio": 10,
        "aspect_h": 4.5,
        "aspect_v": 1.5,
        "sweep_h": 5,
        "sweep_hc4": 30,
        "taper_h": 0.3,
        "sweep_v": 33,
        "taper_v": 0.29,
        "h_position": 0.9107075980242033,
        "v_position": 0.8543859174268083,
        "tfo": 0.001,
        "n_engines": 6.0,
        "CLmax_clean": 1.6,
        "CLmax_takeoff": 2.4,
        "CLmax_landing": 2.4,
        "CL_hydro": 0.5,
        "r_float": 3.1024023952751247,
        "upsweep": 11,
        "xcg_OEW": 0.4,
        "V_h": 0.9,
        "V_v": 0.083867,
        "xc_OEW": 0.2,
        "xc_wing": 0.4,
        "xc_fuselage": 0.4,
        "mf_wing": 0.12,
        "mf_fuselage": 0.2,
        "engine_power": 8202000
    },
    "requirements": {
        "design_range": 3704000,
        "design_payload": 90000,
        "design_crew": 425,
        "ferry_range": 12038000,
        "reserve_range": 185200,
        "ferry_payload": 0,
        "ferry_crew": 170,
        "altitude_range_WIG": 943600,
        "altitude_range_WOG": 538000,
        "altitude_payload": 90000,
        "altitude_crew": 425,
        "cruise_speed": 115.749,
        "stall_speed_clean": 77.16,
        "stall_speed_takeoff": 61.9,
        "stall_speed_landing": 61.9,
        "stall_speed_high": 82.3,
        "high_altitude": 3048.0,
        "cargo_width": 3.5,
        "cargo_height": 4,
        "cargo_length": 7.32,
        "cargo_density": 160
    },
    "outputs": {
        "general": {
            "d_fuselage": 6.2048047905502495,
            "r_fuselage": 3.1024023952751247,
            "l_fuselage": 52.740840719677124,
            "l_tailcone": 27.921621557476122,
            "l_nose": 9.307207185825375,
            "l_cargo_straight": 8.74654837462985,
            "Re": 3407446264.9855022,
            "Cd_water": 0.0013218773711531056,
            "hull_surface": 224.16418708256532,
            "take_off_power": 47857314.10082371,
            "take_off_thrust": null,
            "V_lof": 64.995,
            "LD_g": 18.17183355908769,
            "xcg_payload": 0.36692342744070505,
            "fuselage_separation": 12.409609581100499
        },
        "design": {
            "MTOW": 2502369.8008456863,
            "total_fuel": 367756.8357039065,
            "OEW": 1245041.3453409339,
            "EW": 1244616.3453409339,
            "ZFW": 2134612.9651417797,
            "MTOM": 255083.567874178,
            "S": 498.86180232049327,
            "b": 70.63014953406889,
            "MAC": 7.06301495340689,
            "fuel_economy": 0.06634997495374789,
            "h_b": 0.11326607762795618,
            "k": 1.7538619194568656,
            "WP": 0.11410681552219706,
            "TW": null,
            "WS": 5025.609067596522,
            "P": 21930064.294528518,
            "T": null,
            "LD": 31.849384692696898,
            "max_fuel": 404532.51927429717,
            "mission_fuel": 364746.3641989541,
            "reserve_fuel": 3010.4715049524093,
            "Mff": 0.8530365753376573
        },
        "ferry": {
            "MTOW": 730668.9623738027,
            "total_fuel": 106409.44352778146,
            "OEW": 619359.5998836474,
            "EW": 619189.5998836474,
            "ZFW": 624259.5188460213,
            "MTOM": 74482.0552878494,
            "S": 145.3804267200802,
            "b": 38.12878528357286,
            "MAC": 3.8128785283572855,
            "fuel_economy": 0,
            "h_b": 0.20981523383192235,
            "k": 1.5263282846071986,
            "WP": 0.10660664171760068,
            "TW": null,
            "WS": 5025.609067596522,
            "P": 6853878.4319773745,
            "T": null,
            "LD": 27.73618354440984,
            "max_fuel": 117050.38788055962,
            "mission_fuel": 105398.37570325348,
            "reserve_fuel": 1011.0678245279851,
            "Mff": 0.854367095076712
        },
        "altitude": {
            "MTOW": 2388210.6844688496,
            "total_fuel": 294027.5308625806,
            "OEW": 1204725.6929217998,
            "EW": 1204300.6929217998,
            "ZFW": 2094183.153606269,
            "MTOM": 243446.5529529918,
            "S": 475.20739253707745,
            "b": 68.93528795450683,
            "MAC": 6.893528795450683,
            "fuel_economy": 0.12769193301508197,
            "h_b": 0.11605086795719953,
            "k": 1.7428787660258402,
            "WP": 0.11379096266279673,
            "TW": null,
            "WS": 5025.609067596522,
            "P": 20987700.85587527,
            "T": null,
            "LD": 31.67130284988971,
            "max_fuel": 323430.28394883865,
            "mission_fuel": 291057.4595427894,
            "reserve_fuel": 2970.0713197911973,
            "Mff": 0.8768837553676828
        },
        "max": {
            "MTOM": 255083.567874178,
            "S": 498.86180232049327,
            "b": 70.63014953406889,
            "MAC": 7.06301495340689,
            "fuel_economy": 0.06634997495374789,
            "OEW": 1245041.3453409339,
            "total_fuel": 367756.8357039065,
            "max_fuel": 404532.51927429717,
            "mission_fuel": 364746.3641989541,
            "reserve_fuel": 3010.4715049524093,
            "Mff": 0.8530365753376573,
            "MTOW": 2502369.8008456863,
            "LD": 31.849384692696898
        },
        "wing_design": {
            "taper_ratio": 0.4,
            "sweep_c_4": 0,
            "dihedral": 1,
            "sweep_x_c": 2.454031674527076,
            "chord_root": 10.02943318579828,
            "chord_tip": 4.011773274319313,
            "y_MAC": 15.044149778697419,
            "X_LEMAC": 20.500301401400552,
            "X_LE": 19.855552125170664,
            "MAC": 7.450436080878722,
            "S": 492.8886971391199,
            "b": 70.20603230058795,
            "aspect_ratio": 10
        },
        "cg_range": {
            "most_aft_cg": 21.790621885841688,
            "most_aft_mission": "DESIGN_OEW_FUEL",
            "most_forward_cg": 20.35699806835834,
            "most_forward_mission": "ALTITUDE_OEW_PAYLOAD"
        },
        "empennage_design": {
            "vertical_tail": {
                "S": 62.367774622386406,
                "l_v": 23.266130145272633,
                "mac": 14.401771856330363,
                "b": 6.83928585210399,
                "chord_root": 10.728291532712142,
                "chord_tip": 7.509804072898499,
                "sweep": 33,
                "taper": 0.7,
                "MAC": 9.213709198682192,
                "aspect_ratio": 1.5,
                "LE_pos": 41.712549186964985,
                "relative_pos_mac/4": 0.8543859174268083
            },
            "horizontal_tail": {
                "S": 125.96134152414496,
                "l_h": 26.238305496983145,
                "mac": 7.64605310200267,
                "b": 23.80810863673661,
                "chord_root": 8.139524320251832,
                "chord_tip": 2.4418572960755496,
                "sweep": 5,
                "sweep_hc4": 30,
                "taper": 0.3,
                "MAC": 5.802019900076947,
                "sweep_c_4": 30,
                "aspect_ratio": 4.5,
                "tail_height": 13.04409064265424,
                "LE_pos": 46.15370973186566,
                "relative_pos_mac/4": 0.9107075980242033
            }
        }
    },
    "kinematic_viscosity": 1.006e-06,
    "rho_water": 1000,
    "viscosity_air": 1.48e-05,
    "rho_air": 1.225
}