{
    "design_id": 4,
    "aircraft_type": "PROP",
    "cruise_altitude": 5,
    "n_wings": 2,
    "n_fuselages": 1,
    "depth": 0.05,
    "design_range": 3704000,
    "design_payload": 90000,
    "design_crew": 425,
    "ferry_range": 12038000,
    "ferry_payload": 0,
    "ferry_crew": 425,
    "altitude_range_WIG": 943600,
    "altitude_range_WOG": 538000,
    "altitude_payload": 90000,
    "altitude_crew": 425,
    "cruise_speed": 115.749,
    "jet_consumption": 2.7e-05,
    "prop_consumption": 2.18e-08,
    "prop_efficiency": 0.82,
    "Cd0": 0.023484175557793377,
    "oswald_factor": 0.85,
    "aspect_ratio": 6,
    "Cl_alpha": 5.0,
    "tfo": 0.001,
    "reserve_fuel": 0,
    "k": 1.3755686359855614,
    "n_engines": 8,
    "CLmax_clean": 1.5,
    "CLmax_takeoff": 1.6,
    "CLmax_landing": 1.8,
    "stall_speed_clean": 77.16,
    "stall_speed_takeoff": 61.728,
    "stall_speed_landing": 51.44,
    "stall_speed_high": 82.3,
    "high_altitude": 3048.0,
    "L": 74.9,
    "r_fuselage": 4.4,
    "r_float": 1.5,
    "design": {
        "take_off_power": 21365710.513412848,
        "take_off_thrust": null,
        "MTOM": 277471.5461058041,
        "MTOW": 2721995.8672979386,
        "OEW": 1322602.9842033326,
        "ZFW": 2212394.23007063,
        "EW": 1322177.9842033326,
        "Fuel": 509601.63722730835,
        "Fuel_used": 509601.63722730835,
        "Fuel_reserve": 0.0,
        "S": 816.682193484397,
        "b": 49.49794521445502,
        "MAC": 16.499315071485007,
        "h_b": 0.10101429419619294,
        "k": 1.3940417861816128,
        "WP": 0.07745536694056192,
        "TW": null,
        "WS": 3332.77241396741,
        "fuel_economy": 0.1900353816504512,
        "design_payload": 90000,
        "P": 35142766.406190515,
        "T": null,
        "Re": 4844908742.514971,
        "Cd": 0.0012698173027415375,
        "hull_surface": 101.34572461062017,
        "stall_speed_clean": 77.16,
        "LD": 13.059975721072268
    },
    "ferry": {
        "take_off_power": 21365710.513412848,
        "take_off_thrust": null,
        "MTOM": 87530.25957721476,
        "MTOW": 858671.8464524769,
        "OEW": 664564.2225799889,
        "ZFW": 669592.1444264413,
        "EW": 664139.2225799889,
        "Fuel": 189079.70202603567,
        "Fuel_used": 189079.70202603567,
        "Fuel_reserve": 0.0,
        "S": 257.62731392016485,
        "b": 27.800754337976056,
        "MAC": 9.266918112658686,
        "h_b": 0.17985123494185046,
        "k": 1.213298206850521,
        "WP": 0.07745536694056192,
        "TW": null,
        "WS": 3332.77241396741,
        "ferry_payload": 0,
        "P": 11086021.283862857,
        "T": null,
        "Re": 4844908742.514971,
        "Cd": 0.0012698173027415375,
        "hull_surface": 101.34572461062017,
        "stall_speed_clean": 77.16,
        "LD": 13.059975721072268
    },
    "altitude": {
        "take_off_power": 21365710.513412848,
        "take_off_thrust": null,
        "MTOM": 251244.07063615683,
        "MTOW": 2464704.3329406986,
        "OEW": 1231739.6664172038,
        "ZFW": 2121273.6207501446,
        "EW": 1231314.6664172038,
        "Fuel": 343430.71219055407,
        "Fuel_used": 343430.71219055407,
        "Fuel_reserve": 0.0,
        "S": 739.5069795917535,
        "b": 47.101177679281655,
        "MAC": 15.700392559760553,
        "cruise_altitude": 5,
        "h_b": 0.10615445826101594,
        "k": 1.3755686359855614,
        "WP": 0.07745536694056192,
        "TW": null,
        "WS": 3332.77241396741,
        "fuel_economy": 0.32017158940419144,
        "altitude_payload": 90000,
        "P": 31820962.57877231,
        "T": null,
        "Re": 4844908742.514971,
        "Cd": 0.0012698173027415375,
        "hull_surface": 101.34572461062017,
        "stall_speed_clean": 77.16,
        "LD": 13.059975721072268
    },
    "max": {
        "MTOM": 277471.5461058041,
        "S": 816.682193484397,
        "b": 49.49794521445502,
        "MAC": 16.499315071485007,
        "fuel_economy": 0.1900353816504512,
        "LD": 13.059975721072268
    },
    "gravitational_acceleration": 9.81,
    "kinematic_viscosity": 1.002e-06,
    "rho_water": 1000.0,
    "V_lof": 64.8144,
    "LD": 13.059975721072268
}