{
    "design_id": 2,
    "inputs": {
        "cruise_altitude": 5,
        "aircraft_type": "PROP",
        "wing_type": "HIGH",
        "n_wings": 1,
        "n_fuselages": 2,
        "depth": 0.1,
        "jet_consumption": 2.7e-05,
        "prop_consumption": 2.18e-08,
        "prop_efficiency": 0.82,
        "Cd0": 0.02422111472806403,
        "oswald_factor": 0.85,
        "aspect_ratio": 10,
        "tfo": 0.001,
        "reserve_fuel": 0,
        "n_engines": 8,
        "CLmax_clean": 1.5,
        "CLmax_takeoff": 1.7,
        "CLmax_landing": 1.7,
        "r_float": 3.1,
        "upsweep": 11
    },
    "requirements": {
        "design_range": 3704000,
        "design_payload": 90000,
        "design_crew": 425,
        "ferry_range": 12038000,
        "reserve_range": 185200,
        "ferry_payload": 0,
        "ferry_crew": 425,
        "altitude_range_WIG": 943600,
        "altitude_range_WOG": 538000,
        "altitude_payload": 90000,
        "altitude_crew": 425,
        "cruise_speed": 115.749,
        "stall_speed_clean": 77.16,
        "stall_speed_takeoff": 61.9,
        "stall_speed_landing": 61.9,
        "stall_speed_high": 82.3,
        "high_altitude": 3048.0,
        "cargo_width": 3.5,
        "cargo_height": 4,
        "cargo_length": 7.32,
        "cargo_density": 160
    },
    "outputs": {
        "general": {
            "d_fuselage": 6.2048047905502495,
            "r_fuselage": 3.1024023952751247,
            "l_fuselage": 52.740840719677124,
            "l_tailcone": 27.921621557476122,
            "l_nose": 9.307207185825375,
            "l_cargo_straight": 8.74654837462985,
            "Re": 3407446264.9855022,
            "Cd": 0.0013218773711531056,
            "hull_surface": 210.4204947871738,
            "take_off_power": 93133344.13863601,
            "take_off_thrust": null,
            "V_lof": 64.995,
            "LD_g": 16.6018826655351
        },
        "design": {
            "MTOW": 2620152.046303514,
            "total_fuel": 443826.1270217392,
            "fuel_mission": 418292.20602992305,
            "fuel_reserve": 25533.92099181615,
            "OEW": 1286636.5172354714,
            "EW": 1286211.5172354714,
            "ZFW": 2176325.9192817747,
            "MTOM": 267089.91297691275,
            "S": 735.8258001122894,
            "b": 85.78028911773902,
            "MAC": 8.5780289117739,
            "fuel_economy": 0.15598521120694286,
            "h_b": 0.05828844891321333,
            "k": 1.6394240213199807,
            "WP": 0.0908869540962573,
            "TW": null,
            "WS": 3560.831988190202,
            "P": 28828692.438394863,
            "T": null,
            "LD": 27.217525241014034
        },
        "ferry": {
            "MTOW": 779850.7065605156,
            "total_fuel": 138173.3177137061,
            "fuel_mission": 135214.2832329105,
            "fuel_reserve": 2959.0344807956135,
            "OEW": 636728.288140249,
            "EW": 636303.288140249,
            "ZFW": 641677.3888468095,
            "MTOM": 79495.48486855408,
            "S": 219.00800437031154,
            "b": 46.79829103400161,
            "MAC": 4.679829103400161,
            "fuel_economy": 0,
            "h_b": 0.10684150830138683,
            "k": 1.3732097651706292,
            "WP": 0.0908869540962573,
            "TW": null,
            "WS": 3560.831988190202,
            "P": 8580447.153444981,
            "T": null,
            "LD": 22.797867396529796
        },
        "altitude": {
            "MTOW": 2463521.4229431488,
            "total_fuel": 342666.7335038122,
            "fuel_mission": 317820.78095126717,
            "fuel_reserve": 24845.95255254506,
            "OEW": 1231321.9180163937,
            "EW": 1230896.9180163937,
            "ZFW": 2120854.689439337,
            "MTOM": 251123.48857728325,
            "S": 691.838713851567,
            "b": 83.17684256159085,
            "MAC": 8.317684256159085,
            "fuel_economy": 0.2962961114741193,
            "h_b": 0.06011288534182572,
            "k": 1.623584929084258,
            "WP": 0.0908869540962573,
            "TW": null,
            "WS": 3560.831988190202,
            "P": 27105335.93560702,
            "T": null,
            "LD": 26.95456649018798
        },
        "max": {
            "MTOM": 267089.91297691275,
            "S": 735.8258001122894,
            "b": 85.78028911773902,
            "MAC": 8.5780289117739,
            "fuel_economy": 0.15598521120694286
        },
        "wing_design": {
            "taper_ratio": 0.4,
            "sweep_c_4": 0,
            "dihedral": 1,
            "sweep_x_c": 2.454031674527076,
            "chord_root": 12.25432701681986,
            "chord_tip": 4.901730806727944,
            "y_MAC": 18.381490525229793,
            "X_LEMAC": 21.056440000000002,
            "X_LE": 20.26866183463301,
            "MAC": 9.103214355351895,
            "S": 735.8258001122894,
            "b": 85.78028911773902,
            "aspect_ratio": 10
        }
    },
    "kinematic_viscosity": 1.006e-06,
    "rho_water": 1000
}