{
    "design_id": 1,
    "inputs": {
        "cruise_altitude": 4,
        "aircraft_type": "PROP",
        "wing_type": "LOW",
        "tail_type": "T_TAIL",
        "flap_type": "SLOT",
        "n_wings": 1,
        "n_fuselages": 1,
        "depth": 0.1,
        "jet_consumption": 2.7e-05,
        "prop_consumption": 2.1e-08,
        "prop_efficiency": 0.85,
        "Cd0": 0.018039192355925278,
        "oswald_factor": 0.85,
        "aspect_ratio": 5,
        "aspect_h": 4.5,
        "aspect_v": 1.5,
        "sweep_hc4": 10,
        "sweep_vc4": 10,
        "tfo": 0.001,
        "n_engines": 6.0,
        "CLmax_clean": 1.6,
        "CLmax_takeoff": 2.4,
        "CLmax_landing": 2.4,
        "CL_hydro": 0.5,
        "r_float": 4.416363005162699,
        "upsweep": 11,
        "xcg_OEW": 0.4,
        "V_h": 0.9,
        "V_v": 0.083867,
        "h_position": 0.9442534378654445,
        "v_position": 0.906314874066755,
        "xc_OEW": 0.2,
        "xc_wing": 0.4,
        "xc_fuselage": 0.4,
        "mf_wing": 0.08,
        "mf_fuselage": 0.08,
        "ltcd": 4.5,
        "lnd": 1.5,
        "lfd": 8.5,
        "engine_power": 8202000,
        "object_distance": 2550,
        "aileron_deflection": 25,
        "aileron_chord": 0.25,
        "flap_chord": 0.35
    },
    "requirements": {
        "design_range": 3704000,
        "design_payload": 90000,
        "design_crew": 425,
        "ferry_range": 12038000,
        "ferry_payload": 0,
        "reserve_range": 185200,
        "ferry_crew": 170,
        "altitude_range_WIG": 943600,
        "altitude_range_WOG": 538000,
        "altitude_payload": 90000,
        "altitude_crew": 425,
        "cruise_speed": 115.749,
        "stall_speed_clean": 77.16,
        "stall_speed_takeoff": 61.73,
        "stall_speed_landing": 61.73,
        "stall_speed_high": 82.3,
        "high_altitude": 3048.0,
        "cargo_width": 3.5,
        "cargo_height": 4,
        "cargo_length": 7.32,
        "cargo_density": 160
    },
    "outputs": {
        "general": {
            "d_fuselage": 8.832726010325398,
            "r_fuselage": 4.416363005162699,
            "l_fuselage": 75.07817108776588,
            "l_tailcone": 39.747267046464295,
            "l_nose": 13.249089015488098,
            "l_cargo_straight": 15.316351424067726,
            "LD_g": 13.602879813538994,
            "Re": 4837280592.753655,
            "Cd_water": 0.0012700434697589557,
            "hull_surface": 227.12738815886908,
            "take_off_power": 46205736.735140644,
            "take_off_thrust": null,
            "V_lof": 64.8165,
            "xcg_payload": 0.44404883931977346
        },
        "design": {
            "MTOW": 2617392.438704581,
            "total_fuel": 442043.8431677504,
            "OEW": 1285661.953098126,
            "EW": 1285236.953098126,
            "ZFW": 2175348.595536831,
            "MTOM": 266808.60741127224,
            "S": 523.4532863736213,
            "b": 51.15922626338387,
            "MAC": 10.231845252676775,
            "h_b": 0.07818726537040915,
            "k": 1.6140669792184048,
            "WP": 0.08479030479090177,
            "TW": null,
            "WS": 4999.962615982123,
            "P": 30869006.134123888,
            "T": null,
            "LD": 21.955959129309903,
            "max_fuel": 486248.2274845255,
            "mission_fuel": 437592.09272917587,
            "reserve_fuel": 4451.750438574527,
            "Mff": 0.8311128905887227,
            "fuel_economy": 0.07960113449328854,
            "total_fuel_L": 54951.87130699764,
            "mission_fuel_L": 54398.460099099466,
            "reserve_fuel_L": 553.4112078981784,
            "max_fuel_L": 60447.05843769741
        },
        "ferry": {
            "MTOW": 798810.2809886613,
            "total_fuel": 150418.298991069,
            "OEW": 643423.9217166037,
            "EW": 643253.9217166037,
            "ZFW": 648391.9819975924,
            "MTOM": 81428.16319965967,
            "S": 159.76413069171204,
            "b": 28.263415459893736,
            "MAC": 5.652683091978747,
            "fuel_economy": 0,
            "h_b": 0.14152571212336554,
            "k": 1.377999627539628,
            "WP": 0.08107248496841046,
            "TW": null,
            "WS": 4999.962615982123,
            "P": 9853038.072040277,
            "T": null,
            "LD": 18.74476331652306,
            "max_fuel": 165460.1288901759,
            "mission_fuel": 148863.80833876354,
            "reserve_fuel": 1554.4906523054524,
            "Mff": 0.8116970918239795,
            "fuel_mission": 116627.08222187468,
            "fuel_reserve": 2339.5820760255447,
            "max_fuel_L": 20568.873087463748,
            "total_fuel_L": 18698.975534057954,
            "mission_fuel_L": 18505.731873743014,
            "reserve_fuel_L": 193.2436603149415
        },
        "altitude": {
            "MTOW": 2437292.729151164,
            "OEW": 1222059.1719836097,
            "EW": 1221634.1719836097,
            "ZFW": 2111565.714712761,
            "MTOM": 248449.81948533782,
            "S": 487.4602975153216,
            "b": 49.36903369093432,
            "MAC": 9.873806738186863,
            "h_b": 0.08102244870825825,
            "k": 1.597338616801541,
            "WP": 0.08479030479090177,
            "TW": null,
            "WS": 4999.962615982123,
            "P": 28744945.960056182,
            "T": null,
            "LD": 21.72840522587598,
            "Mff": 0.8663570401115323,
            "total_fuel": 325727.01443840313,
            "mission_fuel": 321360.4913338527,
            "reserve_fuel": 4366.523104550433,
            "max_fuel": 358299.7158822435,
            "fuel_economy": 0.1409863962860001,
            "max_fuel_L": 44541.37339726057,
            "total_fuel_L": 40492.15763387324,
            "mission_fuel_L": 39949.34130601585,
            "reserve_fuel_L": 542.8163278573921
        },
        "max": {
            "MTOM": 266808.60741127224,
            "S": 523.4532863736213,
            "b": 51.15922626338387,
            "MAC": 10.231845252676775,
            "fuel_economy": 0.07960113449328854,
            "OEW": 1285661.953098126,
            "total_fuel": 442043.8431677504,
            "max_fuel": 486248.2274845255,
            "mission_fuel": 437592.09272917587,
            "reserve_fuel": 4451.750438574527,
            "Mff": 0.8116970918239795,
            "LD": 21.955959129309903,
            "MTOW": 2617392.438704581,
            "total_fuel_L": 54951.87130699764,
            "mission_fuel_L": 54398.460099099466,
            "reserve_fuel_L": 553.4112078981784,
            "max_fuel_L": 60447.05843769741
        },
        "wing_design": {
            "taper_ratio": 0.4,
            "sweep_c_4": 0,
            "dihedral": 5,
            "sweep_x_c": 4.899092453787766,
            "chord_root": 14.616921789538253,
            "chord_tip": 5.846768715815301,
            "y_MAC": 10.962691342153688,
            "X_LEMAC": 30.031268435106355,
            "X_LE": 29.091609177207467,
            "MAC": 10.858284757942702,
            "S": 523.4532863736213,
            "b": 51.15922626338387,
            "aspect_ratio": 5
        },
        "cg_range": {
            "most_aft_cg": 32.12548784362076,
            "most_aft_mission": "DESIGN_OEW_PAYLOAD_FUEL",
            "most_forward_cg": 30.031268435106355,
            "most_forward_mission": "DESIGN_OEW"
        },
        "empennage_design": {
            "vertical_tail": {
                "S": 62.52721243247608,
                "l_v": 35.91897533095006,
                "mac": 10.731668352743815,
                "b": 9.684566002083631,
                "chord_root": 9.459246179003902,
                "chord_tip": 3.4535084904409388,
                "sweep": 25.938031088089183,
                "taper": 0.36509341496011344,
                "MAC": 6.921923302090309,
                "aspect_ratio": 1.5,
                "LE_pos": 65.31892490876199,