{
    "design_id": 3,
    "inputs": {
        "cruise_altitude": 10,
        "aircraft_type": "PROP",
        "wing_type": "HIGH",
        "tail_type": "CONVENTIONAL",
        "n_wings": 1,
        "n_fuselages": 1,
        "depth": 0.1,
        "jet_consumption": 2.7e-05,
        "prop_consumption": 2.1e-08,
        "prop_efficiency": 0.85,
        "Cd0": 0.018907675752271494,
        "oswald_factor": 0.85,
        "aspect_ratio": 8,
        "aspect_h": 4.5,
        "aspect_v": 1.5,
        "sweep_h": 21,
        "sweep_hc4": 30,
        "taper_h": 0.3,
        "sweep_v": 10,
        "taper_v": 0.6,
        "h_position": 0.9389210411266683,
        "v_position": 0.908287223712128,
        "tfo": 0.001,
        "n_engines": 6.0,
        "CLmax_clean": 1.6,
        "CLmax_takeoff": 2.4,
        "CLmax_landing": 2.4,
        "CL_hydro": 0.5,
        "r_float": 4.416363005162699,
        "upsweep": 11,
        "xcg_OEW": 0.4,
        "V_h": 0.9,
        "V_v": 0.083867,
        "xc_OEW": 0.2,
        "xc_wing": 0.4,
        "xc_fuselage": 0.4,
        "mf_wing": 0.12,
        "mf_fuselage": 0.2,
        "ltcd": 4.5,
        "lnd": 1.5,
        "lfd": 8.5,
        "engine_power": 8202000
    },
    "requirements": {
        "design_range": 3704000,
        "design_payload": 90000,
        "design_crew": 425,
        "ferry_range": 12038000,
        "reserve_range": 185200,
        "ferry_payload": 0,
        "ferry_crew": 170,
        "altitude_range_WIG": 943600,
        "altitude_range_WOG": 538000,
        "altitude_payload": 90000,
        "altitude_crew": 425,
        "cruise_speed": 115.749,
        "stall_speed_clean": 77.16,
        "stall_speed_takeoff": 61.73,
        "stall_speed_landing": 61.73,
        "stall_speed_high": 82.3,
        "high_altitude": 3048.0,
        "cargo_width": 3.5,
        "cargo_height": 4,
        "cargo_length": 7.32,
        "cargo_density": 160
    },
    "outputs": {
        "general": {
            "d_fuselage": 8.832726010325398,
            "r_fuselage": 4.416363005162699,
            "l_fuselage": 75.07817108776588,
            "l_tailcone": 39.747267046464295,
            "l_nose": 13.249089015488098,
            "l_cargo_straight": 15.316351424067726,
            "Re": 4837280592.753655,
            "Cd": 0.0012700434697589557,
            "hull_surface": 227.12738815886908,
            "take_off_power": 46205736.735140644,
            "take_off_thrust": null,
            "V_lof": 64.8165,
            "LD_g": 16.80661780666686,
            "Cd_water": 0.0012700434697589557,
            "xcg_payload": 0.44404883931977346
        },
        "design": {
            "MTOW": 2538460.6363677112,
            "total_fuel": 391065.98786480626,
            "OEW": 1257786.9378665371,
            "EW": 1257361.9378665371,
            "ZFW": 2147394.648502905,
            "MTOM": 258762.55212718766,
            "S": 507.97460210954205,
            "b": 63.74791617673739,
            "MAC": 7.968489522092173,
            "fuel_economy": 0.07050712586113993,
            "h_b": 0.15686787270466349,
            "k": 1.6557845294894613,
            "WP": 0.10564228733735566,
            "TW": null,
            "WS": 4997.0828914598405,
            "P": 24028830.692215603,
            "T": null,
            "LD": 27.82813775732109,
            "max_fuel": 430172.5866512869,
            "mission_fuel": 387599.5104127188,
            "reserve_fuel": 3466.477452087449,
            "Mff": 0.8459436470031761
        },
        "ferry": {
            "MTOW": 746457.1156899605,
            "total_fuel": 116606.17249409623,
            "OEW": 624935.2360801743,
            "EW": 624765.2360801743,
            "ZFW": 629850.9431958643,
            "MTOM": 76091.44910193277,
            "S": 149.3698686115637,
            "b": 34.568178269797635,
            "MAC": 4.321022283724705,
            "fuel_economy": 0,
            "h_b": 0.2892833959010517,
            "k": 1.4778972876635779,
            "WP": 0.09908997424947293,
            "TW": null,
            "WS": 4997.0828914598405,
            "P": 7533124.529941344,
            "T": null,
            "LD": 24.83845487127134,
            "max_fuel": 128266.78974350587,
            "mission_fuel": 115466.93036760103,
            "reserve_fuel": 1139.242126495199,
            "Mff": 0.8437871780667325
        },
        "altitude": {
            "MTOW": 2402157.306261305,
            "total_fuel": 303034.9125091617,
            "OEW": 1209650.986445882,
            "EW": 1209225.986445882,
            "ZFW": 2099122.3937521437,
            "MTOM": 244868.22693795158,
            "S": 480.71099428403164,
            "b": 62.013611040418,
            "MAC": 7.75170138005225,
            "fuel_economy": 0.13145087514439233,
            "h_b": 0.16125492181841175,
            "k": 1.6456565536115502,
            "WP": 0.10529595380284666,
            "TW": null,
            "WS": 4997.0828914598405,
            "P": 22813386.6450276,
            "T": null,
            "LD": 27.657920737585897,
            "max_fuel": 333338.4037600779,
            "mission_fuel": 299625.48824195715,
            "reserve_fuel": 3409.4242672045366,
            "Mff": 0.8738488475674383
        },
        "max": {
            "MTOM": 258762.55212718766,
            "S": 507.97460210954205,
            "b": 63.74791617673739,
            "MAC": 7.968489522092173,
            "fuel_economy": 0.07050712586113993,
            "OEW": 1257786.9378665371,
            "total_fuel": 391065.98786480626,
            "max_fuel": 430172.5866512869,
            "mission_fuel": 387599.5104127188,
            "reserve_fuel": 3466.477452087449,
            "Mff": 0.8437871780667325,
            "MTOW": 2538460.6363677112,
            "LD": 27.82813775732109
        },
        "wing_design": {
            "taper_ratio": 0.4,
            "sweep_c_4": 0,
            "dihedral": 1,
            "sweep_x_c": 3.066485501125894,
            "chord_root": 11.383556460131677,
            "chord_tip": 4.553422584052671,
            "y_MAC": 13.660267752158015,
            "X_LEMAC": 29.354759936904244,
            "X_LE": 28.622959878752923,
            "MAC": 8.456356227526388,
            "S": 507.97460210954205,
            "b": 63.74791617673739,
            "aspect_ratio": 8
        },
        "cg_range": {
            "most_aft_cg": 31.761302694311073,
            "most_aft_mission": "DESIGN_OEW_PAYLOAD_FUEL",
            "most_forward_cg": 30.031268435106355,
            "most_forward_mission": "DESIGN_OEW"
        },
        "empennage_design": {
            "vertical_tail": {
                "S": 74.5461357624847,
                "l_v": 36.43124088437996,
                "mac": 11.941273556683253,
                "b": 10.574459969366144,
                "chord_root": 8.812049974471789,
                "chord_tip": 5.287229984683073,
                "sweep": 10,
                "taper": 0.6,
                "MAC": 7.196507479151959,
                "aspect_ratio": 1.5,
                "LE_pos": 65.9661211132941,
                "relative_pos_mac/4": 0.908287223712128
            },
            "horizontal_tail": {
                "S": 99.81760386757674,
                "l_h": 38.7311718693002,
                "mac": 6.890369749157854,
                "b": 21.193848574624084,
                "chord_root": 7.245760196452678,
                "chord_tip": 2.1737280589358035,
                "sweep": 21,
                "sweep_hc4": 30,
                "taper": 0.3,
                "MAC": 5.164926499009858,
                "sweep_c_4": 30,
                "aspect_ratio": 4.5,
                "tail_height": 8.832726010325398,
                "LE_pos": 67.5324108913132,
                "relative_pos_mac/4": 0.9389210411266683
            }
        }
    },
    "kinematic_viscosity": 1.006e-06,
    "rho_water": 1000,
    "viscosity_air": 1.484e-05,
    "rho_air": 1.225
}