{
    "design_id": 1,
    "inputs": {
        "cruise_altitude": 4,
        "aircraft_type": "PROP",
        "wing_type": "HIGH",
        "n_wings": 1,
        "n_fuselages": 1,
        "depth": 0.05,
        "jet_consumption": 2.7e-05,
        "prop_consumption": 2.1e-08,
        "prop_efficiency": 0.82,
        "Cd0": 0.02434723936958912,
        "oswald_factor": 0.85,
        "aspect_ratio": 10,
        "tfo": 0.001,
        "reserve_fuel": 0,
        "n_engines": 8,
        "CLmax_clean": 1.5,
        "CLmax_takeoff": 1.7,
        "CLmax_landing": 1.7,
        "r_float": 4.4,
        "k": 1.7430714713559774,
        "upsweep": 11
    },
    "requirements": {
        "design_range": 3704000,
        "design_payload": 90000,
        "design_crew": 425,
        "ferry_range": 12038000,
        "ferry_payload": 0,
        "reserve_range": 185200,
        "ferry_crew": 425,
        "altitude_range_WIG": 943600,
        "altitude_range_WOG": 538000,
        "altitude_payload": 90000,
        "altitude_crew": 425,
        "cruise_speed": 115.749,
        "stall_speed_clean": 77.16,
        "stall_speed_takeoff": 61.9,
        "stall_speed_landing": 61.9,
        "stall_speed_high": 82.3,
        "high_altitude": 3048.0,
        "cargo_width": 3.5,
        "cargo_height": 4,
        "cargo_length": 7.32,
        "cargo_density": 160
    },
    "outputs": {
        "general": {
            "d_fuselage": 8.832726010325398,
            "r_fuselage": 4.416363005162699,
            "l_fuselage": 75.07817108776588,
            "l_tailcone": 39.747267046464295,
            "l_nose": 13.249089015488098,
            "l_cargo_straight": 15.316351424067726,
            "LD": 28.863217078092145,
            "LD_g": 16.558825930206265,
            "Re": 4850602117.146465,
            "Cd": 0.0012696487711144299,
            "hull_surface": 297.98795964264247,
            "take_off_power": 63340036.516666256,
            "take_off_thrust": null,
            "V_lof": 64.995
        },
        "design": {
            "MTOW": 2588147.471179462,
            "total_fuel": 423156.0732360293,
            "fuel_mission": 397368.0434330406,
            "fuel_reserve": 25788.02980298869,
            "OEW": 1275334.0004722534,
            "EW": 1274909.0004722534,
            "ZFW": 2164991.397943433,
            "MTOM": 263827.46902950684,
            "S": 726.7548165585262,
            "b": 85.24991592714483,
            "MAC": 8.524991592714484,
            "fuel_economy": 0.14818238850321397,
            "h_b": 0.04692086738734649,
            "k": 1.7584673405117024,
            "WP": 0.09054334798002854,
            "TW": null,
            "WS": 3561.1738935188127,
            "P": 28584623.044316173,
            "T": null
        },
        "ferry": {
            "MTOW": 763300.4084699397,
            "total_fuel": 127484.35995139398,
            "fuel_mission": 124431.72341387664,
            "fuel_reserve": 3052.636537517348,
            "OEW": 630883.4981100758,
            "EW": 630458.4981100758,
            "ZFW": 635816.0485185457,
            "MTOM": 77808.40045565134,
            "S": 214.33156552621685,
            "b": 46.295957223737894,
            "MAC": 4.6295957223737885,
            "fuel_economy": 0,
            "h_b": 0.08640063279540597,
            "k": 1.4560346134726034,
            "WP": 0.09054334798002854,
            "TW": null,
            "WS": 3561.1738935188127,
            "P": 8430220.722987883,
            "T": null
        },
        "altitude": {
            "MTOW": 2453459.104413603,
            "total_fuel": 336168.01685444324,
            "fuel_mission": 310978.4019785585,
            "fuel_reserve": 25189.614875884727,
            "OEW": 1227768.3784547464,
            "EW": 1227343.3784547464,
            "ZFW": 2117291.08755916,
            "MTOM": 250097.7680340064,
            "S": 688.9293320924501,
            "b": 83.00176697471265,
            "MAC": 8.300176697471267,
            "fuel_economy": 0.28991713815218056,
            "h_b": 0.04819174513740944,
            "k": 1.7430714713559774,
            "WP": 0.09054334798002854,
            "TW": null,
            "WS": 3561.1738935188127,
            "P": 27097066.312974986,
            "T": null
        },
        "max": {
            "MTOM": 263827.46902950684,
            "S": 726.7548165585262,
            "b": 85.24991592714483,
            "MAC": 8.524991592714484,
            "fuel_economy": 0.14818238850321397
        },
        "wing_design": {
            "taper_ratio": 0.4,
            "sweep_c_4": 0,
            "dihedral": 1,
            "sweep_x_c": 2.454031674527076,
            "chord_root": 12.178559418163548,
            "chord_tip": 4.871423767265419,
            "y_MAC": 18.26783912724532,
            "X_LEMAC": 21.056440000000002,
            "X_LE": 20.273532608832344,
            "MAC": 9.046929853492921,
            "S": 726.7548165585262,
            "b": 85.24991592714483,
            "aspect_ratio": 10
        }
    },
    "kinematic_viscosity": 1.006e-06,
    "rho_water": 1000
}