{
    "design_id": 4,
    "inputs": {
        "cruise_altitude": 5,
        "aircraft_type": "PROP",
        "wing_type": "HIGH",
        "n_wings": 2,
        "n_fuselages": 1,
        "depth": 0.05,
        "jet_consumption": 2.7e-05,
        "prop_consumption": 2.1e-08,
        "prop_efficiency": 0.85,
        "Cd0": 0.023484175557793377,
        "oswald_factor": 0.85,
        "aspect_ratio": 6,
        "Cl_alpha": 5.0,
        "tfo": 0.001,
        "reserve_fuel": 0,
        "n_engines": 8,
        "CLmax_clean": 1.5,
        "CLmax_takeoff": 1.7,
        "CLmax_landing": 1.7,
        "r_float": 1.5,
        "upsweep": 11,
        "k": 1.2037828337739704
    },
    "requirements": {
        "design_range": 3704000,
        "design_payload": 90000,
        "design_crew": 425,
        "ferry_range": 12038000,
        "reserve_range": 185200,
        "ferry_payload": 0,
        "ferry_crew": 425,
        "altitude_range_WIG": 943600,
        "altitude_range_WOG": 538000,
        "altitude_payload": 90000,
        "altitude_crew": 425,
        "cruise_speed": 115.749,
        "stall_speed_clean": 77.16,
        "stall_speed_takeoff": 61.9,
        "stall_speed_landing": 61.9,
        "stall_speed_high": 82.3,
        "high_altitude": 3048.0,
        "cargo_width": 3.5,
        "cargo_height": 4,
        "cargo_length": 7.32,
        "cargo_density": 160
    },
    "outputs": {
        "general": {
            "d_fuselage": 8.832726010325398,
            "r_fuselage": 4.416363005162699,
            "l_fuselage": 75.07817108776588,
            "l_tailcone": 39.747267046464295,
            "l_nose": 13.249089015488098,
            "l_cargo_straight": 15.316351424067726,
            "Re": 4850602117.146465,
            "Cd": 0.0012696487711144299,
            "hull_surface": 101.58680442362811,
            "take_off_power": 20831081.52820842,
            "take_off_thrust": null,
            "V_lof": 64.995,
            "LD_g": 13.059975721072268
        },
        "design": {
            "MTOW": 2754405.903946915,
            "total_fuel": 530533.5570585998,
            "fuel_mission": 506036.3150663152,
            "fuel_reserve": 24497.241992284602,
            "OEW": 1334048.6909843683,
            "EW": 1333623.6909843683,
            "ZFW": 2223872.3468883154,
            "MTOM": 280775.3215032533,
            "S": 773.5287463156995,
            "b": 48.17246349261265,
            "MAC": 16.057487830870883,
            "fuel_economy": 0.18870583851699976,
            "h_b": 0.10379373686726154,
            "k": 1.3838676094878128,
            "WP": 0.08174728777036544,
            "TW": null,
            "WS": 3560.831988190202,
            "P": 33694156.45549315,
            "T": null,
            "LD": 18.073277381089156
        },
        "ferry": {
            "MTOW": 849568.507803246,
            "total_fuel": 183200.33950427864,
            "fuel_mission": 180620.27604088213,
            "fuel_reserve": 2580.063463396509,
            "OEW": 661349.349791164,
            "EW": 660924.349791164,
            "ZFW": 666368.1682989674,
            "MTOM": 86602.29437341957,
            "S": 238.58708009154088,
            "b": 26.753714513589,
            "MAC": 8.917904837863,
            "fuel_economy": 0,
            "h_b": 0.18688993625391168,
            "k": 1.2037792405914982,
            "WP": 0.08174728777036544,
            "TW": null,
            "WS": 3560.831988190202,
            "P": 10392620.12202473,
            "T": null,
            "LD": 15.721327655655779
        },
        "altitude": {
            "MTOW": 2507729.368244569,
            "total_fuel": 371218.29538501886,
            "fuel_mission": 347750.8148367778,
            "fuel_reserve": 23467.48054824106,
            "OEW": 1246934.0934913051,
            "EW": 1246509.0934913051,
            "ZFW": 2136511.07285955,
            "MTOM": 255629.9050198337,
            "S": 704.2537745612212,
            "b": 45.96478351611877,
            "MAC": 15.321594505372921,
            "fuel_economy": 0.32419910960414156,
            "h_b": 0.10877893068389231,
            "k": 1.3666897005382717,
            "WP": 0.08174728777036544,
            "TW": null,
            "WS": 3560.831988190202,
            "P": 30676606.36385855,
            "T": null,
            "LD": 17.848934307269356
        },
        "max": {
            "MTOM": 280775.3215032533,
            "S": 773.5287463156995,
            "b": 48.17246349261265,
            "MAC": 16.057487830870883,
            "fuel_economy": 0.18870583851699976
        },
        "wing_design": {
            "taper_ratio": 0.4,
            "sweep_c_4": 0,
            "dihedral": 1,
            "sweep_x_c": 4.085616779974877,
            "chord_root": 22.93926832981555,
            "chord_tip": 9.17570733192622,
            "y_MAC": 10.322670748416996,
            "X_LEMAC": 21.056440000000002,
            "X_LE": 20.319106375113073,
            "MAC": 17.040599330720124,
            "S": 773.5287463156995,
            "b": 48.17246349261265,
            "aspect_ratio": 6
        }
    },
    "kinematic_viscosity": 1.006e-06,
    "rho_water": 1000
}