{
    "design_id": 2,
    "inputs": {
        "cruise_altitude": 8,
        "aircraft_type": "PROP",
        "wing_type": "HIGH",
        "n_wings": 1,
        "n_fuselages": 2,
        "depth": 0.1,
        "jet_consumption": 2.7e-05,
        "prop_consumption": 2.1e-08,
        "prop_efficiency": 0.82,
        "Cd0": 0.023153280945846507,
        "oswald_factor": 0.85,
        "aspect_ratio": 10,
        "tfo": 0.001,
        "reserve_fuel": 0,
        "n_engines": 8,
        "CLmax_clean": 1.5,
        "CLmax_takeoff": 1.7,
        "CLmax_landing": 1.7,
        "r_float": 3.1,
        "upsweep": 11,
        "k": 1.2280754426283018
    },
    "requirements": {
        "design_range": 3704000,
        "design_payload": 90000,
        "design_crew": 425,
        "ferry_range": 12038000,
        "reserve_range": 185200,
        "ferry_payload": 0,
        "ferry_crew": 425,
        "altitude_range_WIG": 943600,
        "altitude_range_WOG": 538000,
        "altitude_payload": 90000,
        "altitude_crew": 425,
        "cruise_speed": 115.749,
        "stall_speed_clean": 77.16,
        "stall_speed_takeoff": 61.9,
        "stall_speed_landing": 61.9,
        "stall_speed_high": 82.3,
        "high_altitude": 3048.0,
        "cargo_width": 3.5,
        "cargo_height": 4,
        "cargo_length": 7.32,
        "cargo_density": 160
    },
    "outputs": {
        "general": {
            "d_fuselage": 6.2048047905502495,
            "r_fuselage": 3.1024023952751247,
            "l_fuselage": 52.740840719677124,
            "l_tailcone": 27.921621557476122,
            "l_nose": 9.307207185825375,
            "l_cargo_straight": 8.74654837462985,
            "Re": 3407446264.9855022,
            "Cd": 0.0013218773711531056,
            "hull_surface": 210.4204947871738,
            "take_off_power": 93133344.13863601,
            "take_off_thrust": null,
            "V_lof": 64.995,
            "LD_g": 16.9804084539636
        },
        "design": {
            "MTOW": 2646927.0278855227,
            "total_fuel": 461118.6643313698,
            "fuel_mission": 435795.19872584793,
            "fuel_reserve": 25323.465605521866,
            "OEW": 1296092.1865262673,
            "EW": 1295667.1865262673,
            "ZFW": 2185808.3635541527,
            "MTOM": 269819.26889760676,
            "S": 743.5592595362926,
            "b": 86.22988226457767,
            "MAC": 8.622988226457768,
            "fuel_economy": 0.162512246549868,
            "h_b": 0.09277526293557653,
            "k": 1.427064793460714,
            "WP": 0.09392948775855182,
            "TW": null,
            "WS": 3559.8064228808703,
            "P": 28179936.791410137,
            "T": null,
            "LD": 24.232143083234128
        },
        "ferry": {
            "MTOW": 789962.0076689315,
            "total_fuel": 144703.66960697103,
            "fuel_mission": 141801.0915966571,
            "fuel_reserve": 2902.5780103139405,
            "OEW": 640299.1260542915,
            "EW": 639874.1260542915,
            "ZFW": 645258.3380619604,
            "MTOM": 80526.19853913675,
            "S": 221.9059646087463,
            "b": 47.10689595045998,
            "MAC": 4.710689595045999,
            "fuel_economy": 0,
            "h_b": 0.16982651560003464,
            "k": 1.2280754426283018,
            "WP": 0.09392948689326906,
            "TW": null,
            "WS": 3559.8064228808703,
            "P": 8410159.938024102,
            "T": null,
            "LD": 20.853222496338308
        },
        "altitude": {
            "MTOW": 2465683.219378081,
            "total_fuel": 344062.92290519096,
            "fuel_mission": 319523.8355780631,
            "fuel_reserve": 24539.08732712787,
            "OEW": 1232085.363253512,
            "EW": 1231660.363253512,
            "ZFW": 2121620.2964728903,
            "MTOM": 251343.85518634872,
            "S": 692.6705731297513,
            "b": 83.22683300052643,
            "MAC": 8.322683300052642,
            "fuel_economy": 0.2978838253487039,
            "h_b": 0.09612284538028017,
            "k": 1.4130966986907638,
            "WP": 0.09392948778732847,
            "TW": null,
            "WS": 3559.8064228808703,
            "P": 26250363.72987348,
            "T": null,
            "LD": 23.99495913375929
        },
        "max": {
            "MTOM": 269819.26889760676,
            "S": 743.5592595362926,
            "b": 86.22988226457767,
            "MAC": 8.622988226457768,
            "fuel_economy": 0.162512246549868
        },
        "wing_design": {
            "taper_ratio": 0.4,
            "sweep_c_4": 0,
            "dihedral": 1,
            "sweep_x_c": 2.454031674527076,
            "chord_root": 12.318554609046538,
            "chord_tip": 4.927421843618616,
            "y_MAC": 18.477831913569805,
            "X_LEMAC": 21.056440000000002,
            "X_LE": 20.264532917989868,
            "MAC": 9.150926281006,
            "S": 743.5592595147021,
            "b": 86.22988226332575,
            "aspect_ratio": 10
        }
    },
    "kinematic_viscosity": 1.006e-06,
    "rho_water": 1000,
    "viscosity_air": 1.48e-05,
    "rho_air": 1.225
}