{
    "aircraft_type": "PROP",
    "design_range": 3704000,
    "design_payload": 90000,
    "design_crew": 425,
    "ferry_range": 12038000,
    "ferry_payload": 0,
    "ferry_crew": 425,
    "altitude_range_WIG": 943600,
    "altitude_range_WOG": 538000,
    "altitude_payload": 90000,
    "altitude_crew": 425,
    "cruise_speed": 115.749,
    "jet_consumption": 1.9e-05,
    "prop_consumption": 9e-08,
    "prop_efficiency": 0.82,
    "Cd0": 0.02,
    "oswald_factor": 0.85,
    "aspect_ratio": 8,
    "Cl_alpha": 5.0,
    "tfo": 0.001,
    "reserve_fuel": 0,
    "k": 1.5790201081866457,
    "n_engines": 8,
    "CLmax_clean": 1.5,
    "CLmax_takeoff": 1.6,
    "CLmax_landing": 1.8,
    "stall_speed_clean": 77.16,
    "stall_speed_takeoff": 61.728,
    "stall_speed_landing": 51.44,
    "cruise_altitude": 6,
    "high_altitude": 3048.0,
    "L": 40,
    "r": 3,
    "hull_surface": 251.32741228718345,
    "rho_water": 1000.0,
    "kinematic_viscosity": 1.002e-06,
    "MTOW": 4625709.457361709,
    "fuel_used": 1739109.0481734753,
    "fuel_res": 0.0,
    "fuel": 1739109.0481734753,
    "OEW": 1994905.4497308726,
    "ZFW": 2886600.4091882342,
    "EW": 1994480.4497308726,
    "MTOM": 471530.0160409489,
    "WS": 3332.4524300554363,
    "Fuel": 1739109.0481734753,
    "Fuel_used": 1739109.0481734753,
    "Fuel_reserve": 0.0,
    "S": 1388.1010469017415,
    "b": 91.26119811513789,
    "MAC": 15.210199685856319,
    "h_b": 0.06574535644853378,
    "fuel_economy": 0.43607197035926715,
    "gravitational_acceleration": 9.81,
    "TW": null,
    "WP": 0.08573691642391083,
    "take_off_thrust": null,
    "take_off_power": 56950789.84958503
}