{
    "design_id": 1,
    "requirements": {
        "design_range": 3704000,
        "design_payload": 90000,
        "design_crew": 425,
        "ferry_range": 12038000,
        "ferry_payload": 0,
        "reserve_range": 185200,
        "ferry_crew": 425,
        "altitude_range_WIG": 943600,
        "altitude_range_WOG": 538000,
        "altitude_payload": 90000,
        "altitude_crew": 425,
        "cruise_speed": 115.749,
        "stall_speed_clean": 77.16,
        "stall_speed_takeoff": 77.16,
        "stall_speed_landing": 77.16,
        "stall_speed_high": 82.3,
        "high_altitude": 3048.0,
        "cargo_width": 3.5,
        "cargo_height": 4,
        "cargo_length": 7.32,
        "cargo_density": 160
    },
    "inputs": {
        "cruise_altitude": 4,
        "aircraft_type": "PROP",
        "wing_type": "HIGH",
        "n_wings": 1,
        "n_fuselages": 1,
        "depth": 0.05,
        "jet_consumption": 2.7e-05,
        "prop_consumption": 2.1e-08,
        "prop_efficiency": 0.82,
        "Cd0": 0.02434723936958912,
        "oswald_factor": 0.85,
        "aspect_ratio": 10,
        "tfo": 0.001,
        "reserve_fuel": 0,
        "n_engines": 8,
        "CLmax_clean": 1.5,
        "CLmax_takeoff": 1.6,
        "CLmax_landing": 1.8,
        "r_float": 4.4,
        "k": 1.6414639654043601,
        "upsweep": 11
    },
    "outputs": {
        "general": {
            "d_fuselage": 8.832726010325398,
            "l_fuselage": 75.07817108776588,
            "l_tailcone": 39.747267046464295,
            "l_nose": 13.249089015488098,
            "r_fuselage": 4.416363005162699,
            "LD": 16.558825930206265,
            "l_cargo_straight": 15.316351424067726,
            "Re": 6070542180.8269615,
            "Cd": 0.0012380603518356813,
            "hull_surface": 297.98795964264247,
            "V_lof": 81.018
        },
        "design": {
            "take_off_power": 119630312.83054586,
            "take_off_thrust": null,
            "MTOM": 266430.67168390413,
            "MTOW": 2613684.8892190997,
            "OEW": 1284352.6202903115,
            "ZFW": 2174035.5551795303,
            "EW": 1283927.6202903115,
            "Fuel": 439649.3340395692,
            "Fuel_used": 439649.3340395692,
            "Fuel_reserve": 0.0,
            "S": 501.853156199057,
            "b": 70.84159485775692,
            "MAC": 7.08415948577569,
            "cruise_altitude": 4,
            "h_b": 0.0564640026531251,
            "k": 1.656041496811567,
            "WP": 0.10203885719368126,
            "TW": null,
            "WS": 5207.956908413346,
            "fuel_economy": 0.15995072283185766,
            "design_payload": 90000,
            "P": 25614603.701980226,
            "T": null,
            "Cd": 0.0011961923747502632,
            "hull_surface": 508.33240174333133,
            "LD": 16.558825930206265,
            "fuel_used": 439649.3340395692,
            "fuel_res": 0.0,
            "fuel": 439649.3340395692
        },
        "ferry": {
            "take_off_power": 119630312.83054586,
            "take_off_thrust": null,
            "MTOM": 78977.06183386604,
            "MTOW": 774764.9765902259,
            "OEW": 634932.2465424589,
            "ZFW": 639876.2615190491,
            "EW": 634507.2465424589,
            "Fuel": 134888.7150711769,
            "Fuel_used": 134888.7150711769,
            "Fuel_reserve": 0.0,
            "S": 148.75981338475938,
            "b": 38.56939374488007,
            "MAC": 3.8569393744880074,
            "cruise_altitude": 4,
            "h_b": 0.10370917485657871,
            "k": 1.3841705921487846,
            "WP": 0.09504290474618557,
            "TW": null,
            "WS": 5207.956908413346,
            "ferry_payload": 0,
            "P": 8151739.245125715,
            "T": null,
            "Re": 6070542180.8269615,
            "Cd": 0.0011961923747502632,
            "stall_speed_clean": 77.16,
            "hull_surface": 508.33240174333133,
            "fuel_used": 134888.7150711769,
            "fuel_res": 0.0,
            "fuel": 134888.7150711769
        },
        "altitude": {
            "take_off_power": 119630312.83054586,
            "take_off_thrust": null,
            "MTOM": 251991.31672691324,
            "MTOW": 2472034.817091019,
            "OEW": 1234328.4500417437,
            "ZFW": 2123869.7348588347,
            "EW": 1233903.4500417437,
            "Fuel": 348165.08223218436,
            "Fuel_used": 348165.08223218436,
            "Fuel_reserve": 0.0,
            "S": 474.6472830035431,
            "b": 68.89465022797802,
            "MAC": 6.889465022797801,
            "cruise_altitude": 4,
            "h_b": 0.05805966046367423,
            "k": 1.6414639654043601,
            "WP": 0.10203885719368126,
            "TW": null,
            "WS": 5207.956908413346,
            "fuel_economy": 0.288520284804525,
            "altitude_payload": 90000,
            "P": 24226406.34242716,
            "T": null,
            "fuel_used": 348165.08223218436,
            "fuel_res": 0.0,
            "fuel": 348165.08223218436
        },
        "max": {
            "MTOM": 266430.67168390413,
            "S": 501.853156199057,
            "b": 70.84159485775692,
            "MAC": 7.08415948577569,
            "fuel_economy": 0.15995072283185766,
            "LD": 16.558825930206265
        },
        "wing_design": {
            "taper_ratio": 0.4,
            "sweep_c_4": 0,
            "dihedral": 1,
            "sweep_x_c": 2.454031674527076,
            "chord_root": 10.120227836822416,
            "chord_tip": 4.048091134728966,
            "y_MAC": 15.180341755233627,
            "X_LEMAC": 21.056440000000002,
            "X_LE": 20.405853924775702,
            "MAC": 7.517883535925224,
            "S": 501.853156199057,
            "b": 70.84159485775692,
            "aspect_ratio": 10
        }
    },
    "gravitational_acceleration": 9.81,
    "kinematic_viscosity": 1.002e-06,
    "rho_water": 1000.0
}