{
    "design_id": 3,
    "inputs": {
        "cruise_altitude": 10,
        "aircraft_type": "PROP",
        "wing_type": "HIGH",
        "tail_type": "CONVENTIONAL",
        "n_wings": 1,
        "n_fuselages": 1,
        "depth": 0.1,
        "jet_consumption": 2.7e-05,
        "prop_consumption": 2.1e-08,
        "prop_efficiency": 0.85,
        "Cd0": 0.0185513247822338,
        "oswald_factor": 0.85,
        "aspect_ratio": 8,
        "aspect_h": 4.5,
        "aspect_v": 1.5,
        "sweep_h": 21,
        "sweep_hc4": 30,
        "taper_h": 0.3,
        "sweep_v": 33,
        "taper_v": 0.29,
        "h_position": 0.938180228340033,
        "v_position": 0.8919406821437413,
        "tfo": 0.001,
        "n_engines": 6.0,
        "CLmax_clean": 1.6,
        "CLmax_takeoff": 2.4,
        "CLmax_landing": 2.4,
        "CL_hydro": 0.5,
        "r_float": 4.416363005162699,
        "upsweep": 11,
        "xcg_OEW": 0.4,
        "V_h": 0.9,
        "V_v": 0.083867,
        "xc_OEW": 0.2,
        "xc_wing": 0.4,
        "xc_fuselage": 0.4,
        "mf_wing": 0.12,
        "mf_fuselage": 0.2,
        "engine_power": 8202000
    },
    "requirements": {
        "design_range": 4704000,
        "design_payload": 90000,
        "design_crew": 425,
        "ferry_range": 12038000,
        "reserve_range": 185200,
        "ferry_payload": 0,
        "ferry_crew": 170,
        "altitude_range_WIG": 943600,
        "altitude_range_WOG": 538000,
        "altitude_payload": 90000,
        "altitude_crew": 425,
        "cruise_speed": 115.749,
        "stall_speed_clean": 77.16,
        "stall_speed_takeoff": 61.73,
        "stall_speed_landing": 61.73,
        "stall_speed_high": 82.3,
        "high_altitude": 3048.0,
        "cargo_width": 3.5,
        "cargo_height": 4,
        "cargo_length": 7.32,
        "cargo_density": 160
    },
    "outputs": {
        "general": {
            "d_fuselage": 8.832726010325398,
            "r_fuselage": 4.416363005162699,
            "l_fuselage": 75.07817108776588,
            "l_tailcone": 39.747267046464295,
            "l_nose": 13.249089015488098,
            "l_cargo_straight": 15.316351424067726,
            "Re": 4837280592.753655,
            "Cd": 0.0012700434697589557,
            "hull_surface": 227.12738815886908,
            "take_off_power": 46205736.735140644,
            "take_off_thrust": null,
            "V_lof": 64.8165,
            "LD_g": 16.967268508604413,
            "Cd_water": 0.0012700434697589557,
            "xcg_payload": 0.44404883931977346
        },
        "design": {
            "MTOW": 2611454.430060023,
            "total_fuel": 438208.7990346138,
            "OEW": 1283564.926595349,
            "EW": 1283139.926595349,
            "ZFW": 2173245.6310254093,
            "MTOM": 266203.3058165161,
            "S": 524.0527059360602,
            "b": 64.748912326683,
            "MAC": 8.093614040835375,
            "fuel_economy": 0.06259574887419561,
            "h_b": 0.15444274877616754,
            "k": 1.6623058016326748,
            "WP": 0.10602382292880225,
            "TW": null,
            "WS": 4997.0828914598405,
            "P": 24630826.902116917,
            "T": null,
            "LD": 28.17740276923577,
            "max_fuel": 482029.67893807526,
            "mission_fuel": 434744.1107265136,
            "reserve_fuel": 3464.688308100216,
            "Mff": 0.8321974168913444
        },
        "ferry": {
            "MTOW": 744964.1017942958,
            "total_fuel": 115641.91418394579,
            "OEW": 624407.9735085557,
            "EW": 624237.9735085557,
            "ZFW": 629322.1876103501,
            "MTOM": 75939.25604427072,
            "S": 149.07110304933596,
            "b": 34.53358979884205,
            "MAC": 4.316698724855256,
            "fuel_economy": 0,
            "h_b": 0.2895731390292738,
            "k": 1.4783103959015076,
            "WP": 0.09929281451894274,
            "TW": null,
            "WS": 4997.0828914598405,
            "P": 7502699.016072045,
            "T": null,
            "LD": 25.082889426322172,
            "max_fuel": 127206.10560234038,
            "mission_fuel": 114514.73104771726,
            "reserve_fuel": 1127.1831362285302,
            "Mff": 0.8447684742051134
        },
        "altitude": {
            "MTOW": 2400843.366517845,
            "total_fuel": 302186.3086747653,
            "OEW": 1209186.9644765619,
            "EW": 1208761.9644765619,
            "ZFW": 2098657.05784308,
            "MTOM": 244734.28812618196,
            "S": 480.4480510058307,
            "b": 61.99664836139648,
            "MAC": 7.749581045174561,
            "fuel_economy": 0.13109362110457695,
            "h_b": 0.16129904219510535,
            "k": 1.6462572152062396,
            "WP": 0.1054956666477437,
            "TW": null,
            "WS": 4997.0828914598405,
            "P": 22757743.92264285,
            "T": null,
            "LD": 27.932488204631625,
            "max_fuel": 332404.93954224186,
            "mission_fuel": 298811.17326696357,
            "reserve_fuel": 3375.1354078017175,
            "Mff": 0.8741332679636437
        },
        "max": {
            "MTOM": 266203.3058165161,
            "S": 524.0527059360602,
            "b": 64.748912326683,
            "MAC": 8.093614040835375,
            "fuel_economy": 0.06259574887419561,
            "OEW": 1283564.926595349,
            "total_fuel": 438208.7990346138,
            "max_fuel": 482029.67893807526,
            "mission_fuel": 434744.1107265136,
            "reserve_fuel": 3464.688308100216,
            "Mff": 0.8321974168913444,
            "MTOW": 2611454.430060023,
            "LD": 28.17740276923577
        },
        "wing_design": {
            "taper_ratio": 0.4,
            "sweep_c_4": 0,
            "dihedral": 1,
            "sweep_x_c": 3.066485501125894,
            "chord_root": 11.478994036325053,
            "chord_tip": 4.591597614530022,
            "y_MAC": 13.774792843590063,
            "X_LEMAC": 29.349088218090465,
            "X_LE": 28.611152887183856,
            "MAC": 8.52725271269861,
            "S": 516.5278320170655,
            "b": 64.28236660342029,
            "aspect_ratio": 8
        },
        "cg_range": {
            "most_aft_cg": 31.734412325691448,
            "most_aft_mission": "DESIGN_OEW_PAYLOAD_FUEL",
            "most_forward_cg": 30.031268435106355,
            "most_forward_mission": "DESIGN_OEW"
        },
        "empennage_design": {
            "vertical_tail": {
                "S": 79.04117973748846,
                "l_v": 35.23086280830006,
                "mac": 11.941273556683253,
                "b": 10.888607330886384,
                "chord_root": 11.254374502208147,
                "chord_tip": 3.2637686056403625,
                "sweep": 33,
                "taper": 0.29,
                "MAC": 7.992059950121042,
                "aspect_ratio": 1.5,
                "LE_pos": 63.523796585557726,
                "relative_pos_mac/4": 0.8919406821437413
            },
            "horizontal_tail": {
                "S": 102.42523923702831,
                "l_h": 38.702443368505044,
                "mac": 6.890369749157854,
                "b": 21.468897888960843,
                "chord_root": 7.339794150072083,
                "chord_tip": 2.201938245021625,
                "sweep": 21,
                "sweep_hc4": 30,
                "taper": 0.3,
                "MAC": 5.2319558300513815,
                "sweep_c_4": 30,
                "aspect_ratio": 4.5,
                "tail_height": 8.832726010325398,
                "LE_pos": 67.4383769376938,
                "relative_pos_mac/4": 0.938180228340033
            }
        }
    },
    "kinematic_viscosity": 1.006e-06,
    "rho_water": 1000,
    "viscosity_air": 1.484e-05,
    "rho_air": 1.225
}