{
    "design_id": 3,
    "inputs": {
        "cruise_altitude": 10,
        "aircraft_type": "PROP",
        "wing_type": "HIGH",
        "tail_type": "CONVENTIONAL",
        "n_wings": 1,
        "n_fuselages": 1,
        "depth": 0.1,
        "jet_consumption": 2.7e-05,
        "prop_consumption": 2.1e-08,
        "prop_efficiency": 0.85,
        "Cd0": 0.026072434247934238,
        "oswald_factor": 0.85,
        "aspect_ratio": 10,
        "aspect_h": 4.5,
        "aspect_v": 1.5,
        "sweep_h": 21,
        "sweep_hc4": 30,
        "taper_h": 0.3,
        "sweep_v": 33,
        "taper_v": 0.29,
        "tfo": 0.001,
        "n_engines": 6.0,
        "CLmax_clean": 1.5,
        "CLmax_takeoff": 1.7,
        "CLmax_landing": 1.7,
        "CL_hydro": 0.5,
        "r_float": 4.416363005162699,
        "upsweep": 11,
        "xcg_OEW": 0.45,
        "xcg_payload": 0.55,
        "V_h": 0.9,
        "V_v": 0.083867,
        "k": 1.1744700387202258,
        "xc_OEW": 0.2,
        "xc_wing": 0.4,
        "xc_fuselage": 0.4,
        "mf_wing": 0.12,
        "mf_fuselage": 0.2,
        "engine_power": 8202000
    },
    "requirements": {
        "design_range": 3704000,
        "design_payload": 90000,
        "design_crew": 425,
        "ferry_range": 12038000,
        "reserve_range": 185200,
        "ferry_payload": 0,
        "ferry_crew": 170,
        "altitude_range_WIG": 943600,
        "altitude_range_WOG": 538000,
        "altitude_payload": 90000,
        "altitude_crew": 425,
        "cruise_speed": 115.749,
        "stall_speed_clean": 77.16,
        "stall_speed_takeoff": 61.73,
        "stall_speed_landing": 61.73,
        "stall_speed_high": 82.3,
        "high_altitude": 3048.0,
        "cargo_width": 3.5,
        "cargo_height": 4,
        "cargo_length": 7.32,
        "cargo_density": 160
    },
    "outputs": {
        "general": {
            "d_fuselage": 8.832726010325398,
            "r_fuselage": 4.416363005162699,
            "l_fuselage": 75.07817108776588,
            "l_tailcone": 39.747267046464295,
            "l_nose": 13.249089015488098,
            "l_cargo_straight": 15.316351424067726,
            "Re": 4837280592.753655,
            "Cd": 0.0012700434697589557,
            "hull_surface": 227.12738815886908,
            "take_off_power": 46205736.735140644,
            "take_off_thrust": null,
            "V_lof": 64.8165,
            "LD_g": 16.001607485638566,
            "Cd_water": 0.0012700434697589557
        },
        "design": {
            "MTOW": 2538268.5218298947,
            "total_fuel": 390941.9112971812,
            "OEW": 1257719.0920108834,
            "EW": 1257294.0920108834,
            "ZFW": 2147326.6105327136,
            "MTOM": 258742.96858612585,
            "S": 717.1059561583476,
            "b": 84.68210886358155,
            "MAC": 8.468210886358154,
            "fuel_economy": 0.06985384154508348,
            "h_b": 0.11808869824096466,
            "k": 1.7402417129034284,
            "WP": 0.08891478891244665,
            "TW": null,
            "WS": 3539.6003814507203,
            "P": 28547202.921769265,
            "T": null,
            "LD": 27.84666517645996,
            "max_fuel": 430036.10242689936,
            "mission_fuel": 384008.20417280094,
            "reserve_fuel": 6933.707124380278,
            "Mff": 0.8459808692677864
        },
        "ferry": {
            "MTOW": 749628.4874932324,
            "total_fuel": 118654.39295926498,
            "OEW": 626055.2160464742,
            "EW": 625885.2160464742,
            "ZFW": 630974.0945339673,
            "MTOM": 76414.7285925823,
            "S": 211.78325928419875,
            "b": 46.019915176388444,
            "MAC": 4.601991517638845,
            "fuel_economy": 0,
            "h_b": 0.21729722798643328,
            "k": 1.520904122928454,
            "WP": 0.08891478719649494,
            "TW": null,
            "WS": 3539.6003814507203,
            "P": 8430864.101790069,
            "T": null,
            "LD": 24.336910798390505,
            "max_fuel": 130519.83225519149,
            "mission_fuel": 116322.61242042665,
            "reserve_fuel": 2331.7805388383276,
            "Mff": 0.8417157366096814
        },
        "altitude": {
            "MTOW": 2405315.942595072,
            "total_fuel": 305074.9078115645,
            "OEW": 1210766.4688409125,
            "EW": 1210341.4688409125,
            "ZFW": 2100241.0347835077,
            "MTOM": 245190.20821560366,
            "S": 679.5444876260246,
            "b": 82.43448839084431,
            "MAC": 8.243448839084433,
            "fuel_economy": 0.13084594788198434,
            "h_b": 0.12130844983943229,
            "k": 1.7283829370692696,
            "WP": 0.08891478719649494,
            "TW": null,
            "WS": 3539.6003814507203,
            "P": 27051922.615295768,
            "T": null,
            "LD": 27.656905343857595,
            "max_fuel": 335582.398592721,
            "mission_fuel": 298246.6337752161,
            "reserve_fuel": 6828.27403634839,
            "Mff": 0.8731663884943023
        },
        "max": {
            "MTOM": 258742.96858612585,
            "S": 717.1059561583476,
            "b": 84.68210886358155,
            "MAC": 8.468210886358154,
            "fuel_economy": 0.06985384154508348,
            "OEW": 1257719.0920108834,
            "total_fuel": 390941.9112971812,
            "max_fuel": 430036.10242689936,
            "mission_fuel": 384008.20417280094,
            "reserve_fuel": 6933.707124380278,
            "Mff": 0.8417157366096814,
            "MTOW": 1733790.843393344,
            "LD": 27.84666517645996
        },
        "wing_design": {
            "taper_ratio": 0.4,
            "sweep_c_4": 0,
            "dihedral": 1,
            "sweep_x_c": 2.454031674527076,
            "chord_root": 12.093013869522494,
            "chord_tip": 4.837205547808998,
            "y_MAC": 18.139520804283737,
            "X_LEMAC": 29.312597896574733,
            "X_LE": 28.53518986210543,
            "MAC": 8.98338173164528,
            "S": 716.5808237974703,
            "b": 84.65109708665743,
            "aspect_ratio": 10
        },
        "cg_range": {
            "most_aft_cg": 36.951715939001765,
            "most_aft_mission": "ALTITUDE_OEW_PAYLOAD",
            "most_forward_cg": 33.72413679600213,
            "most_forward_mission": "DESIGN_OEW_FUEL"
        },
        "empennage_design": {
            "S_h": 178.30126057810511,
            "S_v": 166.15102023226595,
            "l_h": 30.618638039987523,
            "l_v": 30.618638039987523
        }
    },
    "kinematic_viscosity": 1.006e-06,
    "rho_water": 1000,
    "viscosity_air": 1.484e-05,
    "rho_air": 1.225
}