{
    "design_id": 3,
    "aircraft_type": "PROP",
    "cruise_altitude": 6,
    "n_wings": 1,
    "n_fuselages": 1,
    "depth": 0.2,
    "design_range": 5185600,
    "design_payload": 130000,
    "design_crew": 425,
    "ferry_range": 12038000,
    "ferry_payload": 0,
    "ferry_crew": 425,
    "altitude_range_WIG": 943600,
    "altitude_range_WOG": 538000,
    "altitude_payload": 100000,
    "altitude_crew": 425,
    "cruise_speed": 115.749,
    "jet_consumption": 2.7e-05,
    "prop_consumption": 2.18e-08,
    "prop_efficiency": 0.82,
    "Cd0": 0.015989653001717834,
    "oswald_factor": 0.85,
    "aspect_ratio": 10,
    "Cl_alpha": 5.0,
    "tfo": 0.001,
    "reserve_fuel": 0,
    "k": 1.6416748867224666,
    "n_engines": 8,
    "CLmax_clean": 1.5,
    "CLmax_takeoff": 1.6,
    "CLmax_landing": 1.8,
    "stall_speed_clean": 77.16,
    "stall_speed_takeoff": 61.728,
    "stall_speed_landing": 51.44,
    "high_altitude": 3048.0,
    "L": 50,
    "r": 1.5,
    "design": {
        "take_off_power": 61421086.54399441,
        "take_off_thrust": null,
        "MTOM": 363077.36133981106,
        "MTOW": 3561788.914743547,
        "OEW": 1619178.5506527238,
        "ZFW": 2902209.5895674676,
        "EW": 1618753.5506527238,
        "Fuel": 659579.3251760794,
        "Fuel_used": 659579.3251760794,
        "Fuel_reserve": 0.0,
        "S": 1068.8191356660805,
        "b": 103.38370933885476,
        "MAC": 10.338370933885477,
        "h_b": 0.058036222905623845,
        "k": 1.6416736367949973,
        "WP": 0.11542935039391894,
        "TW": null,
        "WS": 3332.4524300554363,
        "fuel_economy": 0.12163030849595786,
        "design_payload": 90000,
        "P": 30856873.945737716,
        "T": null,
        "Re": 3234251497.005988,
        "Cd": 0.001329864990010459,
        "hull_surface": 278.1885654004837,
        "stall_speed_clean": 77.16
    },
    "ferry": {
        "take_off_power": 61421086.54399441,
        "take_off_thrust": null,
        "MTOM": 78465.69789125037,
        "MTOW": 769748.4963131662,
        "OEW": 633160.6606924967,
        "ZFW": 638099.6591888098,
        "EW": 632735.6606924967,
        "Fuel": 131648.83712435636,
        "Fuel_used": 131648.83712435636,
        "Fuel_reserve": 0.0,
        "S": 230.97712754512506,
        "aspect_ratio": 10,
        "b": 48.06007985273485,
        "MAC": 4.806007985273485,
        "cruise_altitude": 7,
        "h_b": 0.1248437376380799,
        "k": 1.3191690234782416,
        "WP": 0.10139505093363312,
        "TW": null,
        "WS": 3332.4524300554363,
        "ferry_payload": 0,
        "P": 7591578.575338906,
        "T": null,
        "Re": 3234251497.005988,
        "Cd": 0.001329864990010459,
        "hull_surface": 278.1885654004837,
        "stall_speed_clean": 77.16
    },
    "altitude": {
        "take_off_power": 61421086.54399441,
        "take_off_thrust": null,
        "MTOM": 269657.0073351987,
        "MTOW": 2645335.241958299,
        "OEW": 1295530.0422998206,
        "ZFW": 2283344.6275417786,
        "EW": 1295105.0422998206,
        "Fuel": 361990.6144165206,
        "Fuel_used": 361990.6144165206,
        "Fuel_reserve": 0.0,
        "S": 793.7908490193443,
        "aspect_ratio": 10,
        "b": 89.09494087878078,
        "MAC": 8.909494087878079,
        "cruise_altitude": 7,
        "h_b": 0.06734389114375612,
        "k": 1.567432170182395,
        "WP": 0.10139505093363312,
        "TW": null,
        "WS": 3332.4524300554363,
        "fuel_economy": 0.3037270565148148,
        "altitude_payload": 90000,
        "P": 26089392.11135434,
        "T": null,
        "Re": 3234251497.005988,
        "Cd": 0.001329864990010459,
        "hull_surface": 278.1885654004837,
        "stall_speed_clean": 77.16
    },
    "max": {
        "MTOM": 363077.36133981106,
        "S": 1068.8191356660805,
        "b": 103.38370933885476,
        "MAC": 10.338370933885477,
        "fuel_economy": 0.12163030849595786
    },
    "hull_surface": 251.32741228718345,
    "kinematic_viscosity": 1.002e-06,
    "rho_water": 1000.0
}