{
    "design_id": 2,
    "inputs": {
        "cruise_altitude": 8,
        "aircraft_type": "PROP",
        "wing_type": "HIGH",
        "tail_type": "H_TAIL",
        "n_wings": 1,
        "n_fuselages": 2,
        "depth": 0.1,
        "jet_consumption": 2.7e-05,
        "prop_consumption": 2.1e-08,
        "prop_efficiency": 0.85,
        "Cd0": 0.025722475308161664,
        "oswald_factor": 0.85,
        "aspect_ratio": 10,
        "aspect_h": 4.5,
        "aspect_v": 1.5,
        "sweep_h": 21,
        "sweep_hc4": 30,
        "taper_h": 0.3,
        "sweep_v": 33,
        "taper_v": 0.29,
        "h_position": 0.976571651251181,
        "v_position": 0.8122346980591881,
        "tfo": 0.001,
        "n_engines": 6.0,
        "CLmax_clean": 1.5,
        "CLmax_takeoff": 1.7,
        "CLmax_landing": 1.7,
        "CL_hydro": 0.5,
        "r_float": 3.1024023952751247,
        "upsweep": 11,
        "xcg_OEW": 0.4,
        "V_h": 0.9,
        "V_v": 0.083867,
        "xc_OEW": 0.2,
        "xc_wing": 0.4,
        "xc_fuselage": 0.4,
        "mf_wing": 0.12,
        "mf_fuselage": 0.2,
        "engine_power": 8202000
    },
    "requirements": {
        "design_range": 3704000,
        "design_payload": 90000,
        "design_crew": 425,
        "ferry_range": 12038000,
        "reserve_range": 185200,
        "ferry_payload": 0,
        "ferry_crew": 170,
        "altitude_range_WIG": 943600,
        "altitude_range_WOG": 538000,
        "altitude_payload": 90000,
        "altitude_crew": 425,
        "cruise_speed": 115.749,
        "stall_speed_clean": 77.16,
        "stall_speed_takeoff": 61.9,
        "stall_speed_landing": 61.9,
        "stall_speed_high": 82.3,
        "high_altitude": 3048.0,
        "cargo_width": 3.5,
        "cargo_height": 4,
        "cargo_length": 7.32,
        "cargo_density": 160
    },
    "outputs": {
        "general": {
            "d_fuselage": 6.2048047905502495,
            "r_fuselage": 3.1024023952751247,
            "l_fuselage": 52.740840719677124,
            "l_tailcone": 27.921621557476122,
            "l_nose": 9.307207185825375,
            "l_cargo_straight": 8.74654837462985,
            "Re": 3407446264.9855022,
            "Cd_water": 0.0013218773711531056,
            "hull_surface": 224.16418708256532,
            "take_off_power": 47857314.10082371,
            "take_off_thrust": null,
            "V_lof": 64.995,
            "LD_g": 16.11009212927999,
            "xcg_payload": 0.36692342744070505
        },
        "design": {
            "MTOW": 2520232.478188249,
            "total_fuel": 379293.38946212444,
            "OEW": 1251349.606247936,
            "EW": 1250924.606247936,
            "ZFW": 2140939.0887261243,
            "MTOM": 256904.43202734442,
            "S": 707.9440415699958,
            "b": 84.13941059753127,
            "MAC": 8.413941059753128,
            "fuel_economy": 0.06840742043118926,
            "h_b": 0.09508029522891295,
            "k": 1.8443966329859927,
            "WP": 0.09007996150883464,
            "TW": null,
            "WS": 3559.8064228808703,
            "P": 27977725.966735408,
            "T": null,
            "LD": 29.713399676778025,
            "max_fuel": 417222.72840833693,
            "mission_fuel": 376056.779281363,
            "reserve_fuel": 3236.6101807614323,
            "Mff": 0.8495006342689497
        },
        "ferry": {
            "MTOW": 742060.8119034711,
            "total_fuel": 113766.83357543127,
            "OEW": 623382.6675161363,
            "EW": 623212.6675161363,
            "ZFW": 628293.9783280399,
            "MTOM": 75643.30396569532,
            "S": 208.4356103114793,
            "b": 45.654748965631086,
            "MAC": 4.565474896563109,
            "fuel_economy": 0,
            "h_b": 0.17522821133070743,
            "k": 1.5874738912381676,
            "WP": 0.09007996152500679,
            "TW": null,
            "WS": 3559.8064228808703,
            "P": 8237801.163996614,
            "T": null,
            "LD": 25.574350640673483,
            "max_fuel": 125143.51693297441,
            "mission_fuel": 112663.13669491834,
            "reserve_fuel": 1103.696880512929,
            "Mff": 0.8466879914011275
        },
        "altitude": {
            "MTOW": 2400254.2338983305,
            "total_fuel": 301805.8192327063,
            "OEW": 1208978.9104317257,
            "EW": 1208553.9104317257,
            "ZFW": 2098448.414665624,
            "MTOM": 244674.23383265344,
            "S": 674.263691980969,
            "b": 82.11356112001044,
            "MAC": 8.211356112001043,
            "fuel_economy": 0.13100625723098075,
            "h_b": 0.097426051079527,
            "k": 1.8320436396203417,
            "WP": 0.09007996152500679,
            "TW": null,
            "WS": 3559.8064228808703,
            "P": 26645817.70754869,
            "T": null,
            "LD": 29.514391819145136,
            "max_fuel": 331986.4011559769,
            "mission_fuel": 298612.03847039246,
            "reserve_fuel": 3193.780762313807,
            "Mff": 0.8742608949625583
        },
        "max": {
            "MTOM": 256904.43202734442,
            "S": 707.9440415699958,
            "b": 84.13941059753127,
            "MAC": 8.413941059753128,
            "fuel_economy": 0.06840742043118926,
            "OEW": 1251349.606247936,
            "total_fuel": 379293.38946212444,
            "max_fuel": 417222.72840833693,
            "mission_fuel": 376056.779281363,
            "reserve_fuel": 3236.6101807614323,
            "Mff": 0.8466879914011275,
            "MTOW": 1720912.5750032095,
            "LD": 29.713399676778025
        },
        "wing_design": {
            "taper_ratio": 0.4,
            "sweep_c_4": 0,
            "dihedral": 1,
            "sweep_x_c": 2.454031674527076,
            "chord_root": 12.018163271671153,
            "chord_tip": 4.807265308668462,
            "y_MAC": 18.02724490750673,
            "X_LEMAC": 20.38211401344011,
            "X_LE": 19.609517803118393,
            "MAC": 8.927778430384285,
            "S": 707.7376172802727,
            "b": 84.12714290169806,
            "aspect_ratio": 10
        },
        "cg_range": {
            "most_aft_cg": 21.968845399165215,
            "most_aft_mission": "DESIGN_OEW_FUEL",
            "most_forward_cg": 20.360012213816326,
            "most_forward_mission": "ALTITUDE_OEW_PAYLOAD"
        },
        "empennage_design": {
            "vertical_tail": {
                "S": 119.63710813958987,
                "l_v": 20.86909543816947,
                "mac": 14.401771856330363,
                "b": 9.472477558943721,
                "chord_root": 15.196859279243823,
                "chord_tip": 1.86717317522215,
                "abs_pos": 0.7895117139919796,
                "sweep": 33,
                "taper": 0.6621816187824937,
                "relative_pos_fus": 0.8122346980591881,
                "MAC": 12.803866509789922,
                "aspect_ratio": 1.5
            },
            "horizontal_tail": {
                "S": 192.5312158322505,
                "l_h": 29.536364510825397,
                "mac": 7.64605310200267,
                "b": 29.434511567972844,
                "chord_root": 10.063080877939434,
                "chord_tip": 3.0189242633818303,
                "abs_pos": 0.9707603006784519,
                "sweep": 21,
                "sweep_hc4": 30,
                "taper": 0.3,
                "relative_pos_fus": 0.976571651251181,
                "MAC": 7.173170471967083,
                "sweep_c_4": 30,
                "aspect_ratio": 4.5,
                "tail_height": 15.677282349493971
            }
        }
    },
    "kinematic_viscosity": 1.006e-06,
    "rho_water": 1000,
    "viscosity_air": 1.48e-05,
    "rho_air": 1.225
}