{
    "design_id": 4,
    "inputs": {
        "cruise_altitude": 4,
        "aircraft_type": "PROP",
        "wing_type": "LOW",
        "n_wings": 2,
        "n_fuselages": 1,
        "depth": 0.05,
        "jet_consumption": 2.7e-05,
        "prop_consumption": 2.1e-08,
        "prop_efficiency": 0.85,
        "Cd0": 0.022981105756346067,
        "oswald_factor": 0.85,
        "aspect_ratio": 6,
        "Cl_alpha": 5.0,
        "tfo": 0.001,
        "reserve_fuel": 0,
        "n_engines": 8,
        "CLmax_clean": 1.5,
        "CLmax_takeoff": 1.7,
        "CLmax_landing": 1.7,
        "CL_hydro": 0.5,
        "r_float": 1.5,
        "upsweep": 11,
        "xcg_OEW": 0.45,
        "xcg_payload": 0.55,
        "V_h": 0.9,
        "V_v": 0.0838
    },
    "requirements": {
        "design_range": 3704000,
        "design_payload": 90000,
        "design_crew": 425,
        "ferry_range": 12038000,
        "reserve_range": 185200,
        "ferry_payload": 0,
        "ferry_crew": 170,
        "altitude_range_WIG": 943600,
        "altitude_range_WOG": 538000,
        "altitude_payload": 90000,
        "altitude_crew": 425,
        "cruise_speed": 115.749,
        "stall_speed_clean": 77.16,
        "stall_speed_takeoff": 61.9,
        "stall_speed_landing": 61.9,
        "stall_speed_high": 82.3,
        "high_altitude": 3048.0,
        "cargo_width": 3.5,
        "cargo_height": 4,
        "cargo_length": 7.32,
        "cargo_density": 160
    },
    "outputs": {
        "general": {
            "d_fuselage": 8.832726010325398,
            "r_fuselage": 4.416363005162699,
            "l_fuselage": 75.07817108776588,
            "l_tailcone": 39.747267046464295,
            "l_nose": 13.249089015488098,
            "l_cargo_straight": 15.316351424067726,
            "Re": 4850602117.146465,
            "Cd": 0.0012696487711144299,
            "hull_surface": 48.16011913363723,
            "take_off_power": 9875567.735130826,
            "take_off_thrust": null,
            "V_lof": 64.995,
            "LD_g": 13.202147120217857
        },
        "design": {
            "MTOW": 2674226.5921203336,
            "total_fuel": 478750.0016908805,
            "OEW": 1305733.113837333,
            "EW": 1305308.113837333,
            "ZFW": 2195476.590429453,
            "MTOM": 272602.0990948352,
            "S": 750.9396261124215,
            "b": 47.46386918843916,
            "MAC": 15.821289729479721,
            "fuel_economy": 0.0852116654678541,
            "h_b": 0.08427462970031709,
            "k": 1.466467138075628,
            "WP": 0.08174918027359299,
            "TW": null,
            "WS": 3561.1738935188127,
            "P": 32712579.90808472,
            "T": null,
            "LD": 19.152025219018036,
            "max_fuel": 526625.0018599686,
            "mission_fuel": 468434.919356088,
            "reserve_fuel": 10315.082334792532,
            "fuel_mission": 468434.919356088,
            "fuel_reserve": 10315.082334792532,
            "Mff": 0.8209762766171245
        },
        "ferry": {
            "MTOW": 830841.6663704311,
            "total_fuel": 171105.6680970687,
            "OEW": 654735.906606992,
            "EW": 654565.906606992,
            "ZFW": 659735.9982733624,
            "MTOM": 84693.34009892264,
            "S": 233.3055591254693,
            "b": 26.455938414208784,
            "MAC": 8.818646138069594,
            "fuel_economy": 0,
            "h_b": 0.15119478800463587,
            "k": 1.2601011070908255,
            "WP": 0.08174918027359299,
            "TW": null,
            "WS": 3561.1738935188127,
            "P": 10163302.72168874,
            "T": null,
            "LD": 16.456889864702468,
            "max_fuel": 188216.2349067756,
            "mission_fuel": 167496.9924871206,
            "reserve_fuel": 3608.6756099481136,
            "fuel_mission": 167496.9924871206,
            "fuel_reserve": 3608.6756099481136,
            "Mff": 0.7940574299257867
        },
        "altitude": {
            "MTOW": 2454816.6369245504,
            "total_fuel": 337044.77494007215,
            "OEW": 1228247.795347554,
            "EW": 1227822.795347554,
            "ZFW": 2117771.8619844783,
            "MTOM": 250236.1505529613,
            "S": 689.327932396734,
            "b": 45.47508985356931,
            "MAC": 15.158363284523102,
            "fuel_economy": 0.14344827191626344,
            "h_b": 0.08796024401227308,
            "k": 1.4486376745429397,
            "WP": 0.08174918027359299,
            "TW": null,
            "WS": 3561.1738935188127,
            "P": 30028639.170557126,
            "T": null,
            "LD": 18.91917285816138,
            "max_fuel": 370749.2524340794,
            "mission_fuel": 326972.02253817796,
            "reserve_fuel": 10072.752401894191,
            "fuel_mission": 326972.02253817796,
            "fuel_reserve": 10072.752401894191,
            "Mff": 0.862700631130507
        },
        "max": {
            "MTOM": 272602.0990948352,
            "S": 750.9396261124215,
            "b": 47.46386918843916,
            "MAC": 15.821289729479721,
            "fuel_economy": 0.0852116654678541,
            "OEW": 1305733.113837333,
            "total_fuel": 478750.0016908805,
            "max_fuel": 526625.0018599686,
            "mission_fuel": 468434.919356088,
            "reserve_fuel": 10315.082334792532,
            "Mff": 0.7940574299257867,
            "MTOW": 1744319.4513770815
        },
        "wing_design": {
            "taper_ratio": 0.4,
            "sweep_c_4": 0,
            "dihedral": 5,
            "sweep_x_c": 4.085616779974877,
            "chord_root": 22.60184247068532,
            "chord_tip": 9.040736988274128,
            "y_MAC": 10.170829111808393,
            "X_LEMAC": 21.056440000000002,
            "X_LE": 20.329952206299403,
            "MAC": 16.789940121080523,
            "S": 750.9396261124215,
            "b": 47.46386918843916,
            "aspect_ratio": 6
        },
        "cg_range": {
            "most_aft_cg": 36.92501008879104,
            "most_aft_mission": "ALTITUDE_OEW_PAYLOAD",
            "most_forward_cg": 32.400443430904815,
            "most_forward_mission": "DESIGN_OEW_FUEL"
        },
        "empennage_design": {
            "S_h": 280.258562454417,
            "S_v": 78.28555844560047
        }
    },
    "kinematic_viscosity": 1.006e-06,
    "rho_water": 1000,
    "viscosity_air": 1.48e-05,
    "rho_air": 1.225
}