{
    "aircraft_type": "MIXED",
    "mission_type": "DESIGN",
    "design_range": 3704000,
    "design_payload": 90000,
    "design_crew": 425,
    "ferry_range": 12038000,
    "ferry_payload": 0,
    "ferry_crew": 425,
    "altitude_range_WIG": 943600,
    "altitude_range_WOG": 538000,
    "altitude_payload": 90000,
    "altitude_crew": 425,
    "cruise_speed": 115.749,
    "jet_consumption": 1.9e-05,
    "prop_consumption": 9e-08,
    "prop_efficiency": 0.82,
    "Cd0": 0.02,
    "oswald_factor": 0.85,
    "aspect_ratio": 10,
    "tfo": 0.001,
    "reserve_fuel": 0,
    "k": 1,
    "n_engines": 8,
    "CLmax_clean": 1.5,
    "CLmax_takeoff": 1.6,
    "CLmax_landing": 1.8,
    "aspect_ratios": 10,
    "stall_speed_clean": 77.16,
    "stall_speed_takeoff": 61.728,
    "stall_speed_landing": 51.44,
    "cruise_altitude": 5,
    "high_altitude": 3048.0,
    "L": 40,
    "r": 3,
    "hull_surface": 251.32741228718345,
    "rho_water": 1000.0,
    "kinematic_viscosity": 1.002e-06,
    "MTOW": 5620512.371200633,
    "fuel_used": 2381599.368870732,
    "fuel_res": 0.0,
    "fuel": 2381599.368870732,
    "OEW": 2346223.239958701,
    "ZFW": 3238913.0023299013,
    "EW": 2345798.239958701,
    "MTOM": 572937.0408971084
}