{
    "design_id": 2,
    "aircraft_type": "PROP",
    "cruise_altitude": 5,
    "n_wings": 1,
    "n_fuselages": 2,
    "depth": 0.2,
    "design_range": 3704000,
    "design_payload": 90000,
    "design_crew": 425,
    "ferry_range": 12038000,
    "ferry_payload": 0,
    "ferry_crew": 425,
    "altitude_range_WIG": 943600,
    "altitude_range_WOG": 538000,
    "altitude_payload": 90000,
    "altitude_crew": 425,
    "cruise_speed": 115.749,
    "jet_consumption": 2.7e-05,
    "prop_consumption": 2.18e-08,
    "prop_efficiency": 0.82,
    "Cd0": 0.02422111472806403,
    "oswald_factor": 0.85,
    "aspect_ratio": 10,
    "tfo": 0.001,
    "reserve_fuel": 0,
    "k": 1.6346658389773114,
    "n_engines": 8,
    "CLmax_clean": 1.5,
    "CLmax_takeoff": 1.6,
    "CLmax_landing": 1.8,
    "stall_speed_clean": 77.16,
    "stall_speed_takeoff": 61.728,
    "stall_speed_landing": 51.44,
    "stall_speed_high": 82.3,
    "high_altitude": 3048.0,
    "L": 52.6,
    "r_fuselage": 3.1,
    "r_float": 3.1,
    "design": {
        "MTOW": 2557696.1390112475,
        "fuel_used": 439780.7189899248,
        "fuel_res": 0.0,
        "fuel": 439780.7189899248,
        "OEW": 1264580.0163634343,
        "ZFW": 2154206.9625024456,
        "EW": 1264155.0163634343,
        "MTOM": 260723.35769737486,
        "WS": 3332.77241396741,
        "Fuel": 403489.17650880205,
        "Fuel_used": 403489.17650880205,
        "Fuel_reserve": 0.0,
        "S": 767.4203027271874,
        "b": 87.6025286579781,
        "MAC": 8.76025286579781,
        "h_b": 0.05707597801795465,
        "fuel_economy": 0.15046501825792702,
        "TW": null,
        "WP": 0.08792647788303459,
        "take_off_thrust": null,
        "take_off_power": 132758100.2868195,
        "k": 1.6503769743863907,
        "design_payload": 90000,
        "P": 29089032.116283085,
        "T": null,
        "Re": 3402432574.8502994,
        "Cd": 0.0013221018492204925,
        "hull_surface": 302.4095164946858,
        "stall_speed_clean": 77.16,
        "LD": 16.6018826655351
    },
    "ferry": {
        "take_off_power": 132758100.2868195,
        "take_off_thrust": null,
        "MTOM": 78433.18292075362,
        "MTOW": 769429.5244525931,
        "OEW": 633048.0147727446,
        "ZFW": 637986.6942971973,
        "EW": 632623.0147727446,
        "Fuel": 131442.83015539584,
        "Fuel_used": 131442.83015539584,
        "Fuel_reserve": 0.0,
        "S": 230.85833875067866,
        "b": 48.04771989914596,
        "MAC": 4.804771989914595,
        "h_b": 0.10406321071000237,
        "k": 1.3829047727531811,
        "WP": 0.08792647788303459,
        "TW": null,
        "WS": 3332.77241396741,
        "ferry_payload": 0,
        "P": 8750828.453246327,
        "T": null,
        "Re": 3402432574.8502994,
        "Cd": 0.0013221018492204925,
        "hull_surface": 302.4095164946858,
        "stall_speed_clean": 77.16,
        "LD": 16.6018826655351
    },
    "altitude": {
        "take_off_power": 132758100.2868195,
        "take_off_thrust": null,
        "MTOM": 245429.95496451308,
        "MTOW": 2407667.8582018735,
        "OEW": 1211597.0552639018,
        "ZFW": 2101073.973122103,
        "EW": 1211172.0552639018,
        "Fuel": 306593.8850797701,
        "Fuel_used": 306593.8850797701,
        "Fuel_reserve": 0.0,
        "S": 722.4024859432208,
        "b": 84.99426368545237,
        "MAC": 8.499426368545237,
        "h_b": 0.05882749944753979,
        "k": 1.6346658389773114,
        "WP": 0.08792647788303459,
        "TW": null,
        "WS": 3332.77241396741,
        "fuel_economy": 0.2858295662070259,
        "altitude_payload": 90000,
        "P": 27382739.718116615,
        "T": null,
        "Re": 3402432574.8502994,
        "Cd": 0.0013221018492204925,
        "hull_surface": 302.4095164946858,
        "stall_speed_clean": 77.16,
        "LD": 16.6018826655351
    },
    "max": {
        "MTOM": 260723.35769737486,
        "S": 767.4203027271874,
        "b": 87.6025286579781,
        "MAC": 8.76025286579781,
        "fuel_economy": 0.15046501825792702,
        "LD": 16.6018826655351
    },
    "gravitational_acceleration": 9.81,
    "kinematic_viscosity": 1.002e-06,
    "rho_water": 1000.0,
    "V_lof": 64.8144,
    "LD": 16.6018826655351
}