{
    "design_id": 1,
    "requirements": {
        "design_range": 3704000,
        "design_payload": 90000,
        "design_crew": 425,
        "ferry_range": 12038000,
        "ferry_payload": 0,
        "reserve_range": 185200,
        "ferry_crew": 425,
        "altitude_range_WIG": 943600,
        "altitude_range_WOG": 538000,
        "altitude_payload": 90000,
        "altitude_crew": 425,
        "cruise_speed": 115.749,
        "stall_speed_clean": 77.16,
        "stall_speed_takeoff": 77.16,
        "stall_speed_landing": 77.16,
        "stall_speed_high": 82.3,
        "high_altitude": 3048.0,
        "cargo_width": 3.5,
        "cargo_height": 4,
        "cargo_length": 7.32,
        "cargo_density": 160
    },
    "inputs": {
        "cruise_altitude": 4,
        "aircraft_type": "PROP",
        "wing_type": "HIGH",
        "n_wings": 1,
        "n_fuselages": 1,
        "depth": 0.05,
        "jet_consumption": 2.7e-05,
        "prop_consumption": 2.1e-08,
        "prop_efficiency": 0.82,
        "Cd0": 0.02434723936958912,
        "oswald_factor": 0.85,
        "aspect_ratio": 10,
        "tfo": 0.001,
        "reserve_fuel": 0,
        "n_engines": 8,
        "CLmax_clean": 1.5,
        "CLmax_takeoff": 1.6,
        "CLmax_landing": 1.8,
        "r_float": 4.4,
        "k": 1.6356064649434703,
        "upsweep": 11,
        "V_h": 3.662649875,
        "V_v": 0.273372017
    },
    "outputs": {
        "general": {
            "d_fuselage": 8.832726010325398,
            "l_fuselage": 75.07817108776588,
            "l_tailcone": 39.747267046464295,
            "l_nose": 13.249089015488098,
            "r_fuselage": 4.416363005162699,
            "LD": 16.558825930206265,
            "l_cargo_straight": 15.316351424067726,
            "Re": 6070542180.8269615,
            "Cd": 0.0012380603518356813,
            "hull_surface": 297.98795964264247,
            "V_lof": 81.018
        },
        "design": {
            "take_off_power": 119630312.83054586,
            "take_off_thrust": null,
            "MTOM": 260411.32080600652,
            "MTOW": 2554635.0571069242,
            "OEW": 1270222.8706803075,
            "ZFW": 2153122.8706803075,
            "EW": 1266053.6206803075,
            "Fuel": 401512.18642661686,
            "Fuel_used": 401512.18642661686,
            "Fuel_reserve": 0.0,
            "S": 490.5152252631203,
            "b": 70.03679213549978,
            "MAC": 7.003679213549977,
            "cruise_altitude": 4,
            "h_b": 0.05711283852437477,
            "k": 1.6500387552204978,
            "WP": 0.10203885719368126,
            "TW": null,
            "WS": 5207.956908413346,
            "fuel_economy": 0.14607588246444803,
            "design_payload": 90000,
            "P": 25035904.23653941,
            "T": null,
            "Cd": 0.0011961923747502632,
            "hull_surface": 508.33240174333133,
            "LD": 16.558825930206265,
            "fuel_used": 401512.18642661686,
            "fuel_res": 0.0,
            "fuel": 401512.18642661686
        },
        "ferry": {
            "take_off_power": 119630312.83054586,
            "take_off_thrust": null,
            "MTOM": 78083.56356734362,
            "MTOW": 765999.7585956409,
            "OEW": -246127.9681109268,
            "ZFW": 636772.0318890732,
            "EW": -250297.2181109268,
            "Fuel": 129227.72670656769,
            "Fuel_used": 129227.72670656769,
            "Fuel_reserve": 0.0,
            "S": 147.07697719674803,
            "b": 38.35061631796131,
            "MAC": 3.835061631796131,
            "cruise_altitude": 4,
            "h_b": 0.10430080097895639,
            "k": 1.3820592231314877,
            "WP": 0.09495601127852156,
            "TW": null,
            "WS": 5207.956908413346,
            "ferry_payload": 0,
            "P": 8066890.640012647,
            "T": null,
            "Re": 6070542180.8269615,
            "Cd": 0.0011961923747502632,
            "stall_speed_clean": 77.16,
            "hull_surface": 508.33240174333133,
            "fuel_used": 129227.72670656769,
            "fuel_res": 0.0,
            "fuel": 129227.72670656769
        },
        "altitude": {
            "take_off_power": 119630312.83054586,
            "take_off_thrust": null,
            "MTOM": 246352.580968927,
            "MTOW": 2416718.819305174,
            "OEW": 1221379.3995762966,
            "ZFW": 2104279.3995762966,
            "EW": 1217210.1495762966,
            "Fuel": 312439.4197288776,
            "Fuel_used": 312439.4197288776,
            "Fuel_reserve": 0.0,
            "S": 464.02670205812495,
            "b": 68.11950543406235,
            "MAC": 6.811950543406234,
            "cruise_altitude": 4,
            "h_b": 0.05872033237046738,
            "k": 1.6356064649434703,
            "WP": 0.10203885719368126,
            "TW": null,
            "WS": 5207.956908413346,
            "fuel_economy": 0.25891485092758476,
            "altitude_payload": 90000,
            "P": 23684299.15593791,
            "T": null,
            "fuel_used": 312439.4197288776,
            "fuel_res": 0.0,
            "fuel": 312439.4197288776
        },
        "max": {
            "MTOM": 260411.32080600652,
            "S": 490.5152252631203,
            "b": 70.03679213549978,
            "MAC": 7.003679213549977,
            "fuel_economy": 0.14607588246444803,
            "LD": 16.558825930206265
        },
        "wing_design": {
            "taper_ratio": 0.4,
            "sweep_c_4": 0,
            "dihedral": 1,
            "sweep_x_c": 2.454031674527076,
            "chord_root": 10.00525601935711,
            "chord_tip": 4.002102407742845,
            "y_MAC": 15.007884029035669,
            "X_LEMAC": 21.056440000000002,
            "X_LE": 20.413244970184188,
            "MAC": 7.432475900093854,
            "S": 490.5152252631203,
            "b": 70.03679213549978,
            "aspect_ratio": 10
        }
    },
    "gravitational_acceleration": 9.81,
    "kinematic_viscosity": 1.002e-06,
    "rho_water": 1000.0
}