{
    "design_id": 3,
    "inputs": {
        "cruise_altitude": 6,
        "aircraft_type": "PROP",
        "wing_type": "HIGH",
        "n_wings": 1,
        "n_fuselages": 1,
        "depth": 0.15,
        "jet_consumption": 2.7e-05,
        "prop_consumption": 2.18e-08,
        "prop_efficiency": 0.82,
        "Cd0": 0.028115017191112573,
        "oswald_factor": 0.85,
        "aspect_ratio": 10,
        "Cl_alpha": 5.0,
        "tfo": 0.001,
        "reserve_fuel": 0,
        "n_engines": 8,
        "CLmax_clean": 1.5,
        "CLmax_takeoff": 1.7,
        "CLmax_landing": 1.7,
        "r_float": 1.5,
        "upsweep": 11
    },
    "requirements": {
        "design_range": 3704000,
        "design_payload": 90000,
        "design_crew": 425,
        "ferry_range": 12038000,
        "reserve_range": 185200,
        "ferry_payload": 0,
        "ferry_crew": 425,
        "altitude_range_WIG": 943600,
        "altitude_range_WOG": 538000,
        "altitude_payload": 90000,
        "altitude_crew": 425,
        "cruise_speed": 115.749,
        "stall_speed_clean": 77.16,
        "stall_speed_takeoff": 61.9,
        "stall_speed_landing": 61.9,
        "stall_speed_high": 82.3,
        "high_altitude": 3048.0,
        "cargo_width": 3.5,
        "cargo_height": 4,
        "cargo_length": 7.32,
        "cargo_density": 160
    },
    "outputs": {
        "general": {
            "d_fuselage": 8.832726010325398,
            "r_fuselage": 4.416363005162699,
            "l_fuselage": 75.07817108776588,
            "l_tailcone": 39.747267046464295,
            "l_nose": 13.249089015488098,
            "l_cargo_straight": 15.316351424067726,
            "Re": 4850602117.146465,
            "Cd": 0.0012696487711144299,
            "hull_surface": 358.30253673344384,
            "take_off_power": 76160445.50231826,
            "take_off_thrust": null,
            "V_lof": 64.995,
            "LD_g": 15.40938218960205
        },
        "design": {
            "MTOW": 2665114.1340225562,
            "total_fuel": 472864.74940207443,
            "fuel_mission": 447683.1557018553,
            "fuel_reserve": 25181.59370021912,
            "OEW": 1302515.0204864594,
            "EW": 1302090.0204864594,
            "ZFW": 2192249.3846204816,
            "MTOM": 271673.20428364485,
            "S": 748.5245160372624,
            "b": 86.51731133347027,
            "MAC": 8.651731133347027,
            "fuel_economy": 0.16694538073929371,
            "h_b": 0.06935028270670296,
            "k": 1.5534777302088063,
            "WP": 0.08124773462698702,
            "TW": null,
            "WS": 3560.4901079751935,
            "P": 32802319.30475658,
            "T": null,
            "LD": 23.938132067823
        },
        "ferry": {
            "MTOW": 803881.994827391,
            "total_fuel": 153693.84935928692,
            "fuel_mission": 150868.12621578082,
            "fuel_reserve": 2825.7231435060967,
            "OEW": 645215.0134732767,
            "EW": 644790.0134732767,
            "ZFW": 650188.145468104,
            "MTOM": 81945.15747475953,
            "S": 225.77846647025348,
            "b": 47.516151619239274,
            "MAC": 4.751615161923927,
            "fuel_economy": 0,
            "h_b": 0.12627285239932187,
            "k": 1.3154336770484147,
            "WP": 0.08124773462698702,
            "TW": null,
            "WS": 3560.4901079751935,
            "P": 9894208.10953141,
            "T": null,
            "LD": 20.27002027471258
        },
        "altitude": {
            "MTOW": 2479642.67288469,
            "total_fuel": 353078.59187383956,
            "fuel_mission": 328699.04822055897,
            "fuel_reserve": 24379.54365328059,
            "OEW": 1237015.1883379659,
            "EW": 1236590.1883379659,
            "ZFW": 2126564.0810108506,
            "MTOM": 252766.83719517736,
            "S": 696.4329622324856,
            "b": 83.45255911189815,
            "MAC": 8.345255911189815,
            "fuel_economy": 0.30643763929309964,
            "h_b": 0.07189713609566896,
            "k": 1.5366435255034692,
            "WP": 0.08124773462698702,
            "TW": null,
            "WS": 3560.4901079751935,
            "P": 30519529.981591128,
            "T": null,
            "LD": 23.67872737366046
        },
        "max": {
            "MTOM": 271673.20428364485,
            "S": 748.5245160372624,
            "b": 86.51731133347027,
            "MAC": 8.651731133347027,
            "fuel_economy": 0.16694538073929371
        },
        "wing_design": {
            "taper_ratio": 0.4,
            "sweep_c_4": 0,
            "dihedral": 1,
            "sweep_x_c": 2.454031674527076,
            "chord_root": 12.359615904781469,
            "chord_tip": 4.943846361912588,
            "y_MAC": 18.539423857172203,
            "X_LEMAC": 21.056440000000002,
            "X_LE": 20.26189326326405,
            "MAC": 9.181428957837662,
            "S": 748.5245160372624,
            "b": 86.51731133347027,
            "aspect_ratio": 10
        }
    },
    "kinematic_viscosity": 1.006e-06,
    "rho_water": 1000
}