{
    "design_id": 1,
    "aircraft_type": "MIXED",
    "cruise_altitude": 5,
    "design_range": 3704000,
    "design_payload": 90000,
    "design_crew": 425,
    "ferry_range": 12038000,
    "ferry_payload": 0,
    "ferry_crew": 425,
    "altitude_range_WIG": 943600,
    "altitude_range_WOG": 538000,
    "altitude_payload": 90000,
    "altitude_crew": 425,
    "cruise_speed": 115.749,
    "jet_consumption": 2.7e-05,
    "prop_consumption": 2.18e-08,
    "prop_efficiency": 0.82,
    "Cd0": 0.02,
    "oswald_factor": 0.85,
    "aspect_ratio": 10,
    "Cl_alpha": 5.0,
    "tfo": 0.001,
    "reserve_fuel": 0,
    "k": 1.700730420158031,
    "n_engines": 8,
    "CLmax_clean": 1.5,
    "CLmax_takeoff": 1.6,
    "CLmax_landing": 1.8,
    "stall_speed_clean": 77.16,
    "stall_speed_takeoff": 61.728,
    "stall_speed_landing": 51.44,
    "high_altitude": 3048.0,
    "L": 70,
    "r": 4,
    "hull_surface": 251.32741228718345,
    "design": {
        "take_off_power": 53392355.25717556,
        "take_off_thrust": null,
        "MTOM": 265918.2378117973,
        "MTOW": 2608657.9129337315,
        "OEW": 1282577.3277418718,
        "ZFW": 2172255.235654806,
        "EW": 1282152.3277418718,
        "Fuel": 436402.6772789257,
        "Fuel_used": 436402.6772789257,
        "Fuel_reserve": 0.0,
        "S": 782.7358143035425,
        "aspect_ratio": 10,
        "b": 88.47235807321644,
        "MAC": 8.847235807321642,
        "cruise_altitude": 5,
        "h_b": 0.05651482687804235,
        "k": 1.6555674933053468,
        "WP": 0.12043508917368431,
        "TW": 0.13958069275654597,
        "WS": 3332.77241396741,
        "fuel_economy": 0.10942555646579437,
        "design_payload": 90000,
        "P": 21660281.32525132,
        "T": 364118.27865213563
    },
    "ferry": {
        "take_off_power": 53392355.25717556,
        "take_off_thrust": null,
        "MTOM": 78853.68716261414,
        "MTOW": 773554.6710652447,
        "OEW": 634504.8233246307,
        "ZFW": 639447.627995696,
        "EW": 634079.8233246307,
        "Fuel": 134107.0430695487,
        "Fuel_used": 134107.0430695487,
        "Fuel_reserve": 0.0,
        "S": 232.09659633133333,
        "aspect_ratio": 10,
        "b": 48.176404632489266,
        "MAC": 4.817640463248927,
        "cruise_altitude": 5,
        "h_b": 0.10378524587175386,
        "k": 1.383898014246954,
        "WP": 0.11691147363393795,
        "TW": 0.13859753138848316,
        "WS": 3332.77241396741,
        "fuel_economy": 0.010346645833803061,
        "ferry_payload": 0,
        "P": 6616584.728777993,
        "T": 107212.76780367302
    },
    "altitude": {
        "take_off_power": 53392355.25717556,
        "take_off_thrust": null,
        "MTOM": 314497.39849217865,
        "MTOW": 3085219.4792082724,
        "OEW": 1450876.5496701598,
        "ZFW": 2341031.019149368,
        "EW": 1450451.5496701598,
        "Fuel": 744188.4600589041,
        "Fuel_used": 744188.4600589041,
        "Fuel_reserve": 0.0,
        "S": 925.6866336427288,
        "aspect_ratio": 10,
        "b": 96.21261006971636,
        "MAC": 9.621261006971638,
        "cruise_altitude": 5,
        "h_b": 0.05196823988432455,
        "k": 1.700730420158031,
        "WP": 0.12087790182602116,
        "TW": 0.13991015994580777,
        "WS": 3332.77241396741,
        "fuel_economy": 0.46650284586430435,
        "altitude_payload": 90000,
        "P": 25523436.72914517,
        "T": 431653.55080395116
    },
    "gravitational_acceleration": 9.81,
    "kinematic_viscosity": 1.002e-06,
    "rho_water": 1000.0,
    "MTOW": 3085219.4792082724,
    "fuel_used": 744188.4600589041,
    "fuel_res": 0.0,
    "fuel": 744188.4600589041,
    "OEW": 1450876.5496701598,
    "ZFW": 2341031.019149368,
    "EW": 1450451.5496701598,
    "MTOM": 314497.39849217865,
    "TW": 0.13716682347628212,
    "WP": 0.12334479778165425,
    "WS": 3400.7881775177657
}