{
    "design_id": 4,
    "aircraft_type": "PROP",
    "cruise_altitude": 5,
    "n_wings": 2,
    "design_range": 3704000,
    "design_payload": 90000,
    "design_crew": 425,
    "ferry_range": 12038000,
    "ferry_payload": 0,
    "ferry_crew": 425,
    "altitude_range_WIG": 943600,
    "altitude_range_WOG": 538000,
    "altitude_payload": 90000,
    "altitude_crew": 425,
    "cruise_speed": 115.749,
    "jet_consumption": 2.7e-05,
    "prop_consumption": 2.18e-08,
    "prop_efficiency": 0.82,
    "Cd0": 0.02,
    "oswald_factor": 0.85,
    "aspect_ratio": 10,
    "Cl_alpha": 5.0,
    "tfo": 0.001,
    "reserve_fuel": 0,
    "k": 1.4714393452687795,
    "n_engines": 8,
    "CLmax_clean": 1.5,
    "CLmax_takeoff": 1.6,
    "CLmax_landing": 1.8,
    "stall_speed_clean": 77.16,
    "stall_speed_takeoff": 61.728,
    "stall_speed_landing": 51.44,
    "high_altitude": 3048.0,
    "L": 70,
    "r": 4,
    "hull_surface": 251.32741228718345,
    "design": {
        "take_off_power": 53392355.25717556,
        "take_off_thrust": null,
        "MTOM": 261034.23809510737,
        "MTOW": 2560745.8757130033,
        "OEW": 1272387.036385269,
        "ZFW": 2155287.036385269,
        "EW": 1268217.786385269,
        "Fuel": 405458.8393277343,
        "Fuel_used": 405458.8393277343,
        "Fuel_reserve": 0.0,
        "S": 768.3370086489998,
        "aspect_ratio": 10,
        "b": 61.98132818232438,
        "MAC": 12.396265636464877,
        "cruise_altitude": 5,
        "h_b": 0.08066945557042585,
        "k": 1.4851471982823568,
        "WP": 0.10139945256551712,
        "TW": null,
        "WS": 3332.77241396741,
        "fuel_economy": 0.151199524582426,
        "design_payload": 90000,
        "P": 25254040.44029164,
        "T": null,
        "Fuel_max": 446004.7232605078
    },
    "ferry": {
        "take_off_power": 53392355.25717556,
        "take_off_thrust": null,
        "MTOM": 78270.84621939366,
        "MTOW": 767837.0014122518,
        "OEW": -245477.3027661167,
        "ZFW": 637422.6972338833,
        "EW": -249646.5527661167,
        "Fuel": 130414.30417836856,
        "Fuel_used": 130414.30417836856,
        "Fuel_reserve": 0.0,
        "S": 230.38379588524558,
        "aspect_ratio": 10,
        "b": 33.939931930194376,
        "MAC": 6.787986386038876,
        "cruise_altitude": 5,
        "h_b": 0.1473190933406614,
        "k": 1.2676459817937282,
        "WP": 0.10028696671543,
        "TW": null,
        "WS": 3332.77241396741,
        "ferry_payload": 0,
        "P": 7656398.698257903,
        "T": null,
        "Fuel_max": 143455.73459620544
    },
    "altitude": {
        "take_off_power": 53392355.25717556,
        "take_off_thrust": null,
        "MTOM": 244864.5076079393,
        "MTOW": 2402120.819633885,
        "OEW": 1216209.471897832,
        "ZFW": 2099109.4718978317,
        "EW": 1212040.221897832,
        "Fuel": 303011.347736053,
        "Fuel_used": 303011.347736053,
        "Fuel_reserve": 0.0,
        "S": 720.7415967143324,
        "aspect_ratio": 10,
        "b": 60.03089191051273,
        "MAC": 12.006178382102545,
        "cruise_altitude": 5,
        "h_b": 0.08329044998121025,
        "k": 1.4714393452687795,
        "WP": 0.10139945256551712,
        "TW": null,
        "WS": 3332.77241396741,
        "fuel_economy": 0.2824896591028489,
        "altitude_payload": 90000,
        "P": 23689682.32921973,
        "T": null,
        "Fuel_max": 333312.4825096583
    },
    "gravitational_acceleration": 9.81,
    "kinematic_viscosity": 1.002e-06,
    "rho_water": 1000.0
}