{
    "design_id": 3,
    "inputs": {
        "cruise_altitude": 10,
        "aircraft_type": "PROP",
        "wing_type": "HIGH",
        "tail_type": "CONVENTIONAL",
        "n_wings": 1,
        "n_fuselages": 1,
        "depth": 0.1,
        "jet_consumption": 2.7e-05,
        "prop_consumption": 2.1e-08,
        "prop_efficiency": 0.85,
        "Cd0": 0.01756352718180103,
        "oswald_factor": 0.85,
        "aspect_ratio": 8,
        "aspect_h": 4.5,
        "aspect_v": 1.5,
        "sweep_hc4": 10,
        "sweep_vc4": 10,
        "h_position": 0.9376107824411253,
        "v_position": 0.8970745343562955,
        "tfo": 0.001,
        "n_engines": 6.0,
        "CLmax_clean": 1.6,
        "CLmax_takeoff": 2.4,
        "CLmax_landing": 2.4,
        "CL_hydro": 0.5,
        "r_float": 4.416363005162699,
        "upsweep": 11,
        "xcg_OEW": 0.4,
        "V_h": 0.9,
        "V_v": 0.083867,
        "xc_OEW": 0.2,
        "xc_wing": 0.4,
        "xc_fuselage": 0.4,
        "mf_wing": 0.08,
        "mf_fuselage": 0.08,
        "ltcd": 4.5,
        "lnd": 1.5,
        "lfd": 8.5,
        "engine_power": 8202000
    },
    "requirements": {
        "design_range": 3704000,
        "design_payload": 90000,
        "design_crew": 425,
        "ferry_range": 12038000,
        "reserve_range": 185200,
        "ferry_payload": 0,
        "ferry_crew": 170,
        "altitude_range_WIG": 943600,
        "altitude_range_WOG": 538000,
        "altitude_payload": 90000,
        "altitude_crew": 425,
        "cruise_speed": 115.24768981214152,
        "stall_speed_clean": 77.16,
        "stall_speed_takeoff": 61.73,
        "stall_speed_landing": 61.73,
        "stall_speed_high": 82.3,
        "high_altitude": 3048.0,
        "cargo_width": 3.5,
        "cargo_height": 4,
        "cargo_length": 7.32,
        "cargo_density": 160
    },
    "outputs": {
        "general": {
            "d_fuselage": 8.832726010325398,
            "r_fuselage": 4.416363005162699,
            "l_fuselage": 75.07817108776588,
            "l_tailcone": 39.747267046464295,
            "l_nose": 13.249089015488098,
            "l_cargo_straight": 15.316351424067726,
            "Re": 4837280592.753655,
            "Cd": 0.0012700434697589557,
            "hull_surface": 227.12738815886908,
            "take_off_power": 46205736.735140644,
            "take_off_thrust": null,
            "V_lof": 64.8165,
            "LD_g": 17.43787372561123,
            "Cd_water": 0.0012700434697589557,
            "xcg_payload": 0.44404883931977346,
            "l_bottom": 35.33090404130159
        },
        "design": {
            "MTOW": 2528141.247637751,
            "total_fuel": 384401.24323822855,
            "OEW": 1254142.6131518846,
            "EW": 1253717.6131518846,
            "ZFW": 2143740.0043995227,
            "MTOM": 257710.62667051487,
            "S": 505.9106186859496,
            "b": 63.61827527910197,
            "MAC": 7.952284409887746,
            "fuel_economy": 0.06931841316446796,
            "h_b": 0.15718753701084553,
            "k": 1.6550194544064116,
            "WP": 0.1063090202835842,
            "TW": null,
            "WS": 4997.0828914598405,
            "P": 23781060.543064155,
            "T": null,
            "LD": 28.86256860717857,
            "max_fuel": 422841.36756205146,
            "mission_fuel": 381064.7885158307,
            "reserve_fuel": 3336.4547223978443,
            "Mff": 0.8479510416605852,
            "max_fuel_L": 52564.75069765191,
            "total_fuel_L": 47786.13699786537,
            "mission_fuel_L": 47371.37173563943,
            "reserve_fuel_L": 414.76526222593225
        },
        "ferry": {
            "MTOW": 741525.6342810617,
            "total_fuel": 113421.1907978836,
            "OEW": 623193.6678488969,
            "EW": 623023.6678488969,
            "ZFW": 628104.4434831782,
            "MTOM": 75588.74967187173,
            "S": 148.38368057133061,
            "b": 34.45387415909342,
            "MAC": 4.306734269886676,
            "fuel_economy": 0,
            "h_b": 0.29024312197299584,
            "k": 1.477175294140326,
            "WP": 0.09971334850720895,
            "TW": null,
            "WS": 4997.0828914598405,
            "P": 7436573.391449709,
            "T": null,
            "LD": 25.667359794933166,
            "max_fuel": 124763.30987767197,
            "mission_fuel": 112321.82855062043,
            "reserve_fuel": 1099.3622472631687,
            "Mff": 0.8470434661266297,
            "max_fuel_L": 15509.722517798162,
            "total_fuel_L": 14099.747743452872,
            "mission_fuel_L": 13963.082537806175,
            "reserve_fuel_L": 136.66520564669807
        },
        "altitude": {
            "MTOW": 2523063.059128754,
            "total_fuel": 381121.51122466195,
            "OEW": 1252349.2348449628,
            "EW": 1251924.2348449628,
            "ZFW": 2141941.547904092,
            "MTOM": 257192.97238825215,
            "S": 504.90624483012635,
            "b": 63.55509388429074,
            "MAC": 7.944386735536344,
            "fuel_economy": 0.13685826107628468,
            "h_b": 0.15734380029720568,
            "k": 1.6546409160151523,
            "WP": 0.10629454066325002,
            "TW": null,
            "WS": 4997.0828914598405,
            "P": 23736525.351024643,
            "T": null,
            "LD": 28.85341935470192,
            "max_fuel": 419233.6623471282,
            "mission_fuel": 311950.93414086226,
            "reserve_fuel": 69170.5770837997,
            "Mff": 0.848944912476239,
            "max_fuel_L": 52116.26542690737,
            "total_fuel_L": 47378.42311537032,
            "mission_fuel_L": 38779.60942553172,
            "reserve_fuel_L": 8598.813689838604
        },
        "max": {
            "MTOM": 257710.62667051487,
            "S": 505.9106186859496,
            "b": 63.61827527910197,
            "MAC": 7.952284409887746,
            "fuel_economy": 0.06931841316446796,
            "OEW": 1254142.6131518846,
            "total_fuel": 384401.24323822855,
            "max_fuel": 422841.36756205146,
            "mission_fuel": 381064.7885158307,
            "reserve_fuel": 69170.5770837997,
            "Mff": 0.8470434661266297,
            "MTOW": 2528141.247637751,
            "LD": 28.86256860717857,
            "total_fuel_L": 47786.13699786537,
            "mission_fuel_L": 47371.37173563943,
            "reserve_fuel_L": 8598.813689838604,
            "max_fuel_L": 52564.75069765191
        },
        "wing_design": {
            "taper_ratio": 0.4,
            "sweep_c_4": 0,
            "dihedral": 1,
            "sweep_x_c": 3.066485501125894,
            "chord_root": 11.360406299839639,
            "chord_tip": 4.544162519935855,
            "y_MAC": 13.632487559807567,
            "X_LEMAC": 30.031268435106355,
            "X_LE": 29.300956601545234,
            "MAC": 8.43915896559516,
            "S": 505.9106186859496,
            "b": 63.61827527910197,
            "aspect_ratio": 8
        },
        "cg_range": {
            "most_aft_cg": 31.868873944592323,
            "most_aft_mission": "DESIGN_OEW_PAYLOAD_FUEL",
            "most_forward_cg": 30.031268435106355,
            "most_forward_mission": "DESIGN_OEW"
        },
        "empennage_design": {
            "vertical_tail": {
                "S": 76.07477242254149,
                "l_v": 35.48183993391456,
                "b": 10.682329270052119,
                "chord_root": 10.433795619634568,
                "chord_tip": 3.8093100737682573,
                "sweep": 25.938031088089183,
                "taper": 0.36509341496011344,
                "aspect_ratio": 1.5,
                "LE_pos": 64.34437546813132,
                "relative_pos_mac/4": 0.8970745343562955,
                "MAC": 7.635062209196207,
                "sweep_c_4": 10
            },
            "horizontal_tail": {
                "S": 99.74020283736353,