{
    "design_id": 1,
    "inputs": {
        "cruise_altitude": 4,
        "aircraft_type": "PROP",
        "wing_type": "LOW",
        "tail_type": "T_TAIL",
        "n_wings": 1,
        "n_fuselages": 1,
        "depth": 0.1,
        "jet_consumption": 2.7e-05,
        "prop_consumption": 2.1e-08,
        "prop_efficiency": 0.85,
        "Cd0": 0.018410954550402217,
        "oswald_factor": 0.806962284413828,
        "aspect_ratio": 6,
        "aspect_h": 4.5,
        "aspect_v": 1.5,
        "sweep_h": 21,
        "sweep_hc4": 30,
        "sweep_vc4": 20,
        "taper_h": 0.3,
        "sweep_v": 10,
        "taper_v": 0.6,
        "tfo": 0.001,
        "n_engines": 6.0,
        "CLmax_clean": 1.6,
        "CLmax_takeoff": 2.4,
        "CLmax_landing": 2.4,
        "CL_hydro": 0.5,
        "r_float": 4.416363005162699,
        "upsweep": 11,
        "xcg_OEW": 0.4,
        "V_h": 0.9,
        "V_v": 0.083867,
        "h_position": 0.9342536761800772,
        "v_position": 0.920650806235558,
        "xc_OEW": 0.2,
        "xc_wing": 0.4,
        "xc_fuselage": 0.4,
        "mf_wing": 0.08,
        "mf_fuselage": 0.08,
        "ltcd": 4.5,
        "lnd": 1.5,
        "lfd": 8.5,
        "engine_power": 8202000
    },
    "requirements": {
        "design_range": 3704000,
        "design_payload": 90000,
        "design_crew": 425,
        "ferry_range": 12038000,
        "ferry_payload": 0,
        "reserve_range": 185200,
        "ferry_crew": 170,
        "altitude_range_WIG": 943600,
        "altitude_range_WOG": 538000,
        "altitude_payload": 90000,
        "altitude_crew": 425,
        "cruise_speed": 115.749,
        "stall_speed_clean": 77.16,
        "stall_speed_takeoff": 61.9,
        "stall_speed_landing": 61.9,
        "stall_speed_high": 82.3,
        "high_altitude": 3048.0,
        "cargo_width": 3.5,
        "cargo_height": 4,
        "cargo_length": 7.32,
        "cargo_density": 160
    },
    "outputs": {
        "general": {
            "d_fuselage": 8.832726010325398,
            "r_fuselage": 4.416363005162699,
            "l_fuselage": 75.07817108776588,
            "l_tailcone": 39.747267046464295,
            "l_nose": 13.249089015488098,
            "l_cargo_straight": 15.316351424067726,
            "LD_g": 14.371729403837831,
            "Re": 4850602117.146465,
            "Cd_water": 0.0012696487711144299,
            "hull_surface": 227.12738815886908,
            "take_off_power": 46574052.278447144,
            "take_off_thrust": null,
            "V_lof": 64.995,
            "xcg_payload": 0.44404883931977346
        },
        "design": {
            "MTOW": 2588931.1958388034,
            "total_fuel": 423662.23933256423,
            "OEW": 1275610.7753104002,
            "EW": 1275185.7753104002,
            "ZFW": 2165268.9565062393,
            "MTOM": 263907.35941272206,
            "S": 514.9275934396583,
            "b": 55.58386061293287,
            "MAC": 9.263976768822145,
            "h_b": 0.07196333532596165,
            "k": 1.6515765168018075,
            "WP": 0.09131919534790821,
            "TW": null,
            "WS": 5027.539614379501,
            "P": 28350350.503806826,
            "T": null,
            "LD": 23.736994747240498,
            "max_fuel": 466028.4632658207,
            "mission_fuel": 419563.90713384835,
            "reserve_fuel": 4098.332198715885,
            "Mff": 0.8363563156821171,
            "fuel_economy": 0.07632167846543067
        },
        "ferry": {
            "MTOW": 783427.5061401861,
            "total_fuel": 140483.3824280775,
            "OEW": 637991.4462059684,
            "EW": 637821.4462059684,
            "ZFW": 642944.1237121086,
            "MTOM": 79860.09236903019,
            "S": 155.80661258026495,
            "b": 30.575148004246678,
            "MAC": 5.09585800070778,
            "fuel_economy": 0,
            "h_b": 0.13082520481812313,
            "k": 1.4019211280383552,
            "WP": 0.08581422525676782,
            "TW": null,
            "WS": 5027.539614379501,
            "P": 9129343.110609746,
            "T": null,
            "LD": 20.14803109788928,
            "max_fuel": 154531.72067088526,
            "mission_fuel": 139049.4297157704,
            "reserve_fuel": 1433.952712307073,
            "Mff": 0.8206810696241504,
            "fuel_mission": 116627.08222187468,
            "fuel_reserve": 2339.5820760255447
        },
        "altitude": {
            "MTOW": 2425894.568876753,
            "OEW": 1218033.875691688,
            "EW": 1217608.875691688,
            "ZFW": 2107529.020260565,
            "MTOM": 247287.92751037236,
            "S": 482.5197521612854,
            "b": 53.80630551308752,
            "MAC": 8.967717585514587,
            "h_b": 0.07434072943415646,
            "k": 1.635593195093008,
            "WP": 0.09131632521620812,
            "TW": null,
            "WS": 5027.539614379501,
            "P": 26565836.537256654,
            "T": null,
            "LD": 23.506302814635248,
            "Mff": 0.8687636500362838,
            "total_fuel": 318365.5486161881,
            "mission_fuel": 314337.3181442383,
            "reserve_fuel": 4028.2304719497915,
            "max_fuel": 350202.10347780696,
            "fuel_economy": 0.13790520894281946
        },
        "max": {
            "MTOM": 263907.35941272206,
            "S": 514.9275934396583,
            "b": 55.58386061293287,
            "MAC": 9.263976768822145,
            "fuel_economy": 0.07632167846543067,
            "OEW": 1275610.7753104002,
            "total_fuel": 423662.23933256423,
            "max_fuel": 466028.4632658207,
            "mission_fuel": 419563.90713384835,
            "reserve_fuel": 4098.332198715885,
            "Mff": 0.8206810696241504,
            "LD": 23.736994747240498,
            "MTOW": 2588931.1958388034
        },
        "wing_design": {
            "taper_ratio": 0.4,
            "sweep_c_4": 0,
            "dihedral": 5,
            "sweep_x_c": 4.085616779974877,
            "chord_root": 13.23425252688878,
            "chord_tip": 5.2937010107555125,
            "y_MAC": 11.910827274199903,
            "X_LEMAC": 30.031268435106355,
            "X_LE": 29.18049505837779,
            "MAC": 9.831159019974521,
            "S": 514.9275934396583,
            "b": 55.58386061293287,
            "aspect_ratio": 6
        },
        "cg_range": {
            "most_aft_cg": 31.96626811107582,
            "most_aft_mission": "DESIGN_OEW_PAYLOAD_FUEL",
            "most_forward_cg": 30.031268435106355,
            "most_forward_mission": "DESIGN_OEW"
        },
        "empennage_design": {
            "vertical_tail": {
                "S": 64.66507002733304,
                "l_v": 37.1207061000251,
                "mac": 10.731668352743815,
                "b": 9.848736215423761,
                "chord_root": 7.724498992489226,
                "chord_tip": 5.4071492947424575,
                "sweep": 10,
                "taper": 0.7,
                "MAC": 6.633981487667217,
                "aspect_ratio": 1.5,
                "LE_pos": 67.05367209527665,
                "relative_pos_mac/4": 0.920650806235558
            },
            "horizontal_tail": {
                "S": 119.4319792272197,
                "l_h": 38.14808712767177,
                "mac": 6.001306854000643,
                "b": 23.182836464127693,
                "chord_root": 7.925756056112032,
                "chord_tip": 2.3777268168336096,
                "sweep": 21,
                "sweep_hc4": 30,
                "taper": 0.3,
                "MAC": 5.649641496408063,
                "sweep_c_4": 30,
                "aspect_ratio": 4.5,
                "tail_height": 18.681462225749158,
                "LE_pos": 66.90419934527672,
                "relative_pos_mac/4": 0.9342536761800772
            }
        }
    },
    "kinematic_viscosity": 1.006e-06,
    "rho_water": 1000,