{
    "design_id": 3,
    "inputs": {
        "cruise_altitude": 6,
        "aircraft_type": "PROP",
        "wing_type": "HIGH",
        "n_wings": 1,
        "n_fuselages": 1,
        "depth": 0.15,
        "jet_consumption": 2.7e-05,
        "prop_consumption": 2.1e-08,
        "prop_efficiency": 0.82,
        "Cd0": 0.028115017191112573,
        "oswald_factor": 0.85,
        "aspect_ratio": 10,
        "Cl_alpha": 5.0,
        "tfo": 0.001,
        "reserve_fuel": 0,
        "n_engines": 8,
        "CLmax_clean": 1.5,
        "CLmax_takeoff": 1.7,
        "CLmax_landing": 1.7,
        "r_float": 1.5,
        "upsweep": 11,
        "k": 1.313841358490633
    },
    "requirements": {
        "design_range": 3704000,
        "design_payload": 90000,
        "design_crew": 425,
        "ferry_range": 12038000,
        "reserve_range": 185200,
        "ferry_payload": 0,
        "ferry_crew": 425,
        "altitude_range_WIG": 943600,
        "altitude_range_WOG": 538000,
        "altitude_payload": 90000,
        "altitude_crew": 425,
        "cruise_speed": 115.749,
        "stall_speed_clean": 77.16,
        "stall_speed_takeoff": 61.9,
        "stall_speed_landing": 61.9,
        "stall_speed_high": 82.3,
        "high_altitude": 3048.0,
        "cargo_width": 3.5,
        "cargo_height": 4,
        "cargo_length": 7.32,
        "cargo_density": 160
    },
    "outputs": {
        "general": {
            "d_fuselage": 8.832726010325398,
            "r_fuselage": 4.416363005162699,
            "l_fuselage": 75.07817108776588,
            "l_tailcone": 39.747267046464295,
            "l_nose": 13.249089015488098,
            "l_cargo_straight": 15.316351424067726,
            "Re": 4850602117.146465,
            "Cd": 0.0012696487711144299,
            "hull_surface": 358.30253673344384,
            "take_off_power": 76160445.50231826,
            "take_off_thrust": null,
            "V_lof": 64.995,
            "LD_g": 15.40938218960205
        },
        "design": {
            "MTOW": 2651588.7677381155,
            "total_fuel": 464129.43429518247,
            "fuel_mission": 438842.41604223335,
            "fuel_reserve": 25287.018252949114,
            "OEW": 1297738.4946751948,
            "EW": 1297313.4946751948,
            "ZFW": 2187459.333442933,
            "MTOM": 270294.4717368109,
            "S": 744.6457969187678,
            "b": 86.29286163517628,
            "MAC": 8.629286163517628,
            "fuel_economy": 0.16364858337335597,
            "h_b": 0.06953066437136406,
            "k": 1.5522539160056537,
            "WP": 0.08124773462698702,
            "TW": null,
            "WS": 3560.4901079751935,
            "P": 32635848.616724033,
            "T": null,
            "LD": 23.919273847037555
        },
        "ferry": {
            "MTOW": 796067.2992333822,
            "total_fuel": 148646.75288570506,
            "fuel_mission": 145778.00500048877,
            "fuel_reserve": 2868.7478852162894,
            "OEW": 642455.2290484437,
            "EW": 642030.2290484437,
            "ZFW": 647420.5463476771,
            "MTOM": 81148.55241930501,
            "S": 223.5860582930398,
            "b": 47.28488746872935,
            "MAC": 4.728488746872935,
            "fuel_economy": 0,
            "h_b": 0.12689043627243368,
            "k": 1.313841358490633,
            "WP": 0.08124773462698702,
            "TW": null,
            "WS": 3560.4901079751935,
            "P": 9798024.558939058,
            "T": null,
            "LD": 20.245483629488124
        },
        "altitude": {
            "MTOW": 2473639.113894023,
            "total_fuel": 349201.2122566521,
            "fuel_mission": 324686.73418061476,
            "fuel_reserve": 24514.47807603737,
            "OEW": 1234895.0125234767,
            "EW": 1234470.0125234767,
            "ZFW": 2124437.9016373707,
            "MTOM": 252154.8536079534,
            "S": 694.7381289556405,
            "b": 83.35095254138615,
            "MAC": 8.335095254138613,
            "fuel_economy": 0.3026970624670966,
            "h_b": 0.07198478022216755,
            "k": 1.5360807893530297,
            "WP": 0.08124773462698702,
            "TW": null,
            "WS": 3560.4901079751935,
            "P": 30445637.96456161,
            "T": null,
            "LD": 23.670055957246436
        },
        "max": {
            "MTOM": 270294.4717368109,
            "S": 744.6457969187678,
            "b": 86.29286163517628,
            "MAC": 8.629286163517628,
            "fuel_economy": 0.16364858337335597
        },
        "wing_design": {
            "taper_ratio": 0.4,
            "sweep_c_4": 0,
            "dihedral": 1,
            "sweep_x_c": 2.454031674527076,
            "chord_root": 12.327551662168041,
            "chord_tip": 4.931020664867217,
            "y_MAC": 18.49132749325206,
            "X_LEMAC": 21.056440000000002,
            "X_LE": 20.263954536003485,
            "MAC": 9.157609806181974,
            "S": 744.6457969187678,
            "b": 86.29286163517628,
            "aspect_ratio": 10
        }
    },
    "kinematic_viscosity": 1.006e-06,
    "rho_water": 1000
}