{
    "design_id": 3,
    "inputs": {
        "cruise_altitude": 10,
        "aircraft_type": "PROP",
        "wing_type": "HIGH",
        "tail_type": "CONVENTIONAL",
        "n_wings": 1,
        "n_fuselages": 1,
        "depth": 0.1,
        "jet_consumption": 2.7e-05,
        "prop_consumption": 2.1e-08,
        "prop_efficiency": 0.85,
        "Cd0": 0.0184027100047905,
        "oswald_factor": 0.6560637537879077,
        "aspect_ratio": 8,
        "aspect_h": 4.5,
        "aspect_v": 1.5,
        "sweep_h": 21,
        "sweep_hc4": 30,
        "taper_h": 0.3,
        "sweep_v": 33,
        "taper_v": 0.29,
        "h_position": 0.936748265725294,
        "v_position": 0.8891952632065049,
        "tfo": 0.001,
        "n_engines": 6.0,
        "CLmax_clean": 1.6,
        "CLmax_takeoff": 2.4,
        "CLmax_landing": 2.4,
        "CL_hydro": 0.5,
        "r_float": 4.416363005162699,
        "upsweep": 11,
        "xcg_OEW": 0.4,
        "V_h": 0.9,
        "V_v": 0.083867,
        "xc_OEW": 0.2,
        "xc_wing": 0.4,
        "xc_fuselage": 0.4,
        "mf_wing": 0.12,
        "mf_fuselage": 0.2,
        "engine_power": 8202000
    },
    "requirements": {
        "design_range": 4704000,
        "design_payload": 90000,
        "design_crew": 425,
        "ferry_range": 12038000,
        "reserve_range": 185200,
        "ferry_payload": 0,
        "ferry_crew": 170,
        "altitude_range_WIG": 943600,
        "altitude_range_WOG": 538000,
        "altitude_payload": 90000,
        "altitude_crew": 425,
        "cruise_speed": 115.749,
        "stall_speed_clean": 77.16,
        "stall_speed_takeoff": 61.73,
        "stall_speed_landing": 61.73,
        "stall_speed_high": 82.3,
        "high_altitude": 3048.0,
        "cargo_width": 3.5,
        "cargo_height": 4,
        "cargo_length": 7.32,
        "cargo_density": 160
    },
    "outputs": {
        "general": {
            "d_fuselage": 8.832726010325398,
            "r_fuselage": 4.416363005162699,
            "l_fuselage": 75.07817108776588,
            "l_tailcone": 39.747267046464295,
            "l_nose": 13.249089015488098,
            "l_cargo_straight": 15.316351424067726,
            "Re": 4837280592.753655,
            "Cd": 0.0012700434697589557,
            "hull_surface": 227.12738815886908,
            "take_off_power": 46205736.735140644,
            "take_off_thrust": null,
            "V_lof": 64.8165,
            "LD_g": 14.966562555036916,
            "Cd_water": 0.0012700434697589557,
            "xcg_payload": 0.44404883931977346
        },
        "design": {
            "MTOW": 2660727.6387793696,
            "total_fuel": 470031.7453001308,
            "OEW": 1300965.9158404593,
            "EW": 1300540.9158404593,
            "ZFW": 2190695.8934792387,
            "MTOM": 271226.05899891636,
            "S": 532.4233962893039,
            "b": 65.2639806502364,
            "MAC": 8.157997581279549,
            "fuel_economy": 0.06710847075808293,
            "h_b": 0.15322387479844563,
            "k": 1.6666736467732104,
            "WP": 0.0946211776745004,
            "TW": null,
            "WS": 4997.0828914598405,
            "P": 28119789.926229306,
            "T": null,
            "LD": 24.94435048640688,
            "max_fuel": 517034.9198301439,
            "mission_fuel": 466086.16346414655,
            "reserve_fuel": 3945.5818359842524,
            "Mff": 0.8233446601412531
        },
        "ferry": {
            "MTOW": 765117.9065841915,
            "total_fuel": 128658.18536952311,
            "OEW": 631525.3533080842,
            "EW": 631355.3533080842,
            "ZFW": 636459.7212146684,
            "MTOM": 77993.67039594204,
            "S": 153.1005396503666,
            "b": 34.997204419823774,
            "MAC": 4.374650552477973,
            "fuel_economy": 0,
            "h_b": 0.28573710859989754,
            "k": 1.4824319261293386,
            "WP": 0.09180080062583043,
            "TW": null,
            "WS": 4997.0828914598405,
            "P": 8334545.0297620455,
            "T": null,
            "LD": 22.186910152975518,
            "max_fuel": 141524.00390647544,
            "mission_fuel": 127369.27167184721,
            "reserve_fuel": 1288.9136976759037,
            "Mff": 0.8318452825866964
        },
        "altitude": {
            "MTOW": 2418795.464839627,
            "total_fuel": 313780.61469005496,
            "OEW": 1215526.8046847323,
            "EW": 1215101.8046847323,
            "ZFW": 2105014.850149572,
            "MTOM": 246564.26756774995,
            "S": 484.0402335238837,
            "b": 62.227982999540245,
            "MAC": 7.778497874942531,
            "fuel_economy": 0.13597981982646795,
            "h_b": 0.1606994075330046,
            "k": 1.6489814119554949,
            "WP": 0.09462125346256728,
            "TW": null,
            "WS": 4997.0828914598405,
            "P": 25562919.284265418,
            "T": null,
            "LD": 24.679583454125012,
            "max_fuel": 345158.6761590605,
            "mission_fuel": 309948.63945793157,
            "reserve_fuel": 3831.9752321233973,
            "Mff": 0.8702740189274915
        },
        "max": {
            "MTOM": 271226.05899891636,
            "S": 532.4233962893039,
            "b": 65.2639806502364,
            "MAC": 8.157997581279549,
            "fuel_economy": 0.06710847075808293,
            "OEW": 1300965.9158404593,
            "total_fuel": 470031.7453001308,
            "max_fuel": 517034.9198301439,
            "mission_fuel": 466086.16346414655,
            "reserve_fuel": 3945.5818359842524,
            "Mff": 0.8233446601412531,
            "MTOW": 2660727.6387793696,
            "LD": 24.94435048640688
        },
        "wing_design": {
            "taper_ratio": 0.4,
            "sweep_c_4": 0,
            "dihedral": 1,
            "sweep_x_c": 3.066485501125894,
            "chord_root": 11.654282258970786,
            "chord_tip": 4.661712903588315,
            "y_MAC": 13.985138710764945,
            "X_LEMAC": 29.338671089430377,
            "X_LE": 28.589467229925113,
            "MAC": 8.657466820949727,
            "S": 532.4233962893039,
            "b": 65.2639806502364,
            "aspect_ratio": 8
        },
        "cg_range": {
            "most_aft_cg": 31.760592179793832,
            "most_aft_mission": "DESIGN_OEW_PAYLOAD_FUEL",
            "most_forward_cg": 30.031268435106355,
            "most_forward_mission": "DESIGN_OEW"
        },
        "empennage_design": {
            "vertical_tail": {
                "S": 83.26674715293508,
                "l_v": 34.99856192162494,
                "mac": 11.941273556683253,
                "b": 11.175872258101496,
                "chord_root": 11.55128915566046,
                "chord_tip": 3.349873855141533,
                "sweep": 33,
                "taper": 0.29,
                "MAC": 8.20290771513852,
                "aspect_ratio": 1.5,
                "LE_pos": 63.22688193210543,
                "relative_pos_mac/4": 0.8891952632065049
            },
            "horizontal_tail": {
                "S": 107.56100802058837,
                "l_h": 38.568754380497694,
                "mac": 6.890369749157854,
                "b": 22.000557631402156,
                "chord_root": 7.5215581645819345,
                "chord_tip": 2.2564674493745804,
                "sweep": 21,
                "sweep_hc4": 30,
                "taper": 0.3,
                "MAC": 5.36152094808661,
                "sweep_c_4": 30,
                "aspect_ratio": 4.5,
                "tail_height": 8.832726010325398,
                "LE_pos": 67.25661292318395,
                "relative_pos_mac/4": 0.936748265725294
            }
        }
    },
    "kinematic_viscosity": 1.006e-06,
    "rho_water": 1000,
    "viscosity_air": 1.484e-05,
    "rho_air": 1.225
}