{
    "design_id": 2,
    "inputs": {
        "cruise_altitude": 8,
        "aircraft_type": "PROP",
        "wing_type": "HIGH",
        "tail_type": "H_TAIL",
        "n_wings": 1,
        "n_fuselages": 2,
        "depth": 0.1,
        "jet_consumption": 2.7e-05,
        "prop_consumption": 2.1e-08,
        "prop_efficiency": 0.85,
        "Cd0": 0.026101558674686564,
        "oswald_factor": 0.85,
        "aspect_ratio": 10,
        "aspect_h": 4.5,
        "aspect_v": 1.5,
        "sweep_h": 21,
        "sweep_hc4": 30,
        "taper_h": 0.3,
        "sweep_v": 33,
        "taper_v": 0.29,
        "h_position": 0.9707603019929922,
        "v_position": 0.7895117191734696,
        "tfo": 0.001,
        "n_engines": 6.0,
        "CLmax_clean": 1.5,
        "CLmax_takeoff": 1.7,
        "CLmax_landing": 1.7,
        "CL_hydro": 0.5,
        "r_float": 3.1024023952751247,
        "upsweep": 11,
        "xcg_OEW": 0.4,
        "xcg_payload": 0.55,
        "V_h": 0.9,
        "V_v": 0.083867,
        "k": 1.2261010000485446,
        "xc_OEW": 0.2,
        "xc_wing": 0.4,
        "xc_fuselage": 0.4,
        "mf_wing": 0.12,
        "mf_fuselage": 0.2,
        "engine_power": 8202000
    },
    "requirements": {
        "design_range": 3704000,
        "design_payload": 90000,
        "design_crew": 425,
        "ferry_range": 12038000,
        "reserve_range": 185200,
        "ferry_payload": 0,
        "ferry_crew": 170,
        "altitude_range_WIG": 943600,
        "altitude_range_WOG": 538000,
        "altitude_payload": 90000,
        "altitude_crew": 425,
        "cruise_speed": 115.749,
        "stall_speed_clean": 77.16,
        "stall_speed_takeoff": 61.9,
        "stall_speed_landing": 61.9,
        "stall_speed_high": 82.3,
        "high_altitude": 3048.0,
        "cargo_width": 3.5,
        "cargo_height": 4,
        "cargo_length": 7.32,
        "cargo_density": 160
    },
    "outputs": {
        "general": {
            "d_fuselage": 6.2048047905502495,
            "r_fuselage": 3.1024023952751247,
            "l_fuselage": 52.740840719677124,
            "l_tailcone": 27.921621557476122,
            "l_nose": 9.307207185825375,
            "l_cargo_straight": 8.74654837462985,
            "Re": 3407446264.9855022,
            "Cd_water": 0.0013218773711531056,
            "hull_surface": 224.16418708256532,
            "take_off_power": 47857314.10082371,
            "take_off_thrust": null,
            "V_lof": 64.995,
            "LD_g": 15.992677602827756
        },
        "design": {
            "MTOW": 2566950.627616764,
            "total_fuel": 409466.1587525544,
            "OEW": 1267848.2682365929,
            "EW": 1267423.2682365929,
            "ZFW": 2157484.4688642095,
            "MTOM": 261666.7306439107,
            "S": 721.0927569312789,
            "b": 84.91718064863429,
            "MAC": 8.491718064863429,
            "fuel_economy": 0.0737892179664293,
            "h_b": 0.0942094395844578,
            "k": 1.5849180455628133,
            "WP": 0.08909622795583105,
            "TW": null,
            "WS": 3559.8064228808703,
            "P": 28810991.065629795,
            "T": null,
            "LD": 25.34708332958993,
            "max_fuel": 450412.7746278099,
            "mission_fuel": 405642.18734221125,
            "reserve_fuel": 3823.9714103431324,
            "Mff": 0.8404853781185829
        },
        "ferry": {
            "MTOW": 767950.659151685,
            "total_fuel": 130487.70967049395,
            "OEW": 632525.7488220393,
            "EW": 632355.7488220393,
            "ZFW": 637462.949481191,
            "MTOM": 78282.43212555401,
            "S": 215.72820763950423,
            "b": 46.44655074809153,
            "MAC": 4.644655074809154,
            "fuel_economy": 0,
            "h_b": 0.17224099252039113,
            "k": 1.3656289412386518,
            "WP": 0.08909622795583115,
            "TW": null,
            "WS": 3559.8064228808703,
            "P": 8619339.749516571,
            "T": null,
            "LD": 21.840063382320768,
            "max_fuel": 143536.48063754334,
            "mission_fuel": 129176.24144746352,
            "reserve_fuel": 1311.4682230304315,
            "Mff": 0.8300832115768519
        },
        "altitude": {
            "MTOW": 2412755.0659939926,
            "total_fuel": 309879.44216886215,
            "OEW": 1213393.6187591364,
            "EW": 1212968.6187591364,
            "ZFW": 2102875.6238251305,
            "MTOM": 245948.52864362817,
            "S": 677.7770416070559,
            "b": 82.3272155248224,
            "MAC": 8.232721552482241,
            "fuel_economy": 0.13430021695363087,
            "h_b": 0.09717321239399779,
            "k": 1.5714126968319642,
            "WP": 0.08909622795583115,
            "TW": null,
            "WS": 3559.8064228808703,
            "P": 27080327.880885143,
            "T": null,
            "LD": 25.131096641423717,
            "max_fuel": 340867.3863857484,
            "mission_fuel": 306120.19913546427,
            "reserve_fuel": 3759.2430333978846,
            "Mff": 0.8715661417371432
        },
        "max": {
            "MTOM": 261666.7306439107,
            "S": 721.0927569312789,
            "b": 84.91718064863429,
            "MAC": 8.491718064863429,
            "fuel_economy": 0.0737892179664293,
            "OEW": 1267848.2682365929,
            "total_fuel": 409466.1587525544,
            "max_fuel": 450412.7746278099,
            "mission_fuel": 405642.18734221125,
            "reserve_fuel": 3823.9714103431324,
            "Mff": 0.8300832115768519,
            "MTOW": 1720912.5750032095,
            "LD": 25.34708332958993
        },
        "wing_design": {
            "taper_ratio": 0.4,
            "sweep_c_4": 0,
            "dihedral": 1,
            "sweep_x_c": 2.454031674527076,
            "chord_root": 12.131025806948628,
            "chord_tip": 4.852410322779452,
            "y_MAC": 18.19653871042294,
            "X_LEMAC": 20.37540675420076,
            "X_LE": 19.595555095182632,
            "MAC": 9.011619170876124,
            "S": 721.0927569313825,
            "b": 84.91718064864038,
            "aspect_ratio": 10
        },
        "cg_range": {
            "most_aft_cg": 24.455271839878318,
            "most_aft_mission": "ALTITUDE_OEW_PAYLOAD_FUEL",
            "most_forward_cg": 21.09633628787085,
            "most_forward_mission": "DESIGN_OEW"
        },
        "empennage_design": {
            "vertical_tail": {
                "S": 149.54631968968673,
                "l_v": 17.170070677290514,
                "mac": 14.401771856330363,
                "b": 10.59054954982342,
                "chord_root": 17.53089501592251,
                "chord_tip": 2.467546716558061,
                "abs_pos": 0.7895117139919796,
                "sweep": 33,
                "taper": 0.6118613661028153,
                "relative_pos_fus": 0.7895117191734696,
                "MAC": 14.40177185657428
            },
            "horizontal_tail": {
                "S": 218.75272364790328,
                "l_h": 26.735173320730187,
                "mac": 7.64605310200267,
                "b": 31.374946317333592,
                "chord_root": 10.726477373447382,
                "chord_tip": 3.2179432120342146,
                "abs_pos": 0.9707603006784519,
                "sweep": 21,
                "sweep_hc4": 30,
                "taper": 0.3,
                "relative_pos_fus": 0.9707603019929922,
                "MAC": 7.6460531020983895,
                "sweep_c_4": 30
            }
        }
    },
    "kinematic_viscosity": 1.006e-06,
    "rho_water": 1000,
    "viscosity_air": 1.48e-05,
    "rho_air": 1.225
}