{
    "design_id": 1,
    "inputs": {
        "cruise_altitude": 4,
        "aircraft_type": "PROP",
        "wing_type": "LOW",
        "tail_type": "T_TAIL",
        "n_wings": 1,
        "n_fuselages": 1,
        "depth": 0.1,
        "jet_consumption": 2.7e-05,
        "prop_consumption": 2.1e-08,
        "prop_efficiency": 0.85,
        "Cd0": 0.025295999133064073,
        "oswald_factor": 0.85,
        "aspect_ratio": 10,
        "aspect_h": 4.5,
        "aspect_v": 1.5,
        "sweep_h": 21,
        "sweep_hc4": 30,
        "taper_h": 0.3,
        "sweep_v": 33,
        "taper_v": 0.29,
        "tfo": 0.001,
        "n_engines": 6.0,
        "CLmax_clean": 1.5,
        "CLmax_takeoff": 1.7,
        "CLmax_landing": 1.7,
        "CL_hydro": 0.5,
        "r_float": 4.416363005162699,
        "upsweep": 11,
        "xcg_OEW": 0.4,
        "V_h": 0.9,
        "V_v": 0.083867,
        "h_position": 1.0502510064671011,
        "v_position": 0.8984733189371313,
        "xc_OEW": 0.2,
        "xc_wing": 0.4,
        "xc_fuselage": 0.4,
        "mf_wing": 0.08,
        "mf_fuselage": 0.08,
        "engine_power": 8202000
    },
    "requirements": {
        "design_range": 3704000,
        "design_payload": 90000,
        "design_crew": 425,
        "ferry_range": 12038000,
        "ferry_payload": 0,
        "reserve_range": 185200,
        "ferry_crew": 170,
        "altitude_range_WIG": 943600,
        "altitude_range_WOG": 538000,
        "altitude_payload": 90000,
        "altitude_crew": 425,
        "cruise_speed": 115.749,
        "stall_speed_clean": 77.16,
        "stall_speed_takeoff": 61.9,
        "stall_speed_landing": 61.9,
        "stall_speed_high": 82.3,
        "high_altitude": 3048.0,
        "cargo_width": 3.5,
        "cargo_height": 4,
        "cargo_length": 7.32,
        "cargo_density": 160
    },
    "outputs": {
        "general": {
            "d_fuselage": 8.832726010325398,
            "r_fuselage": 4.416363005162699,
            "l_fuselage": 75.07817108776588,
            "l_tailcone": 39.747267046464295,
            "l_nose": 13.249089015488098,
            "l_cargo_straight": 15.316351424067726,
            "LD_g": 16.245328012363547,
            "Re": 4850602117.146465,
            "Cd_water": 0.0012696487711144299,
            "hull_surface": 227.12738815886908,
            "take_off_power": 46574052.278447144,
            "take_off_thrust": null,
            "V_lof": 64.995,
            "xcg_payload": 0.44404883931977346
        },
        "design": {
            "MTOW": 2513956.6128632254,
            "total_fuel": 375240.1416587309,
            "OEW": 1249133.264591631,
            "EW": 1248708.264591631,
            "ZFW": 2138716.4712044946,
            "MTOM": 256264.6904039985,
            "S": 705.9207586570326,
            "b": 84.0190906078513,
            "MAC": 8.40190906078513,
            "h_b": 0.04760822773802093,
            "k": 1.8730323221499015,
            "WP": 0.0912302100672449,
            "TW": null,
            "WS": 3561.1738935188127,
            "P": 27556185.73069395,
            "T": null,
            "LD": 30.428024451084138,
            "max_fuel": 412764.15582460404,
            "mission_fuel": 372082.8828706996,
            "reserve_fuel": 3157.258788031293,
            "Mff": 0.8507372244458277,
            "fuel_economy": 0.0676845402240202
        },
        "ferry": {
            "MTOW": 745737.3768222759,
            "total_fuel": 116141.3314190611,
            "OEW": 624681.0580263925,
            "EW": 624511.0580263925,
            "ZFW": 629596.0454032149,
            "MTOM": 76018.08122551232,
            "S": 209.4077400094072,
            "b": 45.76109046006303,
            "MAC": 4.576109046006303,
            "fuel_economy": 0,
            "h_b": 0.08741050442167479,
            "k": 1.5361712273388575,
            "WP": 0.0912302100672449,
            "TW": null,
            "WS": 3561.1738935188127,
            "P": 8174237.199197505,
            "T": null,
            "LD": 24.955605471274833,
            "max_fuel": 127755.46456096722,
            "mission_fuel": 115007.90099620941,
            "reserve_fuel": 1133.4304228516849,
            "Mff": 0.844259742063673,
            "fuel_mission": 116627.08222187468,
            "fuel_reserve": 2339.5820760255447
        },
        "altitude": {
            "MTOW": 2398906.8868137887,
            "OEW": 1208503.090554415,
            "EW": 1208078.090554415,
            "ZFW": 2097971.247441229,
            "MTOM": 244536.88958346468,
            "S": 673.6281233499152,
            "b": 82.07485140710979,
            "MAC": 8.207485140710979,
            "h_b": 0.04873600050957262,
            "k": 1.8383236620731052,
            "WP": 0.0912302100672449,
            "TW": null,
            "WS": 3561.1738935188127,
            "P": 26295093.314435843,
            "T": null,
            "LD": 29.864170883266954,
            "Mff": 0.8745530136968924,
            "total_fuel": 300935.6393725598,
            "mission_fuel": 297780.0110698895,
            "reserve_fuel": 3155.6283026703168,
            "max_fuel": 331029.2033098158,
            "fuel_economy": 0.13064123244426465
        },
        "max": {
            "MTOM": 256264.6904039985,
            "S": 705.9207586570326,
            "b": 84.0190906078513,
            "MAC": 8.40190906078513,
            "fuel_economy": 0.0676845402240202,
            "OEW": 1249133.264591631,
            "total_fuel": 375240.1416587309,
            "max_fuel": 412764.15582460404,
            "mission_fuel": 372082.8828706996,
            "reserve_fuel": 3157.258788031293,
            "Mff": 0.844259742063673,
            "LD": 30.428024451084138
        },
        "wing_design": {
            "taper_ratio": 0.4,
            "sweep_c_4": 0,
            "dihedral": 5,
            "sweep_x_c": 2.454031674527076,
            "chord_root": 12.002727229693043,
            "chord_tip": 4.801090891877218,
            "y_MAC": 18.004090844539565,
            "X_LEMAC": 30.031268435106355,
            "X_LE": 29.259664541768945,
            "MAC": 8.916311656343405,
            "S": 705.9207586570326,
            "b": 84.0190906078513,
            "aspect_ratio": 10
        },
        "cg_range": {
            "most_aft_cg": 31.86003781400478,
            "most_aft_mission": "DESIGN_OEW_PAYLOAD_FUEL",
            "most_forward_cg": 30.031268435106355,
            "most_forward_mission": "DESIGN_OEW"
        },
        "empennage_design": {
            "vertical_tail": {
                "S": 139.8060363145319,
                "l_v": 35.57944054106832,
                "mac": 10.731668352743815,
                "b": 14.481334692347867,
                "chord_root": 11.43121790337781,
                "chord_tip": 7.963609931341223,
                "abs_pos": 0.888799218957035,
                "sweep": 33,
                "taper": 0.6966545471054363,
                "relative_pos_fus": 0.8984733189371313,
                "MAC": 9.763250041081466,
                "aspect_ratio": 1.5
            },
            "horizontal_tail": {
                "S": 120.57553181718067,
                "l_h": 46.98124449138413,
                "mac": 6.001306854000643,
                "b": 23.29355904917308,
                "chord_root": 7.963609931341223,
                "chord_tip": 2.389082979402367,
                "abs_pos": 1.0540257168049647,
                "sweep": 21,
                "sweep_hc4": 30,
                "taper": 0.3,
                "relative_pos_fus": 1.0502510064671011,
                "MAC": 5.676624515161179,
                "sweep_c_4": 30,
                "aspect_ratio": 4.5,
                "tail_height": 23.314060702673267
            }
        }
    },
    "kinematic_viscosity": 1.006e-06,
    "rho_water": 1000,
    "viscosity_air": 1.484e-05,
    "rho_air": 1.225
}