{
    "design_id": 4,
    "aircraft_type": "PROP",
    "cruise_altitude": 5,
    "n_wings": 2,
    "n_fuselages": 1,
    "depth": 0.05,
    "design_range": 5185600,
    "design_payload": 130000,
    "design_crew": 425,
    "ferry_range": 12038000,
    "ferry_payload": 0,
    "ferry_crew": 425,
    "altitude_range_WIG": 943600,
    "altitude_range_WOG": 538000,
    "altitude_payload": 120000,
    "altitude_crew": 425,
    "cruise_speed": 115.749,
    "jet_consumption": 2.7e-05,
    "prop_consumption": 2.18e-08,
    "prop_efficiency": 0.82,
    "Cd0": 0.023484175557793377,
    "oswald_factor": 0.85,
    "aspect_ratio": 6,
    "Cl_alpha": 5.0,
    "tfo": 0.001,
    "reserve_fuel": 0,
    "k": 1.462149772995137,
    "n_engines": 8,
    "CLmax_clean": 1.5,
    "CLmax_takeoff": 1.6,
    "CLmax_landing": 1.8,
    "stall_speed_clean": 77.16,
    "stall_speed_takeoff": 61.728,
    "stall_speed_landing": 51.44,
    "high_altitude": 3048.0,
    "L": 74,
    "r": 4.4,
    "design": {
        "take_off_power": 62004359.65465936,
        "take_off_thrust": null,
        "MTOM": 390517.9413789837,
        "MTOW": 3830981.0049278303,
        "OEW": 1714244.5873065584,
        "ZFW": 2997544.8183114864,
        "EW": 1713819.5873065584,
        "Fuel": 833436.1866163439,
        "Fuel_used": 833436.1866163439,
        "Fuel_reserve": 0.0,
        "S": 1149.4877444445667,
        "b": 58.72361733862876,
        "MAC": 19.574539112876252,
        "h_b": 0.08514461858109972,
        "k": 1.462147972046914,
        "WP": 0.07745536694056192,
        "TW": null,
        "WS": 3332.77241396741,
        "fuel_economy": 0.15369053671107544,
        "design_payload": 90000,
        "P": 49460497.78406792,
        "T": null,
        "Re": 4786692215.568862,
        "Cd": 0.001271553998858633,
        "hull_surface": 293.7086598417261,
        "stall_speed_clean": 77.16
    },
    "ferry": {
        "take_off_power": 62004359.65465936,
        "take_off_thrust": null,
        "MTOM": 86216.73515337444,
        "MTOW": 845786.1718546032,
        "OEW": 660013.6059077373,
        "ZFW": 665028.6420795918,
        "EW": 659588.6059077373,
        "Fuel": 180757.52977501144,
        "Fuel_used": 180757.52977501144,
        "Fuel_reserve": 0.0,
        "S": 253.76109103547577,
        "b": 27.59136229160183,
        "MAC": 9.197120763867277,
        "h_b": 0.18121613377248444,
        "k": 1.2114000953459652,
        "WP": 0.08297045914229956,
        "TW": null,
        "WS": 3332.77241396741,
        "ferry_payload": 0,
        "P": 10193822.965400573,
        "T": null,
        "Re": 4786692215.568862,
        "Cd": 0.001271553998858633,
        "hull_surface": 293.7086598417261,
        "stall_speed_clean": 77.16
    },
    "altitude": {
        "take_off_power": 62004359.65465936,
        "take_off_thrust": null,
        "MTOM": 315218.8459591456,
        "MTOW": 3092296.878859218,
        "OEW": 1453375.9557046029,
        "ZFW": 2637837.502583462,
        "EW": 1452950.9557046029,
        "Fuel": 454459.3762757564,
        "Fuel_used": 454459.3762757564,
        "Fuel_reserve": 0.0,
        "S": 927.8062575521126,
        "b": 52.75811570418657,
        "MAC": 17.58603856806219,
        "cruise_altitude": 5,
        "h_b": 0.09477214895306106,
        "k": 1.4186369795593339,
        "WP": 0.08573879221923653,
        "TW": null,
        "WS": 3332.77241396741,
        "fuel_economy": 0.31776056055183044,
        "altitude_payload": 90000,
        "P": 36066485.17921884,
        "T": null,
        "Re": 4786692215.568862,
        "Cd": 0.001271553998858633,
        "hull_surface": 293.7086598417261,
        "stall_speed_clean": 77.16
    },
    "max": {
        "MTOM": 390517.9413789837,
        "S": 1149.4877444445667,
        "b": 58.72361733862876,
        "MAC": 19.574539112876252,
        "fuel_economy": 0.15369053671107544
    },
    "gravitational_acceleration": 9.81,
    "kinematic_viscosity": 1.002e-06,
    "rho_water": 1000.0
}