{
    "aircraft_type": "MIXED",
    "cruise_altitude": 5,
    "design_range": 3704000,
    "design_payload": 90000,
    "design_crew": 425,
    "ferry_range": 12038000,
    "ferry_payload": 0,
    "ferry_crew": 425,
    "altitude_range_WIG": 943600,
    "altitude_range_WOG": 538000,
    "altitude_payload": 90000,
    "altitude_crew": 425,
    "cruise_speed": 115.749,
    "jet_consumption": 1.9e-05,
    "prop_consumption": 2.18e-08,
    "prop_efficiency": 0.82,
    "Cd0": 0.02,
    "oswald_factor": 0.85,
    "aspect_ratio": 10,
    "Cl_alpha": 5.0,
    "tfo": 0.001,
    "reserve_fuel": 0,
    "k": 1.6793707004607374,
    "n_engines": 8,
    "CLmax_clean": 1.5,
    "CLmax_takeoff": 1.6,
    "CLmax_landing": 1.8,
    "stall_speed_clean": 77.16,
    "stall_speed_takeoff": 61.728,
    "stall_speed_landing": 51.44,
    "high_altitude": 3048.0,
    "L": 70,
    "r": 4,
    "hull_surface": 251.32741228718345,
    "design": {
        "take_off_power": 53392355.25717556,
        "take_off_thrust": null,
        "MTOM": 265918.11911712145,
        "MTOW": 2608656.7485389616,
        "OEW": 1282576.9165321833,
        "ZFW": 2172254.823280722,
        "EW": 1282151.9165321833,
        "Fuel": 436401.9252582395,
        "Fuel_used": 436401.9252582395,
        "Fuel_reserve": 0.0,
        "S": 782.7542520172991,
        "aspect_ratio": 10,
        "b": 88.47340007128126,
        "MAC": 8.847340007128127,
        "cruise_altitude": 5,
        "h_b": 0.056514161273010864,
        "k": 1.6555736967470853,
        "WP": 0.12043515226478779,
        "TW": 0.13958073540568428,
        "WS": 3332.77241396741,
        "fuel_economy": 0.10942536790076865,
        "design_payload": 90000
    },
    "ferry": {
        "take_off_power": 53392355.25717556,
        "take_off_thrust": null,
        "MTOM": 78853.68716434181,
        "MTOW": 773554.6710821933,
        "OEW": 634504.823330617,
        "ZFW": 639447.6280016992,
        "EW": 634079.823330617,
        "Fuel": 134107.04308049407,
        "Fuel_used": 134107.04308049407,
        "Fuel_reserve": 0.0,
        "S": 232.09659616870698,
        "aspect_ratio": 10,
        "b": 48.176404615611055,
        "MAC": 4.817640461561105,
        "cruise_altitude": 5,
        "h_b": 0.10378524590811418,
        "k": 1.3838980141167456,
        "WP": 0.1169114736318014,
        "TW": 0.13859753138853734,
        "WS": 3332.77241396741,
        "fuel_economy": 0.01034664583464752,
        "ferry_payload": 0
    },
    "altitude": {
        "take_off_power": 53392355.25717556,
        "take_off_thrust": null,
        "MTOM": 290776.7727282858,
        "MTOW": 2852520.140464484,
        "OEW": 1368698.0434176335,
        "ZFW": 2258619.813558098,
        "EW": 1368273.0434176335,
        "Fuel": 593900.3269063864,
        "Fuel_used": 593900.3269063864,
        "Fuel_reserve": 0.0,
        "S": 855.8715031173136,
        "aspect_ratio": 10,
        "b": 92.5133235332789,
        "MAC": 9.251332353327891,
        "cruise_altitude": 5,
        "h_b": 0.05404626932683268,
        "k": 1.6793707004607374,
        "WP": 0.12067252158084732,
        "TW": 0.13974969344131,
        "WS": 3332.77241396741,
        "fuel_economy": 0.3722930514666142,
        "altitude_payload": 90000
    },
    "gravitational_acceleration": 9.81,
    "kinematic_viscosity": 1.002e-06,
    "rho_water": 1000.0,
    "MTOW": 2852520.140464484,
    "fuel_used": 593900.3269063864,
    "fuel_res": 0.0,
    "fuel": 593900.3269063864,
    "OEW": 1368698.0434176335,
    "ZFW": 2258619.813558098,
    "EW": 1368273.0434176335,
    "MTOM": 290776.7727282858,
    "TW": 0.13700950337383333,
    "WP": 0.12313522610290543,
    "WS": 3400.7881775177657
}