{
    "design_id": 2,
    "inputs": {
        "cruise_altitude": 8,
        "aircraft_type": "PROP",
        "wing_type": "HIGH",
        "n_wings": 1,
        "n_fuselages": 2,
        "depth": 0.05,
        "jet_consumption": 2.7e-05,
        "prop_consumption": 2.1e-08,
        "prop_efficiency": 0.82,
        "Cd0": 0.02315328094587206,
        "oswald_factor": 0.85,
        "aspect_ratio": 10,
        "tfo": 0.001,
        "reserve_fuel": 0,
        "n_engines": 8,
        "CLmax_clean": 1.5,
        "CLmax_takeoff": 1.7,
        "CLmax_landing": 1.7,
        "CL_hydro": 0.5,
        "r_float": 3.1,
        "upsweep": 11,
        "k": 1.2280754426283018
    },
    "requirements": {
        "design_range": 3704000,
        "design_payload": 90000,
        "design_crew": 425,
        "ferry_range": 12038000,
        "reserve_range": 185200,
        "ferry_payload": 0,
        "ferry_crew": 425,
        "altitude_range_WIG": 943600,
        "altitude_range_WOG": 538000,
        "altitude_payload": 90000,
        "altitude_crew": 425,
        "cruise_speed": 115.749,
        "stall_speed_clean": 77.16,
        "stall_speed_takeoff": 61.9,
        "stall_speed_landing": 61.9,
        "stall_speed_high": 82.3,
        "high_altitude": 3048.0,
        "cargo_width": 3.5,
        "cargo_height": 4,
        "cargo_length": 7.32,
        "cargo_density": 160
    },
    "outputs": {
        "general": {
            "d_fuselage": 6.2048047905502495,
            "r_fuselage": 3.1024023952751247,
            "l_fuselage": 52.740840719677124,
            "l_tailcone": 27.921621557476122,
            "l_nose": 9.307207185825375,
            "l_cargo_straight": 8.74654837462985,
            "Re": 3407446264.9855022,
            "Cd": 0.0013218773711531056,
            "hull_surface": 70.13639222689177,
            "take_off_power": 31042778.22612376,
            "take_off_thrust": null,
            "V_lof": 64.995,
            "LD_g": 16.980408453954233
        },
        "design": {
            "MTOW": 2646927.0278857946,
            "total_fuel": 461118.6643315453,
            "fuel_mission": 435795.1987260247,
            "fuel_reserve": 25323.465605520585,
            "OEW": 1296092.1865263632,
            "EW": 1295667.1865263632,
            "ZFW": 2185808.3635542495,
            "MTOM": 269819.2688976345,
            "S": 743.5592595351567,
            "b": 86.2298822645118,
            "MAC": 8.62298822645118,
            "fuel_economy": 0.1625122465499339,
            "h_b": 0.09277526293564739,
            "k": 1.4270647934604097,
            "WP": 0.09392948775847626,
            "TW": null,
            "WS": 3559.8064228808703,
            "P": 28179936.791435704,
            "T": null,
            "LD": 24.232143083215593
        },
        "ferry": {
            "MTOW": 789961.4789238559,
            "total_fuel": 144703.32811863354,
            "fuel_mission": 141800.7471701317,
            "fuel_reserve": 2902.5809485018253,
            "OEW": 640298.9393262984,
            "EW": 639873.9393262984,
            "ZFW": 645258.1508052223,
            "MTOM": 80526.14464055616,
            "S": 221.91135839159563,
            "b": 47.10746845157311,
            "MAC": 4.710746845157312,
            "fuel_economy": 0,
            "h_b": 0.1698244516837934,
            "k": 1.2280786452286754,
            "WP": 0.09392948775847626,
            "TW": null,
            "WS": 3559.8064228808703,
            "P": 8410154.231385864,
            "T": null,
            "LD": 20.853277009561662
        },
        "altitude": {
            "MTOW": 2465683.634032924,
            "total_fuel": 344063.190708712,
            "fuel_mission": 319524.12252330873,
            "fuel_reserve": 24539.068185403245,
            "OEW": 1232085.509690179,
            "EW": 1231660.509690179,
            "ZFW": 2121620.443324212,
            "MTOM": 251343.8974549362,
            "S": 692.6454253761202,
            "b": 83.2253221907924,
            "MAC": 8.32253221907924,
            "fuel_economy": 0.2978840928603506,
            "h_b": 0.0961245903219234,
            "k": 1.4130896225468494,
            "WP": 0.09392948775847626,
            "TW": null,
            "WS": 3559.8064228808703,
            "P": 26250368.15246998,
            "T": null,
            "LD": 23.994838972889518
        },
        "max": {
            "MTOM": 269819.2688976345,
            "S": 743.5592595351567,
            "b": 86.2298822645118,
            "MAC": 8.62298822645118,
            "fuel_economy": 0.1625122465499339
        },
        "wing_design": {
            "taper_ratio": 0.4,
            "sweep_c_4": 0,
            "dihedral": 1,
            "sweep_x_c": 2.454031674527076,
            "chord_root": 12.318554609215973,
            "chord_tip": 4.927421843686389,
            "y_MAC": 18.47783191382396,
            "X_LEMAC": 21.056440000000002,
            "X_LE": 20.264532917978975,
            "MAC": 9.150926281131865,
            "S": 743.5592595351567,
            "b": 86.2298822645118,
            "aspect_ratio": 10
        }
    },
    "kinematic_viscosity": 1.006e-06,
    "rho_water": 1000,
    "viscosity_air": 1.48e-05,
    "rho_air": 1.225
}