{
    "design_id": 3,
    "inputs": {
        "cruise_altitude": 10,
        "aircraft_type": "PROP",
        "wing_type": "HIGH",
        "n_wings": 1,
        "n_fuselages": 1,
        "depth": 0.15,
        "jet_consumption": 2.7e-05,
        "prop_consumption": 2.1e-08,
        "prop_efficiency": 0.82,
        "Cd0": 0.028115017191112573,
        "oswald_factor": 0.85,
        "aspect_ratio": 10,
        "Cl_alpha": 5.0,
        "tfo": 0.001,
        "reserve_fuel": 0,
        "n_engines": 8,
        "CLmax_clean": 1.5,
        "CLmax_takeoff": 1.7,
        "CLmax_landing": 1.7,
        "r_float": 1.5,
        "upsweep": 11,
        "k": 1.1772378296630657
    },
    "requirements": {
        "design_range": 3704000,
        "design_payload": 90000,
        "design_crew": 425,
        "ferry_range": 12038000,
        "reserve_range": 185200,
        "ferry_payload": 0,
        "ferry_crew": 425,
        "altitude_range_WIG": 943600,
        "altitude_range_WOG": 538000,
        "altitude_payload": 90000,
        "altitude_crew": 425,
        "cruise_speed": 115.749,
        "stall_speed_clean": 77.16,
        "stall_speed_takeoff": 61.9,
        "stall_speed_landing": 61.9,
        "stall_speed_high": 82.3,
        "high_altitude": 3048.0,
        "cargo_width": 3.5,
        "cargo_height": 4,
        "cargo_length": 7.32,
        "cargo_density": 160
    },
    "outputs": {
        "general": {
            "d_fuselage": 8.832726010325398,
            "r_fuselage": 4.416363005162699,
            "l_fuselage": 75.07817108776588,
            "l_tailcone": 39.747267046464295,
            "l_nose": 13.249089015488098,
            "l_cargo_straight": 15.316351424067726,
            "Re": 4850602117.146465,
            "Cd": 0.0012696487711144299,
            "hull_surface": 358.30253673344384,
            "take_off_power": 76160445.50231826,
            "take_off_thrust": null,
            "V_lof": 64.995,
            "LD_g": 15.40938218960205
        },
        "design": {
            "MTOW": 2655398.5094688437,
            "total_fuel": 466589.94396227103,
            "OEW": 1299083.916997104,
            "EW": 1298658.916997104,
            "ZFW": 2188808.565506573,
            "MTOM": 270682.824614561,
            "S": 746.0810181822919,
            "b": 86.37598151004084,
            "MAC": 8.637598151004086,
            "fuel_economy": 0.1661677441368147,
            "h_b": 0.11577292466236742,
            "k": 1.3446582866877612,
            "WP": 0.08123116348289106,
            "TW": null,
            "WS": 3559.122838225619,
            "P": 32689406.326527935,
            "T": null,
            "LD": 20.720353453987194,
            "max_fuel": 513248.93835849816,
            "mission_fuel": 456737.77995617484,
            "reserve_fuel": 9852.164006096194,
            "fuel_mission": 456737.77995617484,
            "fuel_reserve": 9852.164006096194
        },
        "ferry": {
            "MTOW": 814865.044861637,
            "total_fuel": 160787.21754365004,
            "OEW": 649093.7122731254,
            "EW": 648668.7122731254,
            "ZFW": 654077.827317987,
            "MTOM": 83064.73444053385,
            "S": 228.9502320912529,
            "b": 47.84874419368317,
            "MAC": 4.784874419368317,
            "fuel_economy": 0,
            "h_b": 0.20899190080144606,
            "k": 1.1777310399324457,
            "WP": 0.08123116348289106,
            "TW": null,
            "WS": 3559.122838225619,
            "P": 10031433.872460343,
            "T": null,
            "LD": 18.14810771087653,
            "max_fuel": 176865.93929801506,
            "mission_fuel": 157424.75522181156,
            "reserve_fuel": 3362.4623218384804,
            "fuel_mission": 157424.75522181156,
            "fuel_reserve": 3362.4623218384804
        },
        "altitude": {
            "MTOW": 2439999.511883858,
            "total_fuel": 327475.18151933246,
            "OEW": 1223015.080852642,
            "EW": 1222590.080852642,
            "ZFW": 2112524.330364526,
            "MTOM": 248725.74025319653,
            "S": 685.5619615539487,
            "b": 82.79866916526791,
            "MAC": 8.27986691652679,
            "fuel_economy": 0.27890384309638055,
            "h_b": 0.12077488806057723,
            "k": 1.330207708367663,
            "WP": 0.08123116348289106,
            "TW": null,
            "WS": 3559.122838225619,
            "P": 30037726.99128915,
            "T": null,
            "LD": 20.497678969792027,
            "max_fuel": 360222.6996712657,
            "mission_fuel": 317862.8520674256,
            "reserve_fuel": 9612.329451906844,
            "fuel_mission": 317862.8520674256,
            "fuel_reserve": 9612.329451906844
        },
        "max": {
            "MTOM": 270682.824614561,
            "S": 746.0810181822919,
            "b": 86.37598151004084,
            "MAC": 8.637598151004086,
            "fuel_economy": 0.1661677441368147,
            "OEW": 1299083.916997104,
            "total_fuel": 466589.94396227103,
            "max_fuel": 513248.93835849816,
            "mission_fuel": 456737.77995617484,
            "reserve_fuel": 9852.164006096194
        },
        "wing_design": {
            "taper_ratio": 0.4,
            "sweep_c_4": 0,
            "dihedral": 1,
            "sweep_x_c": 2.454031674527076,
            "chord_root": 12.339425930005838,
            "chord_tip": 4.935770372002335,
            "y_MAC": 18.509138895008753,
            "X_LEMAC": 21.056440000000002,
            "X_LE": 20.263191190213913,
            "MAC": 9.16643069086148,
            "S": 746.0810181822919,
            "b": 86.37598151004084,
            "aspect_ratio": 10
        },
        "cg_range": {},
        "empennage_design": {
            "S_h": 254.24929313603937,
            "S_v": 189.7660012763938
        }
    },
    "kinematic_viscosity": 1.006e-06,
    "rho_water": 1000
}