{
    "design_id": 3,
    "inputs": {
        "cruise_altitude": 10,
        "aircraft_type": "PROP",
        "wing_type": "HIGH",
        "n_wings": 1,
        "n_fuselages": 1,
        "depth": 0.15,
        "jet_consumption": 2.7e-05,
        "prop_consumption": 2.1e-08,
        "prop_efficiency": 0.82,
        "Cd0": 0.028115017191112573,
        "oswald_factor": 0.85,
        "aspect_ratio": 10,
        "Cl_alpha": 5.0,
        "tfo": 0.001,
        "reserve_fuel": 0,
        "n_engines": 8,
        "CLmax_clean": 1.5,
        "CLmax_takeoff": 1.7,
        "CLmax_landing": 1.7,
        "r_float": 1.5,
        "upsweep": 11,
        "k": 1.33340207896453
    },
    "requirements": {
        "design_range": 3704000,
        "design_payload": 90000,
        "design_crew": 425,
        "ferry_range": 12038000,
        "reserve_range": 185200,
        "ferry_payload": 0,
        "ferry_crew": 425,
        "altitude_range_WIG": 943600,
        "altitude_range_WOG": 538000,
        "altitude_payload": 90000,
        "altitude_crew": 425,
        "cruise_speed": 115.749,
        "stall_speed_clean": 77.16,
        "stall_speed_takeoff": 61.9,
        "stall_speed_landing": 61.9,
        "stall_speed_high": 82.3,
        "high_altitude": 3048.0,
        "cargo_width": 3.5,
        "cargo_height": 4,
        "cargo_length": 7.32,
        "cargo_density": 160
    },
    "outputs": {
        "general": {
            "d_fuselage": 8.832726010325398,
            "r_fuselage": 4.416363005162699,
            "l_fuselage": 75.07817108776588,
            "l_tailcone": 39.747267046464295,
            "l_nose": 13.249089015488098,
            "l_cargo_straight": 15.316351424067726,
            "Re": 4850602117.146465,
            "Cd": 0.0012696487711144299,
            "hull_surface": 358.30253673344384,
            "take_off_power": 76160445.50231826,
            "take_off_thrust": null,
            "V_lof": 64.995,
            "LD_g": 15.40938218960205
        },
        "design": {
            "MTOW": 2707181.959819762,
            "total_fuel": 500034.12185915944,
            "fuel_mission": 475177.42177116446,
            "fuel_reserve": 24856.700087994977,
            "OEW": 1317371.406000783,
            "EW": 1316946.406000783,
            "ZFW": 2207147.8379606027,
            "MTOM": 275961.46379406337,
            "S": 760.6317828104806,
            "b": 87.21420657269552,
            "MAC": 8.721420657269551,
            "fuel_economy": 0.17719825860308608,
            "h_b": 0.11466021870719785,
            "k": 1.3480146176391,
            "WP": 0.08123116348289106,
            "TW": null,
            "WS": 3559.122838225619,
            "P": 33326888.890246537,
            "T": null,
            "LD": 20.772072440371165
        },
        "ferry": {
            "MTOW": 820789.7514127955,
            "total_fuel": 164613.67056176742,
            "fuel_mission": 161880.00197596636,
            "fuel_reserve": 2733.6685858010605,
            "OEW": 651186.0410996154,
            "EW": 650761.0410996154,
            "ZFW": 656176.0808510281,
            "MTOM": 83668.6800624664,
            "S": 230.61573655665345,
            "b": 48.02246729986428,
            "MAC": 4.802246729986429,
            "fuel_economy": 0,
            "h_b": 0.20823586463305815,
            "k": 1.178537228635726,
            "WP": 0.08123116348289106,
            "TW": null,
            "WS": 3559.122838225619,
            "P": 10104370.246840926,
            "T": null,
            "LD": 18.160530580722316
        },
        "altitude": {
            "MTOW": 2486503.008033975,
            "total_fuel": 357509.3176677012,
            "fuel_mission": 333585.6471845584,
            "fuel_reserve": 23923.670483142836,
            "OEW": 1239437.9373582401,
            "EW": 1239012.9373582401,
            "ZFW": 2128993.6903662737,
            "MTOM": 253466.15780162843,
            "S": 698.6280391771056,
            "b": 83.58397209854922,
            "MAC": 8.358397209854923,
            "fuel_economy": 0.31099328938946164,
            "h_b": 0.11964016244896276,
            "k": 1.3333976715342182,
            "WP": 0.08123116348289106,
            "TW": null,
            "WS": 3559.122838225619,
            "P": 30610210.434295744,
            "T": null,
            "LD": 20.546834331396227
        },
        "max": {
            "MTOM": 275961.46379406337,
            "S": 760.6317828104806,
            "b": 87.21420657269552,
            "MAC": 8.721420657269551,
            "fuel_economy": 0.17719825860308608
        },
        "wing_design": {
            "taper_ratio": 0.4,
            "sweep_c_4": 0,
            "dihedral": 1,
            "sweep_x_c": 2.454031674527076,
            "chord_root": 12.45917236752793,
            "chord_tip": 4.983668947011172,
            "y_MAC": 18.688758551291897,
            "X_LEMAC": 21.056440000000002,
            "X_LE": 20.255493204944635,
            "MAC": 9.255385187306462,
            "S": 760.6317828104806,
            "b": 87.21420657269552,
            "aspect_ratio": 10
        }
    },
    "kinematic_viscosity": 1.006e-06,
    "rho_water": 1000
}