{
    "design_id": 1,
    "aircraft_type": "PROP",
    "cruise_altitude": 4,
    "n_wings": 1,
    "design_range": 5185600,
    "design_payload": 200000,
    "design_crew": 425,
    "ferry_range": 12038000,
    "ferry_payload": 0,
    "ferry_crew": 425,
    "altitude_range_WIG": 943600,
    "altitude_range_WOG": 538000,
    "altitude_payload": 200000,
    "altitude_crew": 425,
    "cruise_speed": 115.749,
    "jet_consumption": 2.7e-05,
    "prop_consumption": 2.1e-08,
    "prop_efficiency": 0.82,
    "Cd0": 0.02,
    "oswald_factor": 0.85,
    "aspect_ratio": 12,
    "Cl_alpha": 5.0,
    "tfo": 0.001,
    "reserve_fuel": 0,
    "k": 2.016991471724409,
    "n_engines": 8,
    "CLmax_clean": 1.5,
    "CLmax_takeoff": 1.6,
    "CLmax_landing": 1.8,
    "stall_speed_clean": 77.16,
    "stall_speed_takeoff": 61.728,
    "stall_speed_landing": 51.44,
    "high_altitude": 3048.0,
    "L": 70,
    "r": 4,
    "hull_surface": 251.32741228718345,
    "design": {
        "take_off_power": 53392355.25717556,
        "take_off_thrust": null,
        "MTOM": 491781.43734712596,
        "MTOW": 4824375.900375306,
        "OEW": 2065065.131393465,
        "ZFW": 4036058.7572938404,
        "EW": 2064640.131393465,
        "Fuel": 788317.1430814654,
        "Fuel_used": 788317.1430814654,
        "Fuel_reserve": 0.0,
        "S": 1447.3803500050703,
        "aspect_ratio": 12,
        "b": 131.78984862295292,
        "MAC": 10.982487385246076,
        "cruise_altitude": 4,
        "h_b": 0.03035135135061797,
        "k": 2.04047861067412,
        "WP": 0.10625661840691795,
        "TW": null,
        "WS": 3333.092421384543,
        "fuel_economy": 0.09449070774320456,
        "design_payload": 90000,
        "P": 45403062.62994352,
        "T": null
    },
    "ferry": {
        "take_off_power": 53392355.25717556,
        "take_off_thrust": null,
        "MTOM": 74563.76196904253,
        "MTOW": 731470.5049163073,
        "OEW": 619642.6671634965,
        "ZFW": 624543.3876684128,
        "EW": 619217.6671634965,
        "Fuel": 106927.1172478945,
        "Fuel_used": 106927.1172478945,
        "Fuel_reserve": 0.0,
        "S": 219.45049509000796,
        "aspect_ratio": 12,
        "b": 51.31672184658813,
        "MAC": 4.276393487215677,
        "cruise_altitude": 4,
        "h_b": 0.07794730169939618,
        "k": 1.500149381862434,
        "WP": 0.10625661840691795,
        "TW": null,
        "WS": 3333.092421384543,
        "ferry_payload": 0,
        "P": 6883999.471120794,
        "T": null
    },
    "altitude": {
        "take_off_power": 53392355.25717556,
        "take_off_thrust": null,
        "MTOM": 460402.34001815994,
        "MTOW": 4516546.955578149,
        "OEW": 1956354.3675327434,
        "ZFW": 3927040.1644883216,
        "EW": 1955929.3675327434,
        "Fuel": 589506.7910898275,
        "Fuel_used": 589506.7910898275,
        "Fuel_reserve": 0.0,
        "S": 1355.029750620472,
        "aspect_ratio": 12,
        "b": 127.51610489442369,
        "MAC": 10.626342074535307,
        "cruise_altitude": 4,
        "h_b": 0.03136858676252525,
        "k": 2.016991471724409,
        "WP": 0.10625661840691795,
        "TW": null,
        "WS": 3333.092421384543,
        "fuel_economy": 0.24731188506338753,
        "altitude_payload": 90000,
        "P": 42506029.490621306,
        "T": null
    },
    "gravitational_acceleration": 9.81,
    "kinematic_viscosity": 1.002e-06,
    "rho_water": 1000.0
}